,Q1,Q2,Q3,Q4,Q5,Q6,Q7,Q8,Q9,Q10,Q11,Q12,Q13,Q14,Q15,Q16,Q17,Q18,Q19,Q20,Q21,Q22,Q23,Q24,Q25,Q26,Q27,Q28,Q29,Q30,Q31,Q32
0,2.0,4.0,2.0,2.0,2.0,2.0,4.0,3.0,3.0,3.0,4.0,4.0,1.0,3.0,3.0,1.0,2.0,3.0,4.0,4.0,4.0,2.0,2.0,4.0,2.0,4.0,4.0,3.0,4.0,3.0,3.0,3.0
1,2.0,2.0,3.0,3.0,2.0,4.0,4.0,2.0,4.0,2.0,4.0,4.0,2.0,3.0,2.0,2.0,2.0,3.0,2.0,2.0,2.0,3.0,4.0,4.0,3.0,3.0,2.0,3.0,4.0,2.0,3.0,3.0
8,1.0,1.0,2.0,2.0,2.0,3.0,4.0,1.0,2.0,2.0,3.0,3.0,1.0,3.0,2.0,1.0,1.0,3.0,3.0,2.0,2.0,2.0,1.0,3.0,2.0,3.0,2.0,2.0,4.0,2.0,4.0,2.0
11,1.0,1.0,3.0,3.0,3.0,1.0,1.0,5.0,5.0,3.0,1.0,3.0,1.0,5.0,5.0,3.0,1.0,3.0,3.0,3.0,1.0,3.0,1.0,5.0,1.0,5.0,1.0,5.0,5.0,3.0,5.0,5.0
13,4.0,2.0,4.0,2.0,2.0,4.0,2.0,2.0,4.0,2.0,4.0,2.0,2.0,2.0,1.0,2.0,2.0,1.0,2.0,2.0,2.0,2.0,2.0,4.0,4.0,2.0,2.0,1.0,2.0,1.0,1.0,2.0
16,1.0,3.0,1.0,3.0,1.0,1.0,3.0,4.0,3.0,3.0,3.0,3.0,1.0,2.0,1.0,1.0,1.0,2.0,3.0,3.0,3.0,3.0,1.0,3.0,1.0,3.0,1.0,2.0,1.0,1.0,3.0,3.0
21,1.0,4.0,3.0,2.0,1.0,4.0,4.0,3.0,2.0,2.0,3.0,3.0,1.0,2.0,2.0,3.0,1.0,2.0,5.0,3.0,3.0,3.0,2.0,5.0,3.0,4.0,1.0,2.0,4.0,2.0,2.0,4.0
22,2.0,2.0,4.0,4.0,4.0,4.0,4.0,2.0,4.0,3.0,2.0,2.0,2.0,2.0,2.0,3.0,4.0,2.0,2.0,2.0,4.0,3.0,2.0,5.0,4.0,2.0,4.0,2.0,4.0,2.0,2.0,2.0
24,1.0,2.0,4.0,4.0,2.0,2.0,2.0,2.0,4.0,1.0,3.0,1.0,1.0,4.0,1.0,4.0,1.0,2.0,2.0,5.0,4.0,4.0,4.0,2.0,1.0,5.0,4.0,2.0,4.0,1.0,3.0,5.0
33,1.0,4.0,5.0,5.0,5.0,2.0,2.0,4.0,1.0,5.0,2.0,5.0,4.0,5.0,5.0,5.0,1.0,5.0,5.0,5.0,5.0,5.0,5.0,2.0,1.0,5.0,1.0,5.0,5.0,5.0,5.0,5.0
34,2.0,2.0,4.0,4.0,2.0,4.0,2.0,2.0,3.0,4.0,4.0,2.0,2.0,2.0,2.0,2.0,3.0,1.0,2.0,2.0,4.0,4.0,4.0,4.0,4.0,4.0,3.0,2.0,4.0,3.0,4.0,2.0
36,1.0,2.0,5.0,4.0,1.0,1.0,2.0,4.0,1.0,4.0,2.0,3.0,1.0,4.0,4.0,4.0,1.0,4.0,3.0,4.0,4.0,5.0,4.0,1.0,1.0,4.0,1.0,4.0,4.0,3.0,4.0,4.0
37,1.0,1.0,5.0,5.0,4.0,4.0,5.0,4.0,5.0,5.0,3.0,4.0,4.0,5.0,3.0,5.0,1.0,4.0,4.0,5.0,5.0,5.0,3.0,5.0,1.0,5.0,4.0,5.0,5.0,4.0,5.0,5.0
38,2.0,2.0,1.0,3.0,3.0,2.0,4.0,2.0,2.0,3.0,3.0,3.0,3.0,3.0,3.0,2.0,3.0,1.0,3.0,2.0,2.0,1.0,2.0,4.0,2.0,2.0,3.0,5.0,2.0,3.0,5.0,2.0
40,1.0,4.0,1.0,3.0,1.0,1.0,1.0,3.0,1.0,3.0,1.0,3.0,1.0,4.0,1.0,3.0,1.0,3.0,4.0,3.0,3.0,3.0,1.0,2.0,1.0,5.0,4.0,3.0,4.0,1.0,4.0,3.0
41,1.0,2.0,5.0,4.0,3.0,3.0,4.0,4.0,1.0,4.0,4.0,4.0,3.0,4.0,2.0,1.0,2.0,2.0,4.0,4.0,2.0,5.0,3.0,5.0,5.0,4.0,2.0,2.0,5.0,1.0,2.0,4.0
46,3.0,2.0,1.0,1.0,4.0,4.0,5.0,2.0,5.0,1.0,5.0,5.0,1.0,1.0,4.0,1.0,2.0,2.0,4.0,5.0,3.0,1.0,1.0,5.0,2.0,5.0,2.0,5.0,5.0,2.0,5.0,5.0
50,1.0,1.0,5.0,5.0,2.0,1.0,1.0,5.0,1.0,5.0,2.0,2.0,1.0,2.0,2.0,1.0,2.0,3.0,2.0,5.0,5.0,5.0,2.0,5.0,5.0,5.0,5.0,5.0,5.0,2.0,5.0,5.0
53,1.0,4.0,5.0,3.0,1.0,5.0,1.0,4.0,1.0,4.0,5.0,4.0,1.0,5.0,3.0,4.0,5.0,5.0,4.0,4.0,5.0,4.0,4.0,4.0,5.0,4.0,4.0,5.0,4.0,1.0,5.0,5.0
57,1.0,1.0,4.0,4.0,4.0,1.0,1.0,5.0,1.0,4.0,5.0,4.0,1.0,4.0,5.0,4.0,1.0,4.0,4.0,5.0,4.0,4.0,5.0,5.0,1.0,5.0,2.0,5.0,1.0,4.0,5.0,5.0
58,2.0,5.0,4.0,4.0,5.0,4.0,4.0,4.0,2.0,2.0,4.0,4.0,2.0,2.0,2.0,2.0,1.0,4.0,5.0,4.0,4.0,4.0,4.0,5.0,4.0,5.0,1.0,2.0,4.0,2.0,2.0,5.0
60,3.0,3.0,2.0,3.0,3.0,3.0,3.0,3.0,3.0,3.0,3.0,3.0,3.0,3.0,3.0,3.0,3.0,3.0,3.0,3.0,3.0,2.0,3.0,3.0,3.0,3.0,3.0,3.0,3.0,3.0,3.0,3.0
63,1.0,4.0,1.0,4.0,3.0,3.0,4.0,4.0,3.0,4.0,2.0,2.0,3.0,4.0,4.0,1.0,3.0,4.0,5.0,4.0,4.0,4.0,3.0,5.0,3.0,4.0,4.0,2.0,4.0,2.0,4.0,4.0
64,2.0,1.0,2.0,1.0,1.0,1.0,2.0,1.0,4.0,2.0,1.0,1.0,2.0,4.0,1.0,2.0,3.0,1.0,3.0,2.0,2.0,3.0,1.0,3.0,3.0,4.0,4.0,4.0,4.0,1.0,4.0,2.0
67,1.0,1.0,1.0,5.0,2.0,4.0,4.0,3.0,1.0,1.0,2.0,2.0,3.0,2.0,3.0,1.0,2.0,3.0,2.0,3.0,4.0,4.0,3.0,2.0,5.0,4.0,3.0,2.0,3.0,1.0,3.0,2.0
70,1.0,5.0,1.0,5.0,5.0,3.0,5.0,5.0,5.0,1.0,2.0,2.0,1.0,1.0,5.0,1.0,1.0,4.0,5.0,1.0,5.0,3.0,1.0,5.0,3.0,5.0,5.0,1.0,5.0,1.0,2.0,5.0
71,1.0,1.0,5.0,4.0,3.0,3.0,1.0,5.0,1.0,4.0,3.0,3.0,1.0,4.0,3.0,5.0,1.0,3.0,1.0,5.0,1.0,4.0,5.0,5.0,1.0,5.0,1.0,5.0,3.0,3.0,5.0,5.0
72,2.0,4.0,1.0,5.0,2.0,3.0,2.0,3.0,4.0,3.0,2.0,3.0,2.0,3.0,5.0,2.0,2.0,3.0,2.0,3.0,5.0,5.0,3.0,2.0,1.0,5.0,5.0,3.0,5.0,2.0,5.0,5.0
75,1.0,2.0,1.0,3.0,5.0,1.0,5.0,2.0,3.0,2.0,1.0,1.0,1.0,1.0,1.0,1.0,3.0,3.0,5.0,2.0,2.0,1.0,1.0,5.0,3.0,3.0,3.0,1.0,3.0,1.0,2.0,5.0
77,1.0,2.0,1.0,4.0,2.0,2.0,2.0,5.0,2.0,1.0,5.0,5.0,2.0,2.0,2.0,1.0,2.0,5.0,5.0,5.0,4.0,4.0,1.0,5.0,1.0,5.0,2.0,4.0,2.0,2.0,4.0,1.0
79,2.0,3.0,5.0,5.0,5.0,5.0,5.0,1.0,1.0,5.0,5.0,5.0,2.0,5.0,1.0,1.0,5.0,1.0,5.0,5.0,5.0,5.0,5.0,5.0,5.0,1.0,5.0,1.0,5.0,4.0,1.0,3.0
80,1.0,5.0,1.0,1.0,1.0,1.0,1.0,1.0,1.0,3.0,2.0,2.0,1.0,1.0,1.0,1.0,1.0,2.0,2.0,1.0,5.0,3.0,1.0,5.0,5.0,2.0,1.0,1.0,5.0,1.0,2.0,1.0
82,2.0,3.0,2.0,2.0,4.0,2.0,2.0,4.0,2.0,4.0,4.0,4.0,1.0,2.0,4.0,2.0,2.0,5.0,4.0,4.0,2.0,4.0,2.0,4.0,2.0,4.0,2.0,2.0,4.0,3.0,4.0,4.0
86,1.0,4.0,3.0,3.0,2.0,2.0,2.0,3.0,2.0,5.0,2.0,3.0,3.0,3.0,4.0,3.0,5.0,3.0,3.0,3.0,3.0,3.0,2.0,5.0,5.0,5.0,5.0,4.0,5.0,2.0,4.0,3.0
87,1.0,4.0,4.0,1.0,2.0,1.0,4.0,2.0,4.0,1.0,2.0,2.0,1.0,1.0,1.0,1.0,2.0,1.0,2.0,2.0,2.0,2.0,1.0,2.0,2.0,2.0,2.0,1.0,1.0,1.0,4.0,1.0
88,1.0,5.0,1.0,5.0,3.0,4.0,4.0,4.0,4.0,5.0,4.0,3.0,4.0,4.0,5.0,4.0,1.0,3.0,3.0,3.0,1.0,1.0,4.0,2.0,1.0,5.0,1.0,5.0,5.0,5.0,5.0,3.0
89,2.0,3.0,1.0,3.0,4.0,4.0,4.0,4.0,3.0,2.0,4.0,4.0,2.0,2.0,2.0,2.0,2.0,2.0,5.0,2.0,2.0,3.0,4.0,4.0,3.0,2.0,2.0,2.0,2.0,1.0,2.0,2.0
91,2.0,2.0,4.0,2.0,2.0,2.0,2.0,2.0,4.0,3.0,3.0,3.0,2.0,2.0,2.0,3.0,2.0,3.0,3.0,3.0,3.0,1.0,4.0,4.0,4.0,2.0,2.0,2.0,2.0,2.0,2.0,2.0
95,2.0,1.0,1.0,1.0,1.0,2.0,2.0,1.0,2.0,2.0,3.0,1.0,2.0,4.0,3.0,2.0,2.0,3.0,1.0,1.0,4.0,4.0,2.0,1.0,4.0,4.0,1.0,3.0,1.0,3.0,2.0,1.0
99,2.0,3.0,2.0,2.0,2.0,2.0,2.0,4.0,1.0,4.0,2.0,2.0,2.0,2.0,4.0,3.0,2.0,4.0,2.0,4.0,1.0,5.0,2.0,4.0,1.0,4.0,4.0,4.0,4.0,2.0,4.0,2.0
100,2.0,4.0,4.0,4.0,4.0,3.0,3.0,4.0,1.0,4.0,3.0,4.0,4.0,4.0,4.0,3.0,2.0,4.0,4.0,4.0,4.0,4.0,4.0,4.0,4.0,4.0,2.0,4.0,3.0,4.0,4.0,4.0
101,1.0,2.0,4.0,4.0,2.0,1.0,1.0,4.0,1.0,4.0,1.0,1.0,2.0,4.0,4.0,1.0,2.0,1.0,1.0,4.0,4.0,4.0,4.0,4.0,1.0,4.0,2.0,4.0,2.0,4.0,4.0,4.0
102,1.0,5.0,1.0,5.0,5.0,5.0,5.0,5.0,1.0,5.0,5.0,5.0,5.0,5.0,5.0,1.0,5.0,5.0,5.0,5.0,1.0,1.0,5.0,5.0,1.0,5.0,5.0,5.0,5.0,5.0,3.0,5.0
103,3.0,3.0,3.0,3.0,2.0,3.0,3.0,3.0,3.0,3.0,4.0,5.0,3.0,4.0,2.0,3.0,3.0,3.0,4.0,5.0,3.0,4.0,3.0,2.0,3.0,4.0,4.0,5.0,3.0,2.0,5.0,3.0
104,2.0,3.0,2.0,2.0,2.0,2.0,2.0,2.0,2.0,2.0,2.0,2.0,2.0,2.0,3.0,2.0,2.0,2.0,2.0,2.0,3.0,3.0,2.0,4.0,2.0,3.0,2.0,3.0,3.0,3.0,3.0,2.0
108,1.0,1.0,5.0,5.0,2.0,2.0,1.0,5.0,1.0,5.0,2.0,5.0,1.0,5.0,2.0,5.0,1.0,5.0,1.0,5.0,5.0,5.0,2.0,1.0,1.0,5.0,1.0,5.0,1.0,2.0,5.0,5.0
109,1.0,4.0,2.0,2.0,4.0,2.0,2.0,4.0,2.0,2.0,4.0,4.0,1.0,4.0,1.0,2.0,1.0,4.0,4.0,2.0,4.0,2.0,2.0,4.0,1.0,4.0,4.0,4.0,4.0,1.0,4.0,4.0
110,2.0,2.0,2.0,2.0,2.0,3.0,3.0,2.0,2.0,4.0,4.0,3.0,2.0,2.0,2.0,2.0,2.0,3.0,4.0,2.0,2.0,2.0,4.0,2.0,2.0,2.0,2.0,2.0,2.0,2.0,2.0,2.0
112,1.0,1.0,5.0,5.0,3.0,2.0,1.0,5.0,1.0,5.0,2.0,5.0,1.0,5.0,3.0,5.0,1.0,5.0,5.0,5.0,5.0,5.0,5.0,5.0,1.0,5.0,1.0,5.0,1.0,3.0,4.0,5.0
113,1.0,2.0,2.0,2.0,3.0,4.0,2.0,3.0,2.0,2.0,4.0,3.0,2.0,2.0,3.0,1.0,4.0,4.0,4.0,3.0,4.0,2.0,2.0,3.0,4.0,5.0,4.0,2.0,3.0,2.0,5.0,5.0
115,3.0,4.0,2.0,3.0,2.0,3.0,2.0,4.0,3.0,2.0,3.0,3.0,3.0,3.0,3.0,2.0,3.0,3.0,3.0,4.0,3.0,2.0,2.0,4.0,3.0,3.0,3.0,2.0,3.0,3.0,3.0,5.0
116,1.0,3.0,3.0,3.0,4.0,4.0,3.0,3.0,2.0,3.0,4.0,3.0,4.0,2.0,2.0,3.0,2.0,3.0,4.0,4.0,4.0,3.0,4.0,4.0,2.0,4.0,2.0,3.0,2.0,2.0,4.0,3.0
118,2.0,2.0,4.0,3.0,3.0,3.0,3.0,3.0,2.0,4.0,3.0,3.0,3.0,3.0,3.0,4.0,2.0,3.0,3.0,4.0,4.0,4.0,3.0,4.0,4.0,4.0,3.0,3.0,4.0,3.0,3.0,3.0
120,2.0,1.0,1.0,4.0,1.0,3.0,4.0,5.0,2.0,4.0,5.0,5.0,2.0,1.0,1.0,4.0,2.0,1.0,5.0,4.0,4.0,4.0,3.0,5.0,4.0,1.0,2.0,1.0,4.0,1.0,1.0,4.0
122,2.0,3.0,3.0,3.0,2.0,3.0,3.0,3.0,3.0,3.0,3.0,3.0,3.0,3.0,3.0,3.0,2.0,3.0,2.0,3.0,3.0,4.0,3.0,2.0,4.0,3.0,3.0,3.0,3.0,3.0,3.0,3.0
123,3.0,5.0,2.0,2.0,4.0,2.0,5.0,3.0,3.0,1.0,4.0,3.0,3.0,2.0,4.0,3.0,3.0,2.0,2.0,3.0,2.0,2.0,3.0,5.0,3.0,2.0,2.0,2.0,3.0,5.0,5.0,2.0
125,1.0,1.0,1.0,4.0,1.0,1.0,1.0,2.0,1.0,2.0,1.0,2.0,1.0,1.0,1.0,1.0,1.0,3.0,3.0,1.0,4.0,3.0,1.0,5.0,4.0,5.0,1.0,3.0,4.0,1.0,3.0,4.0
126,1.0,3.0,1.0,1.0,2.0,4.0,3.0,3.0,1.0,1.0,2.0,2.0,1.0,1.0,3.0,3.0,1.0,2.0,2.0,3.0,3.0,3.0,4.0,4.0,1.0,3.0,3.0,1.0,3.0,2.0,3.0,1.0
127,1.0,1.0,1.0,1.0,5.0,5.0,1.0,1.0,1.0,1.0,1.0,1.0,1.0,1.0,2.0,1.0,1.0,1.0,5.0,5.0,5.0,5.0,1.0,5.0,5.0,5.0,1.0,1.0,5.0,1.0,1.0,5.0
129,2.0,4.0,2.0,2.0,1.0,4.0,2.0,1.0,2.0,1.0,4.0,4.0,2.0,4.0,4.0,2.0,2.0,4.0,4.0,1.0,4.0,2.0,4.0,4.0,2.0,4.0,2.0,2.0,2.0,2.0,4.0,1.0
132,5.0,2.0,1.0,1.0,3.0,3.0,3.0,1.0,5.0,1.0,5.0,1.0,3.0,1.0,3.0,1.0,5.0,2.0,3.0,1.0,1.0,1.0,3.0,5.0,5.0,2.0,5.0,1.0,5.0,1.0,1.0,1.0
133,1.0,2.0,1.0,3.0,2.0,1.0,2.0,5.0,1.0,5.0,2.0,2.0,1.0,4.0,4.0,1.0,1.0,3.0,2.0,5.0,2.0,3.0,4.0,2.0,1.0,5.0,5.0,5.0,2.0,5.0,5.0,5.0
134,2.0,2.0,2.0,4.0,2.0,2.0,2.0,4.0,2.0,4.0,3.0,3.0,2.0,2.0,2.0,2.0,2.0,3.0,3.0,4.0,4.0,4.0,2.0,4.0,4.0,4.0,2.0,4.0,2.0,2.0,4.0,4.0
135,1.0,3.0,2.0,4.0,2.0,4.0,4.0,3.0,4.0,3.0,2.0,2.0,2.0,4.0,1.0,2.0,1.0,3.0,2.0,2.0,4.0,4.0,2.0,2.0,1.0,4.0,4.0,3.0,4.0,1.0,2.0,3.0
136,2.0,4.0,2.0,4.0,2.0,4.0,2.0,3.0,2.0,3.0,4.0,4.0,4.0,4.0,2.0,4.0,4.0,4.0,4.0,4.0,4.0,4.0,3.0,5.0,4.0,4.0,2.0,4.0,4.0,2.0,2.0,3.0
137,3.0,5.0,3.0,4.0,5.0,4.0,5.0,5.0,2.0,4.0,3.0,5.0,2.0,3.0,5.0,4.0,2.0,4.0,5.0,5.0,3.0,4.0,4.0,5.0,3.0,5.0,2.0,4.0,2.0,2.0,5.0,3.0
140,2.0,3.0,1.0,2.0,5.0,1.0,1.0,5.0,1.0,2.0,4.0,4.0,2.0,4.0,5.0,2.0,1.0,4.0,2.0,5.0,5.0,2.0,5.0,5.0,1.0,5.0,1.0,4.0,1.0,4.0,4.0,5.0
141,2.0,2.0,2.0,2.0,2.0,4.0,4.0,4.0,4.0,4.0,3.0,4.0,1.0,3.0,2.0,2.0,1.0,3.0,4.0,4.0,2.0,5.0,2.0,4.0,5.0,4.0,2.0,3.0,2.0,2.0,3.0,4.0
142,1.0,1.0,5.0,5.0,1.0,1.0,1.0,5.0,1.0,3.0,1.0,1.0,1.0,5.0,4.0,1.0,1.0,1.0,1.0,5.0,5.0,5.0,5.0,5.0,1.0,5.0,1.0,5.0,5.0,4.0,5.0,5.0
143,1.0,1.0,2.0,4.0,4.0,4.0,3.0,4.0,1.0,4.0,4.0,4.0,1.0,4.0,4.0,4.0,2.0,4.0,4.0,4.0,4.0,4.0,4.0,4.0,1.0,4.0,2.0,4.0,4.0,4.0,4.0,4.0
145,1.0,3.0,4.0,4.0,2.0,2.0,2.0,4.0,4.0,4.0,2.0,4.0,2.0,4.0,4.0,4.0,2.0,4.0,2.0,4.0,4.0,4.0,4.0,2.0,1.0,4.0,4.0,4.0,4.0,4.0,4.0,4.0
146,2.0,4.0,4.0,4.0,3.0,2.0,4.0,3.0,2.0,4.0,2.0,4.0,2.0,4.0,4.0,2.0,2.0,3.0,3.0,3.0,4.0,3.0,4.0,3.0,2.0,3.0,2.0,4.0,4.0,3.0,4.0,3.0
148,2.0,1.0,2.0,2.0,2.0,3.0,2.0,4.0,2.0,4.0,2.0,4.0,3.0,2.0,2.0,2.0,5.0,4.0,1.0,4.0,2.0,4.0,3.0,4.0,5.0,4.0,4.0,4.0,5.0,2.0,4.0,2.0
150,1.0,5.0,1.0,1.0,1.0,4.0,4.0,1.0,1.0,1.0,5.0,5.0,1.0,1.0,1.0,1.0,1.0,1.0,1.0,1.0,1.0,2.0,1.0,5.0,1.0,1.0,1.0,1.0,1.0,1.0,1.0,1.0
151,1.0,2.0,1.0,4.0,2.0,1.0,4.0,4.0,1.0,4.0,2.0,2.0,1.0,4.0,5.0,5.0,1.0,4.0,2.0,4.0,4.0,4.0,4.0,4.0,1.0,4.0,2.0,4.0,4.0,4.0,5.0,5.0
152,1.0,3.0,1.0,1.0,5.0,5.0,5.0,4.0,1.0,4.0,3.0,5.0,1.0,5.0,5.0,1.0,1.0,5.0,5.0,4.0,5.0,4.0,1.0,5.0,5.0,5.0,1.0,5.0,5.0,2.0,5.0,5.0
153,1.0,4.0,2.0,4.0,5.0,2.0,2.0,4.0,1.0,5.0,3.0,5.0,4.0,4.0,3.0,3.0,2.0,4.0,5.0,5.0,4.0,4.0,3.0,5.0,4.0,5.0,4.0,4.0,3.0,2.0,3.0,4.0
155,1.0,5.0,1.0,3.0,4.0,2.0,4.0,2.0,1.0,3.0,2.0,4.0,1.0,4.0,4.0,1.0,1.0,3.0,4.0,4.0,2.0,3.0,1.0,4.0,2.0,5.0,1.0,4.0,1.0,4.0,4.0,5.0
156,2.0,4.0,2.0,4.0,2.0,2.0,4.0,4.0,4.0,2.0,2.0,2.0,4.0,2.0,2.0,2.0,4.0,3.0,3.0,2.0,2.0,4.0,3.0,2.0,2.0,2.0,4.0,4.0,4.0,2.0,3.0,2.0
157,1.0,2.0,3.0,2.0,2.0,1.0,2.0,3.0,4.0,3.0,3.0,3.0,1.0,3.0,2.0,2.0,1.0,4.0,3.0,3.0,4.0,4.0,3.0,5.0,1.0,4.0,3.0,4.0,2.0,2.0,4.0,3.0
163,2.0,3.0,2.0,2.0,2.0,3.0,3.0,2.0,2.0,2.0,3.0,2.0,3.0,3.0,1.0,2.0,3.0,2.0,2.0,2.0,3.0,3.0,2.0,2.0,3.0,3.0,3.0,3.0,3.0,1.0,1.0,3.0
165,2.0,1.0,4.0,2.0,2.0,2.0,2.0,1.0,2.0,4.0,2.0,2.0,1.0,2.0,2.0,2.0,2.0,2.0,2.0,4.0,4.0,5.0,1.0,4.0,5.0,4.0,1.0,4.0,1.0,2.0,4.0,2.0
168,1.0,3.0,1.0,1.0,1.0,1.0,4.0,3.0,1.0,3.0,4.0,4.0,1.0,4.0,1.0,1.0,2.0,4.0,4.0,3.0,4.0,3.0,1.0,4.0,1.0,4.0,3.0,3.0,3.0,2.0,3.0,4.0
170,1.0,5.0,1.0,2.0,1.0,4.0,5.0,1.0,5.0,2.0,4.0,1.0,1.0,4.0,2.0,2.0,4.0,1.0,5.0,1.0,5.0,2.0,1.0,5.0,5.0,2.0,2.0,1.0,4.0,1.0,2.0,1.0
171,1.0,2.0,3.0,2.0,5.0,2.0,2.0,5.0,1.0,4.0,5.0,4.0,2.0,4.0,3.0,1.0,1.0,4.0,5.0,5.0,2.0,3.0,3.0,4.0,2.0,5.0,2.0,4.0,4.0,3.0,4.0,4.0
172,2.0,2.0,4.0,4.0,4.0,4.0,2.0,4.0,2.0,4.0,2.0,4.0,2.0,4.0,2.0,2.0,2.0,4.0,4.0,4.0,4.0,4.0,4.0,5.0,4.0,4.0,2.0,4.0,2.0,2.0,4.0,4.0
173,2.0,1.0,5.0,1.0,1.0,1.0,2.0,5.0,2.0,5.0,3.0,2.0,1.0,2.0,1.0,1.0,1.0,5.0,2.0,5.0,5.0,5.0,1.0,2.0,5.0,2.0,1.0,5.0,1.0,1.0,5.0,5.0
174,2.0,3.0,3.0,3.0,1.0,3.0,3.0,3.0,2.0,3.0,1.0,1.0,3.0,3.0,3.0,3.0,3.0,3.0,1.0,3.0,3.0,3.0,1.0,4.0,3.0,3.0,3.0,4.0,3.0,1.0,4.0,3.0
175,1.0,2.0,1.0,3.0,2.0,5.0,2.0,4.0,4.0,3.0,2.0,4.0,4.0,4.0,4.0,3.0,2.0,2.0,3.0,4.0,2.0,3.0,4.0,4.0,2.0,4.0,2.0,2.0,2.0,2.0,4.0,2.0
176,1.0,1.0,5.0,5.0,5.0,4.0,4.0,1.0,4.0,4.0,5.0,1.0,1.0,4.0,1.0,1.0,5.0,1.0,4.0,1.0,1.0,5.0,1.0,5.0,5.0,1.0,5.0,4.0,1.0,1.0,1.0,4.0
181,1.0,1.0,2.0,1.0,1.0,1.0,4.0,3.0,1.0,3.0,3.0,3.0,1.0,2.0,1.0,1.0,2.0,2.0,4.0,3.0,4.0,3.0,1.0,4.0,2.0,4.0,1.0,1.0,1.0,1.0,3.0,1.0
182,1.0,4.0,1.0,4.0,1.0,1.0,5.0,4.0,5.0,4.0,2.0,4.0,1.0,4.0,5.0,1.0,1.0,4.0,1.0,4.0,4.0,3.0,1.0,1.0,1.0,5.0,5.0,4.0,5.0,1.0,5.0,5.0
184,2.0,2.0,2.0,2.0,3.0,3.0,3.0,4.0,2.0,4.0,3.0,2.0,3.0,5.0,3.0,2.0,2.0,2.0,2.0,5.0,5.0,5.0,4.0,2.0,2.0,2.0,2.0,5.0,3.0,3.0,5.0,5.0
186,3.0,4.0,3.0,4.0,2.0,2.0,4.0,1.0,3.0,2.0,3.0,4.0,2.0,3.0,2.0,3.0,2.0,1.0,2.0,4.0,3.0,3.0,2.0,4.0,3.0,3.0,2.0,4.0,4.0,2.0,2.0,4.0
187,2.0,2.0,3.0,3.0,2.0,2.0,4.0,3.0,2.0,3.0,4.0,3.0,4.0,4.0,1.0,4.0,2.0,3.0,5.0,3.0,4.0,3.0,4.0,5.0,2.0,3.0,2.0,3.0,3.0,3.0,1.0,3.0
188,1.0,4.0,4.0,4.0,1.0,1.0,3.0,5.0,5.0,4.0,2.0,4.0,1.0,2.0,1.0,1.0,1.0,2.0,3.0,3.0,4.0,4.0,1.0,3.0,1.0,5.0,5.0,2.0,1.0,1.0,2.0,5.0
190,2.0,2.0,4.0,4.0,2.0,2.0,2.0,2.0,2.0,3.0,4.0,3.0,2.0,4.0,2.0,2.0,1.0,3.0,3.0,2.0,2.0,4.0,2.0,4.0,2.0,4.0,2.0,4.0,2.0,2.0,4.0,5.0
193,3.0,5.0,2.0,2.0,2.0,2.0,2.0,2.0,3.0,2.0,2.0,2.0,2.0,5.0,5.0,2.0,2.0,2.0,2.0,2.0,2.0,2.0,2.0,2.0,2.0,5.0,2.0,2.0,2.0,4.0,5.0,2.0
195,2.0,2.0,1.0,5.0,4.0,4.0,2.0,3.0,2.0,3.0,4.0,4.0,2.0,1.0,4.0,2.0,1.0,3.0,4.0,4.0,4.0,4.0,4.0,4.0,2.0,4.0,1.0,3.0,2.0,1.0,3.0,5.0
196,1.0,4.0,1.0,3.0,1.0,1.0,1.0,1.0,2.0,3.0,1.0,5.0,1.0,1.0,1.0,3.0,1.0,3.0,1.0,3.0,3.0,3.0,1.0,5.0,1.0,5.0,1.0,3.0,5.0,1.0,1.0,3.0
198,1.0,1.0,3.0,4.0,5.0,5.0,5.0,2.0,2.0,4.0,5.0,5.0,2.0,2.0,1.0,2.0,1.0,3.0,5.0,5.0,5.0,4.0,3.0,5.0,1.0,5.0,1.0,3.0,2.0,1.0,4.0,5.0
199,2.0,3.0,4.0,4.0,3.0,2.0,2.0,1.0,2.0,4.0,4.0,4.0,4.0,4.0,1.0,1.0,4.0,5.0,5.0,4.0,4.0,4.0,4.0,4.0,4.0,4.0,4.0,4.0,4.0,1.0,1.0,3.0
201,1.0,3.0,1.0,1.0,1.0,1.0,1.0,4.0,1.0,2.0,2.0,1.0,1.0,2.0,2.0,4.0,1.0,3.0,1.0,4.0,4.0,3.0,1.0,1.0,1.0,4.0,3.0,3.0,4.0,2.0,3.0,4.0
202,1.0,4.0,5.0,1.0,1.0,1.0,1.0,5.0,1.0,5.0,1.0,1.0,1.0,5.0,5.0,1.0,1.0,1.0,1.0,5.0,5.0,5.0,5.0,5.0,1.0,5.0,1.0,5.0,1.0,1.0,5.0,5.0
203,1.0,2.0,2.0,4.0,2.0,4.0,2.0,3.0,2.0,3.0,3.0,3.0,2.0,4.0,2.0,3.0,1.0,4.0,3.0,3.0,4.0,4.0,2.0,4.0,1.0,4.0,4.0,4.0,3.0,2.0,4.0,2.0
206,1.0,2.0,5.0,5.0,1.0,5.0,1.0,5.0,1.0,2.0,5.0,5.0,1.0,1.0,1.0,1.0,2.0,3.0,5.0,5.0,5.0,5.0,1.0,5.0,2.0,5.0,2.0,2.0,2.0,1.0,2.0,5.0
208,1.0,1.0,1.0,2.0,4.0,5.0,1.0,5.0,2.0,3.0,5.0,5.0,1.0,3.0,4.0,1.0,1.0,3.0,3.0,5.0,4.0,4.0,4.0,5.0,1.0,5.0,1.0,2.0,5.0,3.0,2.0,3.0
209,1.0,4.0,3.0,3.0,2.0,3.0,3.0,4.0,1.0,3.0,3.0,3.0,3.0,3.0,4.0,3.0,1.0,1.0,2.0,4.0,4.0,3.0,3.0,2.0,1.0,4.0,4.0,1.0,4.0,4.0,5.0,3.0
210,3.0,2.0,3.0,3.0,2.0,3.0,3.0,3.0,3.0,4.0,3.0,3.0,3.0,3.0,2.0,3.0,2.0,3.0,4.0,4.0,4.0,4.0,3.0,3.0,4.0,3.0,2.0,4.0,2.0,2.0,2.0,2.0
211,1.0,1.0,1.0,5.0,1.0,1.0,1.0,5.0,5.0,5.0,1.0,5.0,1.0,5.0,4.0,1.0,1.0,5.0,1.0,5.0,5.0,5.0,5.0,3.0,5.0,5.0,5.0,5.0,5.0,1.0,5.0,5.0
212,1.0,4.0,5.0,4.0,3.0,1.0,3.0,4.0,1.0,4.0,3.0,4.0,1.0,4.0,4.0,4.0,1.0,4.0,4.0,4.0,4.0,5.0,4.0,3.0,5.0,4.0,4.0,4.0,4.0,4.0,4.0,4.0
213,5.0,2.0,1.0,5.0,1.0,1.0,5.0,5.0,1.0,5.0,1.0,1.0,5.0,5.0,3.0,5.0,1.0,5.0,1.0,5.0,5.0,5.0,5.0,5.0,1.0,5.0,1.0,5.0,5.0,3.0,5.0,5.0
217,5.0,5.0,5.0,5.0,4.0,5.0,5.0,3.0,5.0,5.0,5.0,3.0,1.0,5.0,4.0,5.0,1.0,3.0,3.0,3.0,5.0,5.0,5.0,4.0,5.0,5.0,3.0,5.0,5.0,4.0,5.0,3.0
219,1.0,2.0,2.0,4.0,1.0,1.0,2.0,2.0,5.0,4.0,2.0,5.0,2.0,2.0,1.0,4.0,1.0,4.0,5.0,5.0,5.0,4.0,2.0,5.0,1.0,4.0,1.0,4.0,5.0,1.0,4.0,4.0
223,1.0,2.0,1.0,3.0,5.0,1.0,2.0,5.0,1.0,3.0,1.0,1.0,2.0,1.0,5.0,1.0,1.0,3.0,3.0,3.0,1.0,3.0,1.0,1.0,1.0,3.0,1.0,2.0,1.0,2.0,3.0,3.0
225,1.0,4.0,2.0,2.0,4.0,4.0,4.0,2.0,4.0,2.0,4.0,4.0,2.0,2.0,4.0,2.0,2.0,4.0,4.0,4.0,2.0,2.0,4.0,3.0,2.0,3.0,2.0,4.0,2.0,4.0,1.0,4.0
226,2.0,4.0,4.0,3.0,3.0,2.0,3.0,4.0,2.0,3.0,2.0,4.0,3.0,4.0,4.0,2.0,2.0,3.0,2.0,4.0,2.0,3.0,3.0,4.0,2.0,2.0,2.0,4.0,2.0,3.0,4.0,4.0
228,1.0,4.0,2.0,4.0,3.0,3.0,2.0,4.0,1.0,2.0,3.0,2.0,4.0,2.0,3.0,2.0,1.0,2.0,2.0,4.0,4.0,4.0,4.0,4.0,1.0,4.0,4.0,2.0,4.0,2.0,5.0,4.0
230,1.0,2.0,1.0,2.0,2.0,4.0,3.0,3.0,3.0,2.0,3.0,3.0,2.0,3.0,4.0,2.0,2.0,3.0,3.0,3.0,4.0,4.0,2.0,3.0,4.0,4.0,2.0,3.0,2.0,2.0,3.0,2.0
231,2.0,4.0,4.0,4.0,2.0,3.0,2.0,4.0,2.0,4.0,3.0,3.0,2.0,4.0,2.0,2.0,2.0,3.0,3.0,4.0,4.0,4.0,2.0,3.0,2.0,4.0,2.0,4.0,4.0,2.0,4.0,4.0
232,1.0,5.0,2.0,1.0,1.0,1.0,1.0,5.0,1.0,2.0,2.0,2.0,1.0,2.0,1.0,1.0,2.0,1.0,2.0,2.0,1.0,1.0,1.0,5.0,1.0,5.0,2.0,1.0,1.0,1.0,2.0,2.0
234,2.0,3.0,3.0,3.0,4.0,4.0,4.0,4.0,4.0,4.0,3.0,3.0,4.0,3.0,3.0,3.0,1.0,3.0,3.0,4.0,3.0,3.0,4.0,3.0,1.0,3.0,3.0,4.0,3.0,3.0,5.0,4.0
235,1.0,1.0,3.0,5.0,1.0,3.0,5.0,1.0,1.0,5.0,5.0,5.0,1.0,1.0,1.0,1.0,3.0,1.0,5.0,5.0,1.0,3.0,1.0,5.0,3.0,5.0,1.0,1.0,5.0,1.0,1.0,5.0
237,1.0,5.0,2.0,1.0,4.0,3.0,4.0,4.0,2.0,1.0,1.0,2.0,1.0,1.0,1.0,1.0,1.0,2.0,4.0,4.0,3.0,1.0,1.0,2.0,2.0,4.0,1.0,1.0,1.0,1.0,1.0,3.0
238,5.0,1.0,1.0,1.0,5.0,5.0,5.0,1.0,5.0,1.0,3.0,3.0,5.0,1.0,3.0,1.0,5.0,1.0,5.0,1.0,3.0,1.0,3.0,3.0,5.0,3.0,5.0,1.0,3.0,1.0,3.0,1.0
240,1.0,2.0,4.0,1.0,4.0,4.0,4.0,4.0,1.0,3.0,4.0,4.0,4.0,3.0,1.0,2.0,1.0,4.0,4.0,4.0,1.0,4.0,3.0,4.0,1.0,4.0,1.0,4.0,1.0,1.0,3.0,1.0
241,2.0,1.0,1.0,5.0,5.0,1.0,5.0,1.0,2.0,3.0,5.0,5.0,1.0,5.0,1.0,1.0,1.0,3.0,5.0,5.0,5.0,3.0,1.0,5.0,2.0,5.0,1.0,3.0,1.0,1.0,3.0,5.0
242,1.0,1.0,5.0,1.0,1.0,2.0,1.0,5.0,1.0,3.0,2.0,5.0,1.0,2.0,1.0,1.0,2.0,5.0,5.0,5.0,5.0,5.0,1.0,5.0,5.0,5.0,1.0,5.0,1.0,1.0,5.0,3.0
244,1.0,4.0,3.0,5.0,4.0,3.0,4.0,5.0,4.0,5.0,3.0,3.0,3.0,4.0,4.0,5.0,1.0,3.0,2.0,5.0,3.0,5.0,3.0,2.0,1.0,3.0,4.0,3.0,3.0,4.0,3.0,5.0
245,1.0,3.0,2.0,2.0,1.0,3.0,3.0,3.0,3.0,2.0,3.0,3.0,1.0,2.0,4.0,1.0,3.0,1.0,1.0,3.0,3.0,2.0,3.0,4.0,3.0,4.0,2.0,1.0,3.0,1.0,4.0,3.0
246,1.0,3.0,5.0,3.0,5.0,5.0,3.0,5.0,4.0,4.0,5.0,3.0,3.0,3.0,1.0,4.0,1.0,3.0,5.0,5.0,4.0,5.0,3.0,5.0,5.0,5.0,1.0,3.0,5.0,3.0,2.0,4.0
247,2.0,1.0,5.0,4.0,5.0,4.0,5.0,5.0,4.0,3.0,3.0,3.0,2.0,4.0,4.0,2.0,4.0,5.0,3.0,5.0,5.0,5.0,2.0,3.0,4.0,3.0,5.0,5.0,4.0,3.0,4.0,2.0
250,1.0,1.0,2.0,5.0,5.0,1.0,1.0,5.0,1.0,5.0,3.0,5.0,1.0,5.0,4.0,4.0,1.0,4.0,5.0,5.0,5.0,4.0,4.0,5.0,1.0,5.0,1.0,4.0,4.0,3.0,4.0,5.0
253,1.0,3.0,4.0,2.0,5.0,5.0,3.0,2.0,1.0,3.0,5.0,5.0,1.0,5.0,3.0,1.0,1.0,2.0,5.0,5.0,5.0,2.0,5.0,5.0,1.0,5.0,2.0,3.0,5.0,3.0,4.0,2.0
255,3.0,3.0,3.0,3.0,4.0,4.0,4.0,3.0,3.0,3.0,2.0,2.0,3.0,2.0,2.0,3.0,4.0,2.0,3.0,3.0,3.0,3.0,2.0,2.0,3.0,2.0,4.0,2.0,4.0,2.0,2.0,3.0
256,5.0,3.0,1.0,2.0,3.0,1.0,2.0,3.0,1.0,3.0,1.0,3.0,2.0,1.0,1.0,3.0,1.0,2.0,3.0,3.0,3.0,2.0,2.0,1.0,1.0,1.0,3.0,1.0,3.0,3.0,1.0,1.0
257,2.0,2.0,2.0,3.0,2.0,4.0,3.0,3.0,1.0,1.0,5.0,4.0,3.0,4.0,2.0,3.0,2.0,3.0,4.0,3.0,4.0,3.0,3.0,4.0,4.0,4.0,2.0,3.0,4.0,2.0,2.0,1.0
258,1.0,2.0,1.0,1.0,1.0,1.0,4.0,1.0,1.0,1.0,3.0,2.0,1.0,1.0,1.0,2.0,1.0,2.0,1.0,4.0,4.0,4.0,1.0,4.0,1.0,4.0,1.0,4.0,4.0,1.0,4.0,1.0
265,2.0,3.0,3.0,3.0,3.0,3.0,3.0,3.0,2.0,2.0,2.0,2.0,2.0,3.0,3.0,3.0,2.0,3.0,3.0,2.0,3.0,4.0,3.0,3.0,2.0,3.0,3.0,2.0,3.0,3.0,3.0,2.0
266,1.0,1.0,5.0,2.0,5.0,3.0,4.0,5.0,2.0,2.0,5.0,5.0,3.0,4.0,2.0,2.0,1.0,4.0,5.0,5.0,3.0,2.0,3.0,5.0,3.0,3.0,1.0,5.0,3.0,2.0,1.0,3.0
268,3.0,3.0,3.0,3.0,2.0,3.0,3.0,2.0,1.0,2.0,2.0,5.0,2.0,2.0,2.0,3.0,2.0,2.0,2.0,5.0,2.0,3.0,2.0,5.0,3.0,2.0,3.0,2.0,5.0,2.0,2.0,2.0
270,2.0,2.0,4.0,2.0,2.0,2.0,3.0,4.0,2.0,4.0,3.0,3.0,2.0,3.0,2.0,2.0,2.0,2.0,3.0,4.0,3.0,3.0,2.0,4.0,2.0,4.0,2.0,3.0,2.0,2.0,4.0,4.0
271,1.0,2.0,2.0,4.0,3.0,2.0,2.0,4.0,4.0,4.0,2.0,4.0,1.0,4.0,4.0,1.0,2.0,4.0,3.0,4.0,2.0,4.0,2.0,4.0,2.0,4.0,2.0,4.0,2.0,4.0,4.0,3.0
275,2.0,4.0,1.0,3.0,3.0,3.0,4.0,3.0,2.0,3.0,4.0,4.0,2.0,3.0,3.0,2.0,3.0,3.0,3.0,3.0,3.0,3.0,3.0,3.0,3.0,3.0,3.0,4.0,3.0,4.0,3.0,1.0
281,1.0,4.0,1.0,4.0,4.0,1.0,4.0,2.0,1.0,1.0,2.0,2.0,2.0,2.0,4.0,2.0,1.0,1.0,1.0,2.0,2.0,2.0,2.0,2.0,1.0,4.0,2.0,4.0,4.0,4.0,4.0,4.0
282,4.0,5.0,1.0,1.0,1.0,3.0,5.0,1.0,1.0,1.0,3.0,3.0,1.0,1.0,1.0,1.0,3.0,2.0,3.0,1.0,1.0,1.0,1.0,3.0,3.0,1.0,3.0,1.0,3.0,1.0,1.0,1.0
284,1.0,1.0,3.0,4.0,4.0,4.0,4.0,1.0,4.0,1.0,4.0,5.0,4.0,4.0,4.0,4.0,1.0,4.0,5.0,1.0,1.0,3.0,4.0,1.0,1.0,5.0,1.0,4.0,1.0,4.0,4.0,4.0
287,1.0,5.0,3.0,3.0,3.0,5.0,5.0,4.0,2.0,2.0,5.0,2.0,4.0,5.0,3.0,3.0,1.0,2.0,5.0,3.0,3.0,3.0,2.0,3.0,1.0,5.0,4.0,2.0,5.0,3.0,4.0,3.0
291,2.0,3.0,2.0,2.0,2.0,2.0,2.0,4.0,2.0,4.0,4.0,4.0,2.0,4.0,2.0,2.0,2.0,2.0,4.0,4.0,2.0,2.0,4.0,4.0,2.0,4.0,2.0,2.0,2.0,2.0,4.0,4.0
293,1.0,3.0,3.0,3.0,3.0,3.0,3.0,4.0,2.0,4.0,3.0,3.0,3.0,3.0,3.0,2.0,1.0,3.0,3.0,2.0,3.0,3.0,3.0,3.0,1.0,3.0,3.0,3.0,2.0,4.0,3.0,2.0
294,3.0,4.0,4.0,4.0,4.0,4.0,4.0,4.0,4.0,5.0,4.0,4.0,2.0,4.0,4.0,4.0,2.0,4.0,4.0,4.0,4.0,4.0,4.0,2.0,3.0,4.0,4.0,4.0,4.0,4.0,4.0,4.0
295,1.0,1.0,1.0,5.0,1.0,1.0,1.0,5.0,1.0,3.0,4.0,4.0,1.0,5.0,1.0,1.0,1.0,1.0,1.0,4.0,5.0,5.0,5.0,1.0,1.0,5.0,1.0,4.0,5.0,1.0,4.0,2.0
300,5.0,3.0,3.0,3.0,3.0,3.0,5.0,3.0,3.0,2.0,2.0,2.0,1.0,2.0,2.0,3.0,3.0,2.0,4.0,3.0,5.0,3.0,3.0,4.0,5.0,3.0,3.0,3.0,5.0,2.0,3.0,3.0
301,1.0,4.0,3.0,2.0,2.0,1.0,4.0,3.0,4.0,4.0,2.0,2.0,1.0,4.0,4.0,1.0,2.0,2.0,2.0,2.0,4.0,3.0,3.0,4.0,1.0,4.0,3.0,4.0,2.0,1.0,4.0,4.0
303,1.0,1.0,1.0,4.0,4.0,1.0,1.0,4.0,4.0,5.0,5.0,4.0,1.0,4.0,4.0,3.0,2.0,4.0,4.0,4.0,5.0,5.0,4.0,4.0,2.0,4.0,2.0,5.0,4.0,4.0,5.0,4.0
305,1.0,4.0,5.0,4.0,4.0,4.0,4.0,4.0,5.0,4.0,5.0,4.0,2.0,4.0,4.0,1.0,1.0,4.0,4.0,5.0,4.0,5.0,2.0,3.0,5.0,5.0,5.0,4.0,5.0,4.0,5.0,4.0
306,1.0,2.0,1.0,2.0,2.0,1.0,1.0,4.0,1.0,4.0,4.0,4.0,1.0,4.0,2.0,1.0,1.0,4.0,4.0,4.0,4.0,4.0,4.0,2.0,1.0,4.0,4.0,4.0,2.0,2.0,4.0,5.0
308,5.0,4.0,4.0,3.0,1.0,4.0,4.0,1.0,5.0,3.0,5.0,4.0,4.0,3.0,1.0,3.0,5.0,4.0,4.0,1.0,5.0,3.0,1.0,5.0,5.0,5.0,5.0,4.0,3.0,1.0,3.0,3.0
311,2.0,3.0,2.0,3.0,4.0,4.0,2.0,4.0,2.0,1.0,4.0,4.0,1.0,1.0,1.0,2.0,4.0,1.0,4.0,4.0,2.0,2.0,2.0,4.0,2.0,4.0,4.0,1.0,4.0,1.0,1.0,2.0
312,1.0,2.0,4.0,2.0,3.0,2.0,2.0,2.0,1.0,2.0,2.0,2.0,2.0,2.0,3.0,2.0,1.0,2.0,4.0,2.0,4.0,4.0,2.0,3.0,1.0,5.0,1.0,3.0,2.0,2.0,2.0,2.0
314,1.0,5.0,1.0,3.0,1.0,1.0,5.0,4.0,5.0,3.0,1.0,1.0,1.0,3.0,5.0,3.0,1.0,3.0,1.0,3.0,1.0,3.0,1.0,5.0,1.0,5.0,1.0,5.0,5.0,1.0,4.0,3.0
316,2.0,5.0,1.0,1.0,1.0,2.0,5.0,1.0,5.0,1.0,5.0,1.0,2.0,1.0,1.0,1.0,4.0,1.0,1.0,1.0,5.0,1.0,1.0,5.0,5.0,1.0,1.0,1.0,5.0,1.0,1.0,1.0
322,3.0,5.0,5.0,5.0,3.0,3.0,3.0,5.0,3.0,2.0,5.0,5.0,3.0,5.0,4.0,3.0,3.0,4.0,5.0,5.0,5.0,5.0,3.0,5.0,3.0,5.0,1.0,1.0,3.0,4.0,1.0,5.0
324,1.0,4.0,2.0,2.0,1.0,1.0,3.0,4.0,1.0,4.0,2.0,2.0,1.0,2.0,1.0,1.0,1.0,2.0,3.0,5.0,2.0,2.0,1.0,5.0,1.0,5.0,1.0,2.0,1.0,1.0,5.0,3.0
325,1.0,5.0,5.0,5.0,5.0,5.0,5.0,5.0,1.0,5.0,2.0,2.0,1.0,5.0,2.0,5.0,1.0,5.0,2.0,5.0,5.0,5.0,5.0,5.0,1.0,5.0,2.0,3.0,2.0,2.0,5.0,5.0
327,3.0,3.0,4.0,3.0,3.0,3.0,3.0,3.0,3.0,3.0,3.0,3.0,3.0,3.0,3.0,3.0,3.0,3.0,4.0,3.0,3.0,4.0,3.0,3.0,4.0,3.0,3.0,3.0,3.0,3.0,3.0,3.0
328,3.0,4.0,3.0,4.0,3.0,3.0,3.0,4.0,3.0,2.0,2.0,2.0,2.0,4.0,3.0,2.0,2.0,4.0,4.0,4.0,4.0,4.0,3.0,3.0,4.0,4.0,4.0,4.0,2.0,3.0,4.0,2.0
332,3.0,2.0,2.0,3.0,3.0,3.0,3.0,3.0,3.0,4.0,3.0,3.0,3.0,3.0,3.0,3.0,3.0,3.0,5.0,4.0,3.0,5.0,3.0,3.0,3.0,3.0,3.0,4.0,3.0,5.0,3.0,4.0
333,2.0,3.0,4.0,3.0,3.0,5.0,3.0,3.0,2.0,3.0,3.0,3.0,1.0,3.0,3.0,1.0,1.0,3.0,4.0,3.0,3.0,4.0,3.0,4.0,2.0,3.0,2.0,3.0,3.0,3.0,3.0,3.0
336,1.0,5.0,4.0,3.0,3.0,3.0,5.0,4.0,2.0,1.0,1.0,4.0,1.0,2.0,1.0,1.0,1.0,2.0,1.0,1.0,3.0,3.0,3.0,3.0,1.0,5.0,4.0,2.0,5.0,1.0,4.0,1.0
338,1.0,3.0,3.0,3.0,3.0,2.0,3.0,4.0,4.0,5.0,3.0,3.0,2.0,3.0,3.0,3.0,3.0,3.0,3.0,5.0,3.0,4.0,3.0,3.0,2.0,5.0,3.0,4.0,3.0,3.0,5.0,3.0
339,1.0,2.0,2.0,2.0,3.0,2.0,4.0,3.0,1.0,3.0,3.0,3.0,3.0,3.0,3.0,3.0,1.0,4.0,3.0,5.0,3.0,5.0,3.0,5.0,1.0,5.0,3.0,4.0,3.0,3.0,3.0,4.0
340,1.0,5.0,1.0,1.0,2.0,1.0,5.0,5.0,5.0,5.0,2.0,2.0,1.0,5.0,2.0,1.0,2.0,1.0,5.0,5.0,1.0,3.0,1.0,5.0,1.0,5.0,5.0,1.0,5.0,5.0,5.0,5.0
341,1.0,3.0,5.0,5.0,3.0,5.0,3.0,3.0,1.0,5.0,5.0,5.0,3.0,5.0,4.0,5.0,1.0,5.0,5.0,5.0,5.0,5.0,3.0,4.0,5.0,5.0,3.0,5.0,3.0,3.0,5.0,4.0
342,1.0,2.0,3.0,2.0,2.0,1.0,2.0,3.0,4.0,3.0,2.0,3.0,2.0,4.0,2.0,3.0,2.0,3.0,2.0,3.0,2.0,5.0,3.0,2.0,2.0,4.0,2.0,4.0,2.0,4.0,4.0,2.0
343,2.0,2.0,4.0,5.0,5.0,1.0,5.0,5.0,1.0,5.0,5.0,5.0,2.0,4.0,2.0,2.0,2.0,5.0,5.0,5.0,5.0,4.0,5.0,5.0,1.0,5.0,1.0,5.0,2.0,2.0,5.0,5.0
345,1.0,1.0,1.0,1.0,5.0,1.0,1.0,5.0,1.0,5.0,5.0,5.0,1.0,5.0,4.0,1.0,1.0,5.0,5.0,5.0,5.0,3.0,1.0,5.0,1.0,5.0,1.0,1.0,4.0,4.0,1.0,1.0
346,3.0,2.0,3.0,3.0,2.0,4.0,2.0,3.0,3.0,2.0,2.0,2.0,2.0,2.0,2.0,3.0,2.0,4.0,5.0,3.0,3.0,3.0,4.0,5.0,3.0,3.0,2.0,3.0,2.0,2.0,2.0,3.0
347,5.0,4.0,1.0,1.0,1.0,1.0,1.0,3.0,5.0,1.0,1.0,1.0,1.0,1.0,1.0,1.0,5.0,1.0,1.0,1.0,5.0,3.0,1.0,1.0,5.0,1.0,3.0,1.0,3.0,1.0,4.0,1.0
348,1.0,2.0,3.0,3.0,3.0,5.0,3.0,3.0,3.0,3.0,2.0,3.0,1.0,2.0,2.0,3.0,2.0,4.0,3.0,3.0,2.0,3.0,3.0,5.0,2.0,5.0,2.0,3.0,2.0,3.0,3.0,3.0
351,1.0,5.0,3.0,5.0,1.0,1.0,2.0,1.0,1.0,1.0,2.0,5.0,1.0,1.0,1.0,2.0,1.0,1.0,5.0,3.0,3.0,3.0,2.0,5.0,3.0,5.0,1.0,1.0,1.0,1.0,1.0,1.0
352,4.0,2.0,2.0,2.0,1.0,1.0,2.0,1.0,2.0,2.0,5.0,5.0,1.0,2.0,1.0,4.0,5.0,2.0,1.0,1.0,2.0,4.0,1.0,5.0,2.0,4.0,5.0,2.0,5.0,1.0,2.0,2.0
355,3.0,3.0,2.0,4.0,5.0,5.0,5.0,1.0,1.0,4.0,5.0,5.0,3.0,2.0,1.0,4.0,2.0,4.0,5.0,1.0,2.0,4.0,5.0,5.0,2.0,3.0,2.0,1.0,3.0,1.0,1.0,4.0
356,1.0,3.0,3.0,2.0,2.0,1.0,3.0,3.0,4.0,2.0,3.0,2.0,1.0,3.0,2.0,3.0,3.0,2.0,3.0,2.0,3.0,3.0,2.0,3.0,3.0,3.0,3.0,4.0,3.0,2.0,3.0,2.0
357,1.0,3.0,1.0,5.0,1.0,4.0,4.0,4.0,4.0,4.0,1.0,1.0,4.0,1.0,4.0,1.0,1.0,4.0,1.0,5.0,1.0,5.0,4.0,4.0,1.0,4.0,1.0,4.0,4.0,4.0,4.0,1.0
359,2.0,1.0,2.0,2.0,3.0,2.0,2.0,5.0,2.0,4.0,4.0,4.0,4.0,4.0,3.0,5.0,1.0,3.0,3.0,5.0,5.0,5.0,4.0,2.0,2.0,4.0,3.0,4.0,5.0,3.0,4.0,5.0
360,1.0,1.0,1.0,1.0,2.0,2.0,1.0,3.0,1.0,3.0,3.0,4.0,1.0,2.0,2.0,3.0,1.0,4.0,4.0,5.0,5.0,5.0,1.0,4.0,5.0,4.0,1.0,3.0,2.0,1.0,3.0,3.0
361,2.0,4.0,4.0,3.0,4.0,4.0,4.0,4.0,2.0,5.0,4.0,4.0,5.0,4.0,1.0,5.0,2.0,1.0,5.0,4.0,4.0,3.0,4.0,4.0,4.0,4.0,2.0,4.0,4.0,1.0,3.0,4.0
363,1.0,1.0,1.0,3.0,2.0,2.0,2.0,4.0,2.0,3.0,4.0,3.0,1.0,4.0,2.0,1.0,4.0,3.0,3.0,4.0,4.0,3.0,4.0,4.0,4.0,4.0,4.0,3.0,4.0,2.0,3.0,4.0
364,1.0,2.0,2.0,4.0,1.0,4.0,1.0,4.0,2.0,4.0,4.0,4.0,1.0,3.0,3.0,4.0,1.0,3.0,4.0,4.0,4.0,4.0,4.0,4.0,2.0,4.0,3.0,4.0,4.0,1.0,3.0,4.0
365,5.0,3.0,5.0,4.0,4.0,4.0,4.0,3.0,4.0,3.0,5.0,5.0,3.0,5.0,4.0,3.0,1.0,5.0,5.0,3.0,4.0,4.0,3.0,5.0,1.0,5.0,1.0,5.0,4.0,4.0,5.0,3.0
366,1.0,1.0,1.0,3.0,2.0,1.0,1.0,2.0,1.0,3.0,5.0,4.0,1.0,4.0,5.0,4.0,1.0,3.0,2.0,4.0,4.0,3.0,4.0,5.0,1.0,5.0,1.0,3.0,1.0,2.0,5.0,5.0
367,2.0,2.0,4.0,4.0,5.0,4.0,4.0,2.0,2.0,3.0,4.0,4.0,2.0,4.0,3.0,2.0,2.0,4.0,5.0,4.0,2.0,4.0,4.0,5.0,2.0,3.0,2.0,4.0,2.0,3.0,2.0,5.0
371,4.0,3.0,4.0,2.0,2.0,4.0,4.0,2.0,4.0,2.0,4.0,5.0,3.0,2.0,2.0,2.0,3.0,4.0,2.0,2.0,4.0,2.0,2.0,5.0,4.0,1.0,3.0,4.0,3.0,2.0,2.0,2.0
372,1.0,2.0,4.0,3.0,2.0,1.0,2.0,4.0,4.0,4.0,2.0,4.0,1.0,4.0,3.0,3.0,2.0,3.0,4.0,4.0,2.0,4.0,4.0,3.0,2.0,4.0,2.0,4.0,2.0,4.0,4.0,5.0
373,1.0,4.0,1.0,1.0,2.0,2.0,1.0,2.0,4.0,2.0,2.0,2.0,1.0,2.0,1.0,1.0,2.0,3.0,2.0,2.0,2.0,3.0,1.0,2.0,1.0,4.0,4.0,4.0,2.0,1.0,4.0,2.0
374,2.0,5.0,2.0,4.0,3.0,3.0,2.0,5.0,2.0,2.0,2.0,2.0,3.0,2.0,3.0,5.0,2.0,3.0,4.0,5.0,2.0,4.0,3.0,2.0,2.0,2.0,2.0,2.0,2.0,3.0,2.0,3.0
380,1.0,2.0,1.0,1.0,2.0,1.0,2.0,4.0,1.0,3.0,2.0,5.0,1.0,2.0,2.0,1.0,1.0,2.0,2.0,5.0,1.0,4.0,1.0,5.0,1.0,5.0,1.0,2.0,1.0,2.0,2.0,2.0
382,1.0,3.0,3.0,4.0,4.0,3.0,2.0,4.0,2.0,3.0,3.0,3.0,4.0,3.0,4.0,3.0,1.0,3.0,4.0,4.0,4.0,4.0,3.0,4.0,1.0,3.0,3.0,4.0,3.0,4.0,3.0,3.0
383,1.0,3.0,3.0,4.0,2.0,5.0,1.0,4.0,1.0,5.0,5.0,5.0,1.0,3.0,2.0,4.0,1.0,5.0,3.0,5.0,5.0,4.0,4.0,5.0,1.0,5.0,4.0,5.0,4.0,2.0,5.0,5.0
387,2.0,1.0,1.0,5.0,1.0,5.0,5.0,1.0,3.0,2.0,5.0,1.0,2.0,1.0,1.0,2.0,1.0,1.0,5.0,1.0,5.0,2.0,2.0,5.0,5.0,5.0,1.0,1.0,2.0,1.0,1.0,5.0
389,1.0,2.0,4.0,2.0,2.0,2.0,2.0,2.0,2.0,4.0,3.0,3.0,2.0,3.0,2.0,3.0,1.0,2.0,4.0,4.0,2.0,4.0,3.0,5.0,1.0,3.0,2.0,4.0,2.0,2.0,4.0,3.0
390,1.0,4.0,4.0,1.0,5.0,1.0,5.0,3.0,1.0,1.0,4.0,4.0,1.0,5.0,5.0,1.0,1.0,1.0,5.0,5.0,5.0,4.0,5.0,3.0,1.0,5.0,1.0,4.0,5.0,5.0,3.0,5.0
392,1.0,3.0,1.0,3.0,3.0,5.0,1.0,1.0,1.0,3.0,5.0,5.0,3.0,5.0,1.0,1.0,3.0,2.0,5.0,3.0,5.0,3.0,1.0,4.0,3.0,4.0,1.0,1.0,3.0,1.0,1.0,3.0
393,2.0,2.0,1.0,4.0,4.0,2.0,4.0,4.0,4.0,3.0,4.0,4.0,2.0,2.0,5.0,4.0,2.0,4.0,4.0,4.0,4.0,4.0,1.0,4.0,2.0,4.0,2.0,3.0,2.0,4.0,4.0,4.0
394,1.0,2.0,2.0,2.0,2.0,1.0,2.0,4.0,2.0,4.0,2.0,2.0,1.0,2.0,2.0,1.0,2.0,2.0,2.0,4.0,2.0,5.0,4.0,4.0,5.0,4.0,2.0,2.0,2.0,2.0,2.0,4.0
395,4.0,4.0,2.0,2.0,3.0,3.0,3.0,2.0,3.0,2.0,4.0,4.0,3.0,2.0,2.0,2.0,3.0,2.0,4.0,2.0,4.0,2.0,2.0,4.0,4.0,4.0,3.0,2.0,3.0,2.0,2.0,3.0
398,1.0,4.0,2.0,1.0,2.0,1.0,2.0,1.0,2.0,1.0,2.0,1.0,1.0,2.0,3.0,1.0,2.0,1.0,1.0,1.0,2.0,2.0,1.0,1.0,2.0,2.0,2.0,1.0,2.0,3.0,5.0,2.0
401,1.0,1.0,5.0,1.0,1.0,1.0,1.0,5.0,1.0,4.0,1.0,1.0,1.0,5.0,3.0,1.0,1.0,1.0,1.0,5.0,1.0,4.0,5.0,1.0,1.0,3.0,3.0,1.0,5.0,4.0,1.0,1.0
402,2.0,2.0,4.0,2.0,2.0,2.0,2.0,4.0,3.0,4.0,3.0,3.0,2.0,3.0,2.0,2.0,2.0,3.0,4.0,4.0,4.0,4.0,2.0,4.0,4.0,4.0,2.0,3.0,2.0,2.0,4.0,2.0
403,3.0,4.0,2.0,2.0,2.0,2.0,2.0,4.0,2.0,4.0,2.0,3.0,2.0,2.0,2.0,3.0,2.0,2.0,2.0,4.0,2.0,4.0,2.0,3.0,2.0,4.0,2.0,2.0,2.0,2.0,2.0,2.0
405,3.0,3.0,3.0,2.0,2.0,4.0,4.0,3.0,4.0,3.0,4.0,4.0,3.0,2.0,2.0,3.0,2.0,2.0,3.0,3.0,3.0,3.0,2.0,4.0,3.0,3.0,3.0,3.0,3.0,2.0,3.0,2.0
406,3.0,2.0,2.0,4.0,3.0,3.0,4.0,2.0,3.0,1.0,4.0,4.0,1.0,4.0,1.0,2.0,3.0,1.0,1.0,4.0,4.0,4.0,4.0,4.0,4.0,4.0,4.0,4.0,4.0,1.0,4.0,2.0
407,1.0,5.0,4.0,4.0,1.0,4.0,1.0,4.0,1.0,3.0,1.0,3.0,1.0,4.0,1.0,1.0,1.0,3.0,5.0,3.0,4.0,4.0,4.0,5.0,1.0,5.0,4.0,3.0,1.0,1.0,5.0,5.0
408,1.0,2.0,1.0,3.0,3.0,1.0,1.0,3.0,1.0,3.0,5.0,5.0,1.0,3.0,3.0,3.0,1.0,5.0,3.0,3.0,3.0,4.0,3.0,4.0,1.0,5.0,3.0,3.0,3.0,3.0,3.0,3.0
410,2.0,2.0,5.0,5.0,5.0,2.0,2.0,4.0,4.0,5.0,5.0,5.0,2.0,5.0,4.0,5.0,1.0,5.0,5.0,5.0,5.0,5.0,5.0,5.0,2.0,5.0,4.0,5.0,5.0,2.0,4.0,5.0
411,4.0,3.0,4.0,4.0,3.0,1.0,5.0,2.0,4.0,4.0,4.0,4.0,1.0,4.0,4.0,4.0,1.0,4.0,5.0,4.0,4.0,4.0,4.0,4.0,4.0,4.0,2.0,4.0,4.0,3.0,4.0,4.0
412,1.0,4.0,5.0,1.0,5.0,1.0,1.0,5.0,1.0,1.0,5.0,5.0,1.0,1.0,5.0,1.0,1.0,1.0,1.0,5.0,1.0,1.0,5.0,3.0,1.0,1.0,1.0,1.0,1.0,5.0,5.0,5.0
415,2.0,3.0,3.0,4.0,2.0,2.0,2.0,4.0,2.0,4.0,4.0,4.0,2.0,4.0,2.0,3.0,2.0,4.0,4.0,4.0,4.0,4.0,2.0,4.0,4.0,4.0,2.0,3.0,4.0,3.0,3.0,3.0
419,1.0,4.0,1.0,4.0,1.0,1.0,1.0,1.0,5.0,2.0,1.0,1.0,1.0,5.0,5.0,2.0,1.0,3.0,1.0,1.0,1.0,2.0,1.0,1.0,1.0,5.0,1.0,5.0,1.0,1.0,5.0,4.0
420,1.0,3.0,1.0,2.0,3.0,1.0,1.0,4.0,1.0,4.0,4.0,4.0,1.0,4.0,3.0,4.0,1.0,4.0,2.0,4.0,4.0,4.0,3.0,2.0,1.0,4.0,4.0,4.0,5.0,4.0,4.0,3.0
421,1.0,1.0,1.0,1.0,1.0,1.0,1.0,2.0,1.0,4.0,4.0,4.0,1.0,4.0,4.0,1.0,1.0,4.0,4.0,4.0,1.0,3.0,1.0,4.0,1.0,5.0,1.0,4.0,1.0,4.0,4.0,4.0
422,1.0,1.0,1.0,1.0,1.0,1.0,1.0,1.0,4.0,2.0,1.0,2.0,1.0,1.0,1.0,1.0,1.0,1.0,2.0,1.0,5.0,3.0,1.0,5.0,5.0,5.0,1.0,4.0,1.0,1.0,4.0,1.0
423,1.0,2.0,4.0,3.0,1.0,1.0,1.0,3.0,3.0,2.0,3.0,3.0,1.0,3.0,1.0,2.0,1.0,3.0,2.0,2.0,3.0,4.0,1.0,4.0,1.0,2.0,3.0,3.0,3.0,1.0,3.0,2.0
424,2.0,3.0,2.0,4.0,2.0,2.0,2.0,4.0,4.0,4.0,3.0,3.0,2.0,4.0,4.0,2.0,2.0,2.0,2.0,3.0,4.0,2.0,4.0,3.0,2.0,4.0,4.0,2.0,3.0,2.0,4.0,4.0
427,3.0,1.0,1.0,1.0,1.0,1.0,1.0,1.0,4.0,2.0,2.0,2.0,1.0,2.0,1.0,1.0,1.0,1.0,1.0,1.0,1.0,1.0,1.0,1.0,3.0,3.0,1.0,1.0,4.0,1.0,2.0,1.0
428,2.0,3.0,2.0,3.0,2.0,4.0,4.0,3.0,3.0,2.0,2.0,3.0,1.0,3.0,3.0,2.0,2.0,3.0,2.0,3.0,3.0,2.0,2.0,3.0,2.0,3.0,3.0,3.0,2.0,3.0,3.0,3.0
431,1.0,1.0,5.0,5.0,1.0,1.0,1.0,5.0,5.0,5.0,1.0,1.0,1.0,5.0,5.0,5.0,1.0,5.0,1.0,5.0,5.0,5.0,1.0,1.0,1.0,5.0,5.0,5.0,5.0,5.0,5.0,5.0
439,1.0,1.0,4.0,4.0,1.0,1.0,1.0,2.0,1.0,2.0,1.0,1.0,1.0,3.0,5.0,1.0,1.0,1.0,1.0,2.0,1.0,4.0,1.0,5.0,4.0,5.0,5.0,1.0,1.0,1.0,5.0,2.0
440,2.0,4.0,3.0,3.0,3.0,3.0,3.0,3.0,2.0,2.0,3.0,3.0,3.0,3.0,3.0,3.0,3.0,3.0,2.0,3.0,3.0,3.0,3.0,4.0,3.0,3.0,3.0,2.0,3.0,2.0,2.0,3.0
441,3.0,4.0,3.0,1.0,3.0,3.0,3.0,1.0,3.0,1.0,2.0,2.0,4.0,1.0,1.0,3.0,4.0,2.0,2.0,1.0,4.0,3.0,1.0,2.0,3.0,4.0,4.0,4.0,4.0,1.0,4.0,1.0
442,2.0,2.0,1.0,1.0,2.0,4.0,2.0,2.0,1.0,1.0,2.0,2.0,4.0,2.0,2.0,1.0,2.0,4.0,1.0,5.0,1.0,1.0,4.0,5.0,1.0,4.0,2.0,2.0,2.0,2.0,2.0,5.0
444,1.0,2.0,2.0,2.0,2.0,2.0,5.0,2.0,5.0,2.0,1.0,2.0,2.0,5.0,1.0,2.0,1.0,1.0,2.0,2.0,2.0,2.0,2.0,2.0,2.0,1.0,2.0,1.0,4.0,1.0,1.0,2.0
450,1.0,3.0,3.0,4.0,4.0,3.0,3.0,4.0,4.0,4.0,4.0,4.0,1.0,4.0,4.0,4.0,1.0,3.0,4.0,4.0,4.0,3.0,3.0,5.0,1.0,5.0,4.0,3.0,4.0,4.0,4.0,4.0
452,1.0,3.0,3.0,2.0,3.0,5.0,2.0,3.0,1.0,5.0,5.0,5.0,1.0,4.0,3.0,3.0,1.0,5.0,4.0,5.0,5.0,3.0,4.0,5.0,1.0,5.0,1.0,5.0,1.0,3.0,4.0,5.0
453,1.0,2.0,3.0,3.0,3.0,2.0,2.0,3.0,2.0,4.0,3.0,3.0,1.0,3.0,3.0,4.0,1.0,3.0,3.0,3.0,3.0,4.0,3.0,3.0,1.0,4.0,3.0,5.0,3.0,3.0,4.0,4.0
454,4.0,4.0,4.0,2.0,3.0,4.0,4.0,2.0,4.0,2.0,3.0,5.0,4.0,2.0,3.0,1.0,4.0,2.0,3.0,2.0,4.0,1.0,3.0,5.0,4.0,3.0,4.0,3.0,4.0,3.0,3.0,3.0
456,3.0,5.0,4.0,4.0,5.0,4.0,4.0,5.0,4.0,5.0,3.0,2.0,1.0,4.0,4.0,4.0,2.0,4.0,4.0,5.0,4.0,4.0,5.0,4.0,2.0,4.0,5.0,4.0,5.0,5.0,5.0,4.0
458,4.0,1.0,4.0,3.0,4.0,4.0,4.0,1.0,4.0,2.0,1.0,1.0,2.0,2.0,3.0,1.0,2.0,1.0,2.0,1.0,4.0,4.0,4.0,4.0,4.0,3.0,2.0,4.0,2.0,3.0,3.0,3.0
460,1.0,4.0,4.0,4.0,2.0,2.0,2.0,5.0,2.0,4.0,2.0,4.0,5.0,4.0,2.0,5.0,2.0,4.0,1.0,5.0,5.0,5.0,5.0,1.0,1.0,5.0,5.0,4.0,4.0,2.0,5.0,4.0
461,1.0,4.0,5.0,5.0,1.0,5.0,5.0,4.0,5.0,4.0,1.0,3.0,1.0,5.0,5.0,5.0,1.0,3.0,3.0,5.0,5.0,5.0,2.0,5.0,5.0,5.0,5.0,5.0,5.0,1.0,5.0,1.0
463,1.0,4.0,1.0,2.0,5.0,5.0,5.0,5.0,3.0,2.0,5.0,5.0,1.0,3.0,3.0,1.0,1.0,2.0,5.0,5.0,5.0,2.0,1.0,5.0,1.0,5.0,1.0,3.0,5.0,2.0,3.0,5.0
466,1.0,3.0,1.0,2.0,5.0,1.0,1.0,3.0,1.0,4.0,1.0,4.0,1.0,2.0,2.0,1.0,1.0,2.0,5.0,3.0,1.0,5.0,2.0,5.0,1.0,5.0,3.0,3.0,5.0,2.0,3.0,4.0
468,3.0,3.0,3.0,4.0,2.0,3.0,3.0,3.0,4.0,3.0,3.0,3.0,3.0,4.0,4.0,4.0,2.0,4.0,3.0,3.0,4.0,4.0,3.0,3.0,2.0,4.0,2.0,4.0,3.0,4.0,4.0,4.0
469,2.0,5.0,2.0,2.0,5.0,5.0,5.0,3.0,2.0,2.0,4.0,4.0,3.0,4.0,4.0,2.0,2.0,1.0,4.0,2.0,4.0,2.0,4.0,4.0,2.0,2.0,2.0,2.0,4.0,1.0,2.0,3.0
470,1.0,2.0,1.0,1.0,2.0,1.0,4.0,2.0,1.0,1.0,2.0,2.0,1.0,1.0,5.0,2.0,1.0,1.0,4.0,2.0,2.0,2.0,1.0,4.0,5.0,5.0,2.0,2.0,5.0,1.0,5.0,2.0
471,2.0,3.0,2.0,4.0,4.0,3.0,4.0,3.0,2.0,3.0,3.0,3.0,3.0,4.0,4.0,2.0,3.0,3.0,3.0,3.0,3.0,2.0,3.0,3.0,2.0,3.0,3.0,3.0,3.0,4.0,3.0,3.0
472,3.0,3.0,3.0,1.0,2.0,2.0,3.0,3.0,3.0,1.0,2.0,2.0,3.0,4.0,2.0,3.0,4.0,2.0,2.0,3.0,3.0,3.0,1.0,2.0,4.0,4.0,4.0,2.0,2.0,2.0,4.0,2.0
474,5.0,1.0,1.0,1.0,2.0,1.0,5.0,1.0,5.0,1.0,4.0,1.0,1.0,5.0,2.0,1.0,4.0,1.0,5.0,1.0,5.0,1.0,1.0,5.0,5.0,5.0,4.0,1.0,2.0,2.0,1.0,1.0
475,2.0,5.0,3.0,5.0,4.0,2.0,4.0,5.0,2.0,5.0,5.0,5.0,5.0,5.0,4.0,5.0,2.0,3.0,5.0,5.0,5.0,5.0,5.0,1.0,2.0,5.0,5.0,3.0,5.0,4.0,5.0,5.0
477,1.0,5.0,2.0,2.0,1.0,4.0,3.0,1.0,1.0,5.0,1.0,1.0,2.0,2.0,1.0,1.0,2.0,1.0,5.0,1.0,1.0,2.0,2.0,4.0,2.0,1.0,2.0,1.0,4.0,1.0,1.0,1.0
478,1.0,2.0,1.0,2.0,4.0,4.0,2.0,3.0,2.0,3.0,4.0,3.0,1.0,2.0,4.0,1.0,1.0,2.0,4.0,3.0,5.0,5.0,3.0,4.0,5.0,4.0,3.0,2.0,3.0,3.0,4.0,5.0
483,1.0,3.0,5.0,3.0,3.0,1.0,2.0,3.0,3.0,4.0,2.0,4.0,1.0,3.0,3.0,3.0,1.0,4.0,2.0,4.0,3.0,5.0,3.0,4.0,5.0,4.0,3.0,4.0,3.0,3.0,4.0,4.0
485,2.0,3.0,4.0,2.0,2.0,2.0,4.0,3.0,4.0,3.0,3.0,3.0,2.0,4.0,2.0,2.0,2.0,3.0,3.0,3.0,4.0,3.0,2.0,3.0,4.0,4.0,4.0,3.0,2.0,2.0,4.0,2.0
487,2.0,3.0,4.0,4.0,3.0,5.0,1.0,3.0,2.0,4.0,4.0,3.0,2.0,3.0,3.0,4.0,2.0,3.0,4.0,4.0,2.0,4.0,3.0,4.0,2.0,4.0,2.0,3.0,2.0,3.0,3.0,5.0
489,2.0,2.0,2.0,3.0,2.0,2.0,3.0,2.0,3.0,2.0,2.0,2.0,2.0,2.0,2.0,2.0,2.0,2.0,4.0,2.0,2.0,3.0,2.0,4.0,2.0,2.0,2.0,2.0,2.0,2.0,2.0,2.0
495,1.0,5.0,2.0,1.0,1.0,1.0,3.0,4.0,2.0,1.0,2.0,2.0,1.0,4.0,4.0,1.0,2.0,1.0,5.0,1.0,2.0,1.0,1.0,5.0,2.0,5.0,2.0,1.0,2.0,1.0,4.0,5.0
496,1.0,5.0,1.0,3.0,1.0,1.0,5.0,1.0,3.0,1.0,1.0,1.0,1.0,3.0,1.0,1.0,1.0,2.0,1.0,1.0,3.0,3.0,3.0,5.0,1.0,5.0,5.0,5.0,5.0,1.0,5.0,1.0
497,1.0,1.0,1.0,2.0,4.0,5.0,1.0,4.0,2.0,4.0,5.0,5.0,1.0,2.0,2.0,1.0,1.0,3.0,4.0,4.0,4.0,4.0,4.0,5.0,1.0,5.0,4.0,2.0,4.0,4.0,2.0,4.0
499,1.0,4.0,5.0,4.0,5.0,5.0,5.0,5.0,1.0,5.0,3.0,5.0,1.0,1.0,3.0,5.0,3.0,5.0,5.0,5.0,4.0,5.0,5.0,5.0,4.0,4.0,1.0,5.0,3.0,3.0,5.0,4.0
502,1.0,3.0,5.0,2.0,2.0,2.0,2.0,5.0,1.0,5.0,2.0,5.0,4.0,5.0,2.0,5.0,2.0,2.0,1.0,5.0,5.0,5.0,2.0,5.0,2.0,5.0,2.0,5.0,5.0,5.0,5.0,5.0
507,1.0,5.0,5.0,5.0,1.0,1.0,1.0,5.0,1.0,5.0,1.0,1.0,1.0,5.0,5.0,5.0,1.0,5.0,1.0,5.0,5.0,5.0,5.0,5.0,1.0,5.0,1.0,5.0,5.0,5.0,5.0,5.0
508,2.0,2.0,4.0,4.0,3.0,4.0,2.0,4.0,2.0,2.0,4.0,4.0,2.0,2.0,3.0,2.0,2.0,2.0,4.0,4.0,2.0,4.0,3.0,4.0,2.0,3.0,2.0,2.0,2.0,2.0,2.0,3.0
509,2.0,4.0,2.0,4.0,4.0,3.0,3.0,4.0,2.0,2.0,2.0,2.0,2.0,4.0,4.0,2.0,2.0,2.0,4.0,4.0,2.0,2.0,4.0,4.0,2.0,4.0,4.0,2.0,4.0,4.0,4.0,4.0
510,1.0,1.0,3.0,3.0,5.0,3.0,3.0,5.0,3.0,5.0,5.0,3.0,5.0,3.0,5.0,3.0,1.0,3.0,3.0,5.0,1.0,3.0,5.0,3.0,1.0,5.0,1.0,3.0,4.0,5.0,5.0,5.0
511,1.0,4.0,2.0,2.0,2.0,2.0,2.0,2.0,3.0,2.0,2.0,2.0,1.0,2.0,2.0,2.0,1.0,2.0,2.0,2.0,1.0,2.0,2.0,2.0,1.0,2.0,2.0,2.0,3.0,2.0,1.0,2.0
517,2.0,1.0,2.0,4.0,4.0,4.0,2.0,4.0,2.0,4.0,4.0,4.0,2.0,2.0,3.0,2.0,2.0,5.0,4.0,4.0,4.0,4.0,2.0,4.0,2.0,4.0,2.0,4.0,2.0,2.0,3.0,4.0
518,2.0,2.0,4.0,4.0,2.0,4.0,2.0,4.0,2.0,4.0,3.0,4.0,1.0,3.0,2.0,4.0,3.0,3.0,4.0,4.0,4.0,4.0,2.0,4.0,4.0,4.0,2.0,4.0,4.0,2.0,4.0,4.0
520,4.0,5.0,4.0,3.0,4.0,3.0,3.0,4.0,3.0,3.0,3.0,3.0,3.0,3.0,4.0,3.0,4.0,2.0,2.0,4.0,4.0,4.0,3.0,4.0,4.0,4.0,4.0,2.0,4.0,1.0,2.0,3.0
521,2.0,3.0,3.0,3.0,4.0,4.0,4.0,3.0,2.0,3.0,4.0,4.0,3.0,4.0,4.0,3.0,2.0,3.0,4.0,4.0,4.0,3.0,3.0,4.0,2.0,4.0,2.0,3.0,4.0,4.0,2.0,4.0
522,1.0,2.0,4.0,5.0,4.0,4.0,4.0,3.0,4.0,3.0,4.0,4.0,2.0,4.0,4.0,1.0,4.0,3.0,3.0,4.0,4.0,5.0,2.0,4.0,4.0,4.0,4.0,3.0,4.0,3.0,3.0,3.0
523,2.0,4.0,4.0,4.0,5.0,1.0,1.0,1.0,1.0,1.0,4.0,4.0,4.0,4.0,1.0,1.0,3.0,1.0,5.0,4.0,4.0,2.0,4.0,4.0,3.0,4.0,3.0,1.0,4.0,5.0,1.0,4.0
524,2.0,4.0,2.0,5.0,5.0,4.0,2.0,5.0,2.0,5.0,3.0,4.0,2.0,3.0,3.0,2.0,3.0,2.0,5.0,5.0,4.0,5.0,4.0,5.0,2.0,5.0,3.0,5.0,5.0,3.0,5.0,5.0
525,3.0,5.0,2.0,2.0,5.0,4.0,3.0,5.0,3.0,5.0,4.0,5.0,3.0,4.0,5.0,2.0,3.0,1.0,4.0,5.0,2.0,2.0,5.0,4.0,3.0,4.0,3.0,1.0,3.0,5.0,2.0,2.0
527,2.0,5.0,2.0,5.0,4.0,5.0,5.0,1.0,2.0,1.0,4.0,3.0,1.0,1.0,4.0,2.0,1.0,1.0,1.0,1.0,2.0,2.0,5.0,2.0,2.0,5.0,5.0,1.0,5.0,4.0,5.0,1.0
530,1.0,3.0,1.0,1.0,2.0,1.0,1.0,2.0,1.0,1.0,2.0,2.0,1.0,4.0,1.0,1.0,2.0,3.0,1.0,2.0,1.0,4.0,1.0,2.0,1.0,4.0,4.0,3.0,1.0,1.0,3.0,1.0
532,2.0,3.0,2.0,2.0,2.0,2.0,2.0,3.0,2.0,2.0,3.0,3.0,2.0,3.0,4.0,2.0,2.0,3.0,3.0,2.0,2.0,4.0,2.0,3.0,2.0,3.0,3.0,4.0,2.0,5.0,3.0,1.0
538,2.0,2.0,2.0,2.0,2.0,2.0,4.0,2.0,2.0,4.0,2.0,2.0,2.0,4.0,4.0,2.0,2.0,2.0,2.0,2.0,3.0,3.0,4.0,4.0,2.0,4.0,2.0,4.0,2.0,2.0,4.0,2.0
539,1.0,2.0,1.0,2.0,4.0,4.0,4.0,4.0,4.0,1.0,1.0,1.0,2.0,4.0,4.0,2.0,1.0,3.0,4.0,4.0,4.0,5.0,2.0,5.0,2.0,4.0,2.0,4.0,4.0,4.0,2.0,4.0
540,1.0,1.0,1.0,1.0,1.0,3.0,1.0,2.0,3.0,1.0,1.0,1.0,1.0,1.0,1.0,1.0,2.0,3.0,1.0,1.0,1.0,3.0,1.0,3.0,3.0,3.0,2.0,3.0,2.0,1.0,1.0,1.0
541,1.0,3.0,1.0,4.0,1.0,1.0,1.0,3.0,1.0,3.0,3.0,3.0,1.0,3.0,1.0,3.0,1.0,3.0,3.0,3.0,4.0,4.0,1.0,4.0,1.0,4.0,4.0,3.0,3.0,3.0,3.0,3.0
545,2.0,3.0,2.0,2.0,1.0,4.0,1.0,1.0,3.0,1.0,1.0,1.0,2.0,2.0,3.0,4.0,2.0,1.0,1.0,1.0,2.0,2.0,4.0,1.0,2.0,1.0,2.0,1.0,3.0,3.0,1.0,2.0
546,3.0,2.0,3.0,3.0,3.0,4.0,3.0,2.0,3.0,4.0,3.0,3.0,3.0,4.0,4.0,3.0,1.0,3.0,3.0,5.0,2.0,3.0,4.0,5.0,3.0,4.0,2.0,2.0,2.0,2.0,4.0,4.0
547,1.0,3.0,2.0,2.0,2.0,4.0,4.0,3.0,1.0,2.0,2.0,2.0,2.0,3.0,4.0,2.0,2.0,2.0,2.0,2.0,2.0,2.0,2.0,2.0,1.0,3.0,2.0,2.0,2.0,2.0,3.0,2.0
548,1.0,2.0,4.0,4.0,4.0,5.0,2.0,4.0,1.0,4.0,5.0,5.0,5.0,4.0,4.0,4.0,1.0,4.0,4.0,5.0,5.0,4.0,5.0,5.0,1.0,5.0,1.0,4.0,5.0,4.0,4.0,5.0
549,1.0,3.0,1.0,3.0,3.0,3.0,3.0,4.0,2.0,2.0,3.0,2.0,2.0,2.0,1.0,3.0,2.0,2.0,3.0,4.0,4.0,4.0,3.0,4.0,4.0,4.0,4.0,2.0,4.0,1.0,2.0,3.0
550,1.0,1.0,4.0,4.0,4.0,2.0,4.0,4.0,1.0,3.0,4.0,4.0,2.0,4.0,4.0,2.0,2.0,4.0,3.0,4.0,4.0,4.0,3.0,4.0,4.0,4.0,1.0,4.0,4.0,4.0,4.0,4.0
553,2.0,2.0,1.0,5.0,5.0,2.0,5.0,5.0,5.0,5.0,1.0,5.0,2.0,1.0,5.0,2.0,1.0,5.0,5.0,5.0,5.0,5.0,1.0,5.0,3.0,5.0,1.0,5.0,5.0,5.0,5.0,5.0
554,1.0,2.0,1.0,1.0,1.0,1.0,5.0,5.0,4.0,5.0,5.0,5.0,1.0,5.0,1.0,1.0,1.0,5.0,5.0,5.0,5.0,2.0,1.0,5.0,1.0,5.0,1.0,4.0,1.0,1.0,5.0,5.0
555,1.0,4.0,3.0,3.0,3.0,5.0,4.0,4.0,1.0,4.0,1.0,4.0,1.0,4.0,3.0,1.0,1.0,2.0,3.0,3.0,3.0,3.0,1.0,5.0,1.0,4.0,3.0,4.0,4.0,3.0,4.0,3.0
557,5.0,3.0,4.0,4.0,5.0,5.0,5.0,3.0,5.0,4.0,4.0,4.0,3.0,3.0,2.0,3.0,3.0,5.0,5.0,4.0,3.0,4.0,3.0,5.0,5.0,3.0,3.0,3.0,3.0,3.0,3.0,3.0
558,2.0,1.0,2.0,3.0,5.0,3.0,2.0,1.0,2.0,3.0,4.0,4.0,1.0,4.0,4.0,1.0,1.0,4.0,5.0,5.0,4.0,3.0,1.0,5.0,2.0,4.0,1.0,4.0,1.0,5.0,4.0,5.0
560,2.0,2.0,3.0,3.0,4.0,4.0,3.0,3.0,3.0,3.0,4.0,4.0,3.0,3.0,2.0,3.0,2.0,3.0,4.0,4.0,2.0,3.0,3.0,4.0,2.0,4.0,2.0,3.0,3.0,3.0,3.0,4.0
561,2.0,3.0,4.0,4.0,4.0,4.0,2.0,4.0,2.0,3.0,4.0,4.0,2.0,4.0,4.0,2.0,2.0,5.0,4.0,4.0,4.0,4.0,4.0,4.0,4.0,4.0,4.0,5.0,4.0,5.0,4.0,5.0
562,2.0,4.0,4.0,3.0,2.0,3.0,2.0,4.0,2.0,3.0,2.0,2.0,2.0,3.0,3.0,4.0,2.0,2.0,3.0,4.0,4.0,4.0,3.0,2.0,2.0,3.0,2.0,4.0,3.0,3.0,4.0,3.0
563,1.0,2.0,4.0,3.0,2.0,3.0,2.0,2.0,1.0,2.0,3.0,3.0,2.0,2.0,4.0,1.0,1.0,3.0,3.0,5.0,3.0,3.0,2.0,5.0,1.0,4.0,1.0,3.0,2.0,2.0,4.0,4.0
567,2.0,2.0,2.0,3.0,4.0,4.0,4.0,3.0,2.0,1.0,2.0,3.0,2.0,2.0,2.0,2.0,2.0,3.0,3.0,3.0,2.0,2.0,2.0,3.0,2.0,2.0,2.0,2.0,2.0,1.0,2.0,3.0
569,2.0,3.0,2.0,4.0,3.0,2.0,4.0,4.0,4.0,4.0,4.0,2.0,2.0,4.0,3.0,2.0,2.0,2.0,2.0,4.0,4.0,4.0,4.0,4.0,2.0,4.0,3.0,4.0,3.0,3.0,4.0,3.0
570,1.0,4.0,5.0,5.0,3.0,1.0,1.0,5.0,1.0,2.0,5.0,2.0,1.0,2.0,5.0,2.0,1.0,4.0,5.0,5.0,5.0,5.0,5.0,5.0,1.0,5.0,5.0,5.0,5.0,5.0,5.0,2.0
571,2.0,4.0,1.0,4.0,3.0,3.0,2.0,1.0,2.0,2.0,3.0,3.0,3.0,2.0,3.0,3.0,1.0,3.0,1.0,3.0,3.0,3.0,3.0,3.0,2.0,2.0,4.0,2.0,2.0,1.0,2.0,3.0
573,1.0,5.0,3.0,1.0,1.0,2.0,4.0,1.0,3.0,4.0,3.0,3.0,1.0,3.0,4.0,1.0,4.0,1.0,1.0,1.0,3.0,3.0,2.0,3.0,3.0,4.0,4.0,4.0,4.0,1.0,4.0,1.0
574,5.0,3.0,3.0,3.0,5.0,5.0,5.0,5.0,5.0,3.0,5.0,5.0,5.0,5.0,1.0,3.0,1.0,3.0,5.0,5.0,3.0,3.0,5.0,5.0,1.0,5.0,1.0,3.0,5.0,1.0,3.0,5.0
575,2.0,4.0,3.0,3.0,3.0,3.0,3.0,4.0,3.0,4.0,3.0,4.0,3.0,3.0,2.0,3.0,2.0,4.0,3.0,4.0,4.0,3.0,4.0,3.0,2.0,4.0,2.0,3.0,4.0,2.0,4.0,4.0
577,1.0,2.0,1.0,5.0,4.0,1.0,1.0,4.0,1.0,3.0,3.0,3.0,1.0,4.0,3.0,1.0,1.0,4.0,3.0,4.0,4.0,4.0,3.0,3.0,1.0,3.0,4.0,4.0,3.0,4.0,3.0,4.0
578,1.0,5.0,5.0,5.0,2.0,1.0,5.0,5.0,1.0,5.0,2.0,5.0,1.0,5.0,3.0,5.0,1.0,5.0,2.0,5.0,5.0,5.0,5.0,5.0,1.0,5.0,5.0,5.0,5.0,3.0,5.0,5.0
580,1.0,4.0,1.0,4.0,5.0,5.0,1.0,2.0,1.0,4.0,5.0,5.0,2.0,2.0,5.0,1.0,2.0,4.0,5.0,5.0,4.0,4.0,2.0,5.0,1.0,5.0,2.0,5.0,2.0,3.0,5.0,5.0
582,2.0,2.0,2.0,2.0,4.0,2.0,2.0,4.0,2.0,3.0,4.0,4.0,2.0,4.0,4.0,2.0,4.0,4.0,2.0,4.0,4.0,2.0,4.0,2.0,2.0,4.0,4.0,4.0,4.0,4.0,4.0,4.0
583,5.0,2.0,5.0,3.0,3.0,2.0,3.0,3.0,3.0,3.0,2.0,5.0,2.0,3.0,3.0,2.0,4.0,2.0,2.0,3.0,2.0,2.0,2.0,1.0,4.0,2.0,3.0,2.0,3.0,3.0,2.0,2.0
588,3.0,4.0,3.0,2.0,5.0,5.0,5.0,2.0,3.0,3.0,4.0,3.0,2.0,2.0,3.0,4.0,2.0,2.0,5.0,5.0,2.0,2.0,5.0,5.0,3.0,2.0,2.0,2.0,4.0,3.0,2.0,3.0
592,1.0,2.0,1.0,4.0,5.0,4.0,3.0,2.0,3.0,4.0,4.0,4.0,1.0,1.0,1.0,1.0,2.0,4.0,5.0,4.0,5.0,5.0,1.0,5.0,5.0,5.0,2.0,4.0,4.0,1.0,4.0,4.0
593,1.0,5.0,2.0,2.0,3.0,5.0,2.0,3.0,2.0,3.0,3.0,2.0,1.0,2.0,3.0,2.0,1.0,2.0,3.0,3.0,3.0,1.0,3.0,3.0,1.0,3.0,2.0,2.0,5.0,3.0,3.0,2.0
596,1.0,1.0,1.0,5.0,1.0,5.0,1.0,5.0,1.0,4.0,1.0,5.0,1.0,1.0,1.0,1.0,1.0,5.0,5.0,5.0,5.0,4.0,1.0,5.0,5.0,5.0,1.0,5.0,1.0,1.0,5.0,5.0
599,2.0,1.0,4.0,4.0,2.0,4.0,2.0,1.0,2.0,4.0,2.0,3.0,2.0,4.0,2.0,4.0,2.0,4.0,4.0,4.0,4.0,4.0,2.0,5.0,4.0,3.0,2.0,3.0,2.0,2.0,3.0,4.0
600,1.0,2.0,5.0,5.0,3.0,1.0,1.0,5.0,1.0,1.0,1.0,1.0,1.0,1.0,3.0,1.0,1.0,2.0,5.0,5.0,5.0,5.0,1.0,5.0,5.0,5.0,1.0,1.0,1.0,1.0,1.0,5.0
601,3.0,3.0,2.0,4.0,3.0,3.0,3.0,2.0,4.0,4.0,2.0,2.0,3.0,4.0,4.0,2.0,2.0,4.0,2.0,2.0,2.0,2.0,2.0,4.0,3.0,4.0,2.0,4.0,2.0,4.0,4.0,4.0
602,2.0,2.0,3.0,2.0,2.0,2.0,2.0,4.0,2.0,2.0,3.0,4.0,2.0,3.0,2.0,2.0,2.0,2.0,2.0,4.0,2.0,2.0,3.0,4.0,2.0,3.0,2.0,2.0,3.0,2.0,2.0,2.0
603,2.0,2.0,4.0,4.0,3.0,3.0,2.0,4.0,2.0,4.0,4.0,4.0,4.0,4.0,3.0,4.0,1.0,3.0,4.0,4.0,4.0,4.0,4.0,4.0,4.0,4.0,4.0,3.0,4.0,3.0,4.0,3.0
606,1.0,4.0,3.0,3.0,1.0,1.0,1.0,5.0,5.0,2.0,1.0,1.0,1.0,3.0,2.0,1.0,1.0,3.0,1.0,2.0,1.0,3.0,1.0,1.0,1.0,3.0,1.0,3.0,5.0,3.0,5.0,2.0
608,1.0,4.0,1.0,1.0,2.0,2.0,2.0,3.0,1.0,3.0,3.0,3.0,1.0,4.0,4.0,1.0,1.0,1.0,1.0,3.0,1.0,1.0,3.0,3.0,1.0,3.0,4.0,4.0,3.0,1.0,4.0,3.0
609,1.0,4.0,2.0,3.0,5.0,4.0,5.0,3.0,5.0,3.0,5.0,4.0,3.0,4.0,3.0,4.0,1.0,4.0,5.0,5.0,4.0,3.0,2.0,5.0,1.0,5.0,3.0,4.0,3.0,3.0,4.0,5.0
610,1.0,4.0,1.0,1.0,3.0,1.0,1.0,1.0,1.0,3.0,3.0,1.0,1.0,3.0,3.0,3.0,3.0,1.0,5.0,3.0,3.0,3.0,1.0,1.0,3.0,3.0,1.0,1.0,3.0,1.0,3.0,3.0
612,2.0,1.0,2.0,3.0,2.0,1.0,5.0,5.0,5.0,5.0,2.0,2.0,1.0,5.0,2.0,1.0,3.0,3.0,2.0,5.0,3.0,3.0,5.0,5.0,3.0,5.0,3.0,3.0,5.0,2.0,5.0,2.0
613,1.0,4.0,4.0,3.0,3.0,3.0,4.0,5.0,1.0,4.0,5.0,5.0,3.0,4.0,2.0,4.0,1.0,3.0,5.0,5.0,3.0,3.0,3.0,5.0,1.0,5.0,3.0,4.0,4.0,2.0,5.0,5.0
614,1.0,1.0,1.0,5.0,1.0,1.0,1.0,1.0,5.0,4.0,2.0,4.0,1.0,5.0,4.0,1.0,2.0,5.0,1.0,1.0,1.0,5.0,1.0,4.0,5.0,4.0,2.0,5.0,1.0,1.0,4.0,1.0
615,1.0,2.0,2.0,4.0,3.0,2.0,2.0,4.0,2.0,4.0,2.0,4.0,2.0,4.0,3.0,4.0,2.0,4.0,3.0,4.0,2.0,4.0,4.0,3.0,2.0,5.0,2.0,4.0,2.0,3.0,4.0,5.0
616,1.0,2.0,2.0,1.0,5.0,1.0,3.0,5.0,3.0,3.0,2.0,2.0,1.0,3.0,2.0,1.0,5.0,2.0,2.0,5.0,2.0,4.0,2.0,5.0,5.0,4.0,5.0,2.0,5.0,2.0,4.0,3.0
619,1.0,3.0,4.0,4.0,3.0,4.0,3.0,4.0,1.0,5.0,3.0,3.0,3.0,4.0,4.0,4.0,1.0,5.0,3.0,5.0,4.0,4.0,4.0,3.0,1.0,4.0,1.0,4.0,1.0,3.0,4.0,5.0
624,2.0,2.0,4.0,4.0,2.0,1.0,2.0,4.0,2.0,4.0,2.0,4.0,2.0,4.0,5.0,4.0,2.0,4.0,1.0,4.0,2.0,4.0,2.0,1.0,2.0,5.0,2.0,4.0,2.0,4.0,5.0,5.0
625,1.0,1.0,5.0,5.0,1.0,1.0,2.0,5.0,2.0,5.0,1.0,2.0,1.0,2.0,1.0,1.0,1.0,5.0,2.0,5.0,5.0,5.0,1.0,2.0,5.0,5.0,1.0,5.0,1.0,1.0,5.0,5.0
628,1.0,4.0,4.0,4.0,5.0,1.0,5.0,5.0,1.0,3.0,5.0,5.0,1.0,4.0,3.0,1.0,1.0,4.0,5.0,5.0,4.0,4.0,1.0,5.0,1.0,5.0,4.0,4.0,1.0,3.0,4.0,5.0
629,1.0,1.0,5.0,1.0,1.0,5.0,5.0,5.0,5.0,1.0,1.0,1.0,1.0,1.0,1.0,1.0,5.0,1.0,1.0,1.0,1.0,5.0,1.0,5.0,5.0,1.0,5.0,1.0,5.0,1.0,1.0,1.0
631,1.0,2.0,1.0,3.0,2.0,2.0,2.0,3.0,3.0,3.0,1.0,5.0,1.0,3.0,3.0,3.0,1.0,5.0,2.0,3.0,3.0,3.0,2.0,5.0,5.0,3.0,3.0,5.0,3.0,3.0,5.0,3.0
634,3.0,4.0,2.0,2.0,3.0,5.0,3.0,3.0,3.0,4.0,2.0,2.0,3.0,3.0,3.0,2.0,5.0,2.0,3.0,4.0,4.0,2.0,1.0,3.0,4.0,3.0,3.0,3.0,3.0,3.0,3.0,4.0
635,2.0,5.0,2.0,3.0,3.0,3.0,5.0,3.0,2.0,3.0,3.0,3.0,3.0,3.0,3.0,4.0,1.0,3.0,3.0,3.0,3.0,3.0,3.0,5.0,2.0,5.0,3.0,5.0,5.0,3.0,5.0,5.0
639,1.0,4.0,1.0,5.0,1.0,1.0,5.0,4.0,1.0,4.0,1.0,4.0,1.0,5.0,5.0,1.0,1.0,1.0,1.0,4.0,5.0,3.0,4.0,1.0,1.0,5.0,5.0,5.0,2.0,5.0,5.0,5.0
641,4.0,4.0,1.0,2.0,3.0,3.0,3.0,3.0,1.0,2.0,3.0,3.0,4.0,3.0,3.0,1.0,4.0,3.0,5.0,3.0,1.0,1.0,3.0,5.0,4.0,2.0,4.0,1.0,2.0,3.0,1.0,2.0
642,3.0,4.0,3.0,3.0,3.0,3.0,3.0,3.0,3.0,3.0,3.0,3.0,3.0,3.0,3.0,3.0,3.0,3.0,3.0,3.0,3.0,5.0,4.0,4.0,3.0,4.0,3.0,3.0,3.0,3.0,4.0,3.0
644,1.0,5.0,5.0,4.0,1.0,5.0,5.0,2.0,3.0,2.0,5.0,5.0,1.0,5.0,1.0,5.0,1.0,5.0,4.0,4.0,4.0,4.0,5.0,4.0,3.0,4.0,2.0,5.0,2.0,2.0,2.0,4.0
645,1.0,3.0,1.0,4.0,1.0,1.0,1.0,4.0,1.0,4.0,1.0,1.0,1.0,5.0,5.0,1.0,1.0,5.0,1.0,5.0,5.0,4.0,1.0,5.0,1.0,5.0,1.0,5.0,1.0,5.0,5.0,5.0
650,4.0,2.0,1.0,4.0,3.0,3.0,3.0,2.0,4.0,4.0,3.0,5.0,2.0,4.0,2.0,3.0,2.0,2.0,3.0,3.0,4.0,4.0,3.0,5.0,4.0,4.0,2.0,2.0,4.0,2.0,2.0,4.0
651,1.0,3.0,3.0,3.0,2.0,2.0,2.0,3.0,2.0,3.0,2.0,3.0,2.0,4.0,4.0,3.0,2.0,3.0,3.0,3.0,3.0,3.0,2.0,2.0,2.0,3.0,3.0,3.0,3.0,2.0,4.0,3.0
652,2.0,3.0,2.0,2.0,2.0,2.0,2.0,4.0,2.0,4.0,4.0,4.0,3.0,2.0,2.0,2.0,2.0,4.0,4.0,4.0,4.0,4.0,2.0,4.0,2.0,4.0,2.0,4.0,2.0,2.0,4.0,4.0
654,1.0,4.0,1.0,2.0,3.0,1.0,1.0,1.0,2.0,1.0,3.0,1.0,1.0,1.0,3.0,1.0,1.0,1.0,1.0,1.0,2.0,2.0,1.0,5.0,2.0,5.0,1.0,1.0,1.0,3.0,5.0,4.0
656,1.0,1.0,1.0,1.0,5.0,1.0,1.0,4.0,1.0,1.0,4.0,4.0,1.0,4.0,5.0,1.0,1.0,2.0,5.0,4.0,4.0,4.0,4.0,5.0,1.0,5.0,4.0,4.0,4.0,5.0,5.0,5.0
657,1.0,1.0,1.0,3.0,5.0,5.0,5.0,1.0,1.0,3.0,5.0,5.0,1.0,1.0,2.0,1.0,3.0,1.0,5.0,5.0,1.0,4.0,5.0,5.0,3.0,1.0,3.0,1.0,4.0,1.0,1.0,5.0
658,2.0,4.0,2.0,2.0,4.0,2.0,4.0,2.0,2.0,4.0,4.0,4.0,2.0,4.0,4.0,2.0,1.0,2.0,4.0,2.0,4.0,3.0,2.0,4.0,1.0,4.0,3.0,4.0,4.0,4.0,4.0,5.0
659,3.0,3.0,2.0,2.0,2.0,2.0,2.0,2.0,3.0,3.0,1.0,1.0,2.0,3.0,3.0,3.0,3.0,2.0,2.0,2.0,3.0,2.0,2.0,3.0,3.0,3.0,3.0,3.0,3.0,1.0,3.0,3.0
661,3.0,4.0,4.0,4.0,5.0,3.0,5.0,4.0,5.0,4.0,4.0,4.0,1.0,5.0,1.0,4.0,3.0,1.0,4.0,4.0,4.0,4.0,1.0,5.0,3.0,5.0,1.0,1.0,5.0,2.0,4.0,4.0
663,4.0,4.0,4.0,1.0,3.0,4.0,4.0,1.0,4.0,1.0,2.0,4.0,1.0,4.0,4.0,1.0,4.0,1.0,2.0,1.0,2.0,1.0,4.0,3.0,5.0,3.0,4.0,4.0,5.0,3.0,4.0,3.0
664,2.0,4.0,5.0,4.0,3.0,5.0,4.0,4.0,2.0,2.0,3.0,3.0,2.0,3.0,3.0,2.0,3.0,3.0,4.0,4.0,3.0,4.0,5.0,4.0,2.0,4.0,3.0,3.0,2.0,3.0,3.0,2.0
668,2.0,3.0,3.0,2.0,3.0,2.0,3.0,3.0,2.0,3.0,4.0,4.0,2.0,3.0,2.0,2.0,4.0,2.0,3.0,3.0,3.0,3.0,3.0,3.0,2.0,3.0,4.0,3.0,4.0,1.0,2.0,2.0
670,3.0,2.0,2.0,2.0,3.0,4.0,2.0,2.0,3.0,2.0,3.0,3.0,2.0,4.0,4.0,2.0,3.0,2.0,4.0,2.0,4.0,1.0,2.0,3.0,3.0,4.0,4.0,2.0,4.0,2.0,2.0,2.0
672,2.0,3.0,2.0,2.0,4.0,2.0,2.0,4.0,2.0,4.0,3.0,3.0,2.0,3.0,1.0,2.0,3.0,2.0,4.0,4.0,3.0,3.0,2.0,4.0,2.0,4.0,3.0,3.0,2.0,3.0,4.0,4.0
673,2.0,1.0,2.0,1.0,1.0,3.0,2.0,1.0,2.0,1.0,2.0,2.0,1.0,1.0,1.0,1.0,1.0,1.0,5.0,1.0,1.0,4.0,1.0,3.0,2.0,3.0,1.0,1.0,1.0,1.0,1.0,1.0
675,2.0,3.0,2.0,2.0,5.0,2.0,2.0,3.0,4.0,2.0,3.0,3.0,2.0,2.0,5.0,2.0,2.0,2.0,2.0,2.0,2.0,2.0,2.0,3.0,2.0,3.0,3.0,2.0,2.0,2.0,3.0,5.0
676,1.0,4.0,2.0,1.0,1.0,3.0,3.0,4.0,5.0,4.0,2.0,2.0,1.0,2.0,2.0,3.0,1.0,2.0,2.0,4.0,1.0,4.0,3.0,1.0,1.0,2.0,4.0,2.0,1.0,2.0,2.0,1.0
677,3.0,5.0,1.0,1.0,3.0,1.0,1.0,1.0,3.0,1.0,5.0,1.0,1.0,1.0,3.0,1.0,5.0,1.0,5.0,1.0,1.0,1.0,1.0,3.0,1.0,5.0,1.0,1.0,5.0,3.0,5.0,1.0
678,2.0,4.0,4.0,4.0,2.0,2.0,2.0,4.0,2.0,4.0,2.0,4.0,2.0,4.0,4.0,4.0,2.0,4.0,4.0,4.0,4.0,4.0,4.0,2.0,2.0,4.0,2.0,4.0,2.0,4.0,4.0,4.0
679,1.0,5.0,5.0,5.0,5.0,2.0,5.0,5.0,3.0,5.0,2.0,5.0,2.0,5.0,5.0,5.0,2.0,5.0,5.0,5.0,5.0,5.0,5.0,2.0,5.0,5.0,5.0,5.0,5.0,5.0,5.0,5.0
680,1.0,3.0,1.0,4.0,3.0,1.0,4.0,3.0,4.0,3.0,1.0,3.0,1.0,4.0,3.0,3.0,1.0,3.0,3.0,3.0,3.0,3.0,1.0,1.0,1.0,4.0,3.0,3.0,4.0,3.0,3.0,3.0
682,1.0,2.0,1.0,1.0,1.0,1.0,2.0,2.0,1.0,2.0,3.0,2.0,1.0,3.0,1.0,1.0,1.0,3.0,2.0,2.0,1.0,3.0,1.0,2.0,5.0,4.0,1.0,4.0,5.0,1.0,4.0,2.0
685,1.0,5.0,2.0,5.0,5.0,4.0,5.0,5.0,1.0,5.0,5.0,5.0,5.0,5.0,5.0,5.0,1.0,4.0,5.0,5.0,5.0,5.0,4.0,5.0,1.0,5.0,5.0,5.0,5.0,5.0,5.0,5.0
686,2.0,5.0,2.0,3.0,4.0,3.0,4.0,2.0,2.0,1.0,5.0,4.0,1.0,5.0,4.0,1.0,2.0,3.0,4.0,4.0,2.0,3.0,3.0,4.0,2.0,4.0,2.0,4.0,5.0,1.0,4.0,5.0
687,2.0,2.0,2.0,2.0,2.0,2.0,2.0,2.0,2.0,2.0,2.0,2.0,2.0,4.0,1.0,2.0,2.0,2.0,2.0,2.0,2.0,3.0,2.0,5.0,2.0,4.0,2.0,2.0,2.0,1.0,4.0,2.0
688,2.0,3.0,3.0,3.0,3.0,5.0,3.0,3.0,2.0,3.0,3.0,3.0,3.0,4.0,3.0,3.0,1.0,3.0,5.0,3.0,3.0,3.0,3.0,5.0,1.0,5.0,3.0,3.0,5.0,3.0,3.0,3.0
689,3.0,5.0,3.0,3.0,3.0,3.0,3.0,2.0,4.0,4.0,3.0,3.0,3.0,3.0,2.0,3.0,3.0,3.0,3.0,2.0,3.0,3.0,2.0,5.0,3.0,3.0,3.0,4.0,5.0,2.0,4.0,5.0
690,1.0,4.0,5.0,1.0,2.0,1.0,1.0,5.0,1.0,5.0,5.0,5.0,1.0,1.0,2.0,1.0,2.0,1.0,5.0,5.0,5.0,5.0,1.0,5.0,1.0,5.0,1.0,5.0,2.0,2.0,5.0,2.0
691,1.0,5.0,4.0,4.0,2.0,5.0,4.0,5.0,5.0,4.0,4.0,4.0,4.0,4.0,4.0,4.0,1.0,4.0,2.0,4.0,4.0,4.0,3.0,2.0,1.0,4.0,5.0,4.0,4.0,4.0,4.0,4.0
692,2.0,4.0,3.0,5.0,5.0,3.0,3.0,2.0,2.0,2.0,2.0,2.0,2.0,5.0,4.0,2.0,2.0,5.0,5.0,2.0,3.0,3.0,4.0,2.0,2.0,5.0,2.0,3.0,2.0,5.0,2.0,5.0
698,1.0,2.0,2.0,1.0,2.0,1.0,4.0,3.0,4.0,2.0,3.0,3.0,1.0,4.0,4.0,1.0,1.0,3.0,2.0,3.0,4.0,3.0,1.0,4.0,1.0,4.0,4.0,4.0,4.0,2.0,4.0,4.0
700,1.0,4.0,5.0,1.0,3.0,3.0,3.0,4.0,1.0,4.0,3.0,3.0,1.0,3.0,2.0,1.0,1.0,3.0,3.0,3.0,3.0,5.0,1.0,3.0,1.0,3.0,4.0,3.0,3.0,2.0,4.0,3.0
701,1.0,1.0,3.0,3.0,2.0,3.0,3.0,2.0,1.0,3.0,3.0,3.0,3.0,3.0,2.0,3.0,1.0,3.0,5.0,5.0,3.0,3.0,3.0,5.0,1.0,3.0,1.0,3.0,2.0,2.0,3.0,5.0
702,1.0,1.0,1.0,5.0,1.0,1.0,1.0,5.0,1.0,3.0,1.0,5.0,1.0,1.0,1.0,1.0,1.0,5.0,5.0,5.0,5.0,3.0,1.0,5.0,5.0,5.0,1.0,5.0,5.0,1.0,2.0,5.0
706,1.0,1.0,5.0,5.0,5.0,3.0,5.0,5.0,1.0,4.0,4.0,4.0,5.0,5.0,4.0,5.0,2.0,4.0,4.0,4.0,5.0,5.0,4.0,5.0,2.0,5.0,2.0,5.0,5.0,4.0,5.0,5.0
708,1.0,1.0,1.0,1.0,1.0,1.0,1.0,1.0,1.0,1.0,1.0,1.0,1.0,1.0,1.0,1.0,1.0,1.0,1.0,1.0,1.0,1.0,1.0,1.0,1.0,1.0,1.0,1.0,1.0,1.0,1.0,1.0
709,1.0,2.0,3.0,4.0,4.0,3.0,3.0,4.0,3.0,4.0,2.0,2.0,3.0,4.0,4.0,4.0,1.0,3.0,2.0,4.0,4.0,4.0,4.0,4.0,1.0,4.0,4.0,3.0,4.0,4.0,4.0,4.0
711,1.0,3.0,3.0,1.0,1.0,1.0,1.0,1.0,1.0,2.0,2.0,2.0,1.0,1.0,1.0,1.0,1.0,1.0,1.0,1.0,1.0,3.0,1.0,1.0,1.0,3.0,4.0,3.0,1.0,1.0,3.0,1.0
712,1.0,2.0,4.0,3.0,5.0,1.0,3.0,4.0,1.0,3.0,4.0,3.0,1.0,3.0,3.0,2.0,1.0,3.0,3.0,4.0,4.0,4.0,4.0,4.0,1.0,4.0,4.0,3.0,4.0,3.0,4.0,3.0
713,1.0,3.0,4.0,2.0,4.0,4.0,2.0,3.0,2.0,2.0,4.0,4.0,1.0,4.0,2.0,3.0,1.0,4.0,4.0,4.0,4.0,4.0,3.0,4.0,1.0,4.0,4.0,2.0,2.0,2.0,3.0,4.0
716,2.0,5.0,2.0,2.0,4.0,4.0,3.0,3.0,2.0,2.0,4.0,3.0,2.0,4.0,4.0,2.0,2.0,2.0,5.0,3.0,2.0,2.0,4.0,5.0,2.0,4.0,4.0,3.0,4.0,4.0,3.0,3.0
717,1.0,1.0,1.0,1.0,1.0,1.0,1.0,5.0,1.0,4.0,1.0,5.0,1.0,4.0,5.0,1.0,1.0,5.0,1.0,5.0,5.0,2.0,5.0,5.0,1.0,5.0,1.0,5.0,5.0,4.0,5.0,4.0
719,3.0,2.0,2.0,2.0,2.0,2.0,4.0,2.0,4.0,2.0,4.0,4.0,2.0,2.0,3.0,2.0,4.0,2.0,3.0,2.0,2.0,2.0,4.0,4.0,3.0,2.0,4.0,2.0,4.0,2.0,2.0,2.0
720,1.0,4.0,2.0,4.0,2.0,4.0,2.0,3.0,2.0,3.0,4.0,4.0,2.0,4.0,4.0,2.0,1.0,4.0,3.0,5.0,5.0,5.0,2.0,4.0,5.0,5.0,1.0,4.0,4.0,2.0,5.0,5.0
721,3.0,5.0,3.0,2.0,5.0,5.0,5.0,2.0,3.0,2.0,4.0,5.0,2.0,3.0,4.0,2.0,2.0,3.0,5.0,2.0,3.0,2.0,5.0,5.0,3.0,3.0,2.0,3.0,5.0,2.0,3.0,3.0
722,1.0,1.0,4.0,1.0,4.0,1.0,1.0,3.0,2.0,1.0,5.0,5.0,3.0,3.0,4.0,1.0,1.0,1.0,4.0,3.0,3.0,4.0,3.0,5.0,1.0,5.0,1.0,1.0,1.0,4.0,3.0,5.0
724,1.0,3.0,2.0,5.0,3.0,5.0,2.0,5.0,1.0,3.0,3.0,3.0,2.0,5.0,3.0,2.0,1.0,2.0,3.0,5.0,5.0,5.0,2.0,5.0,1.0,5.0,1.0,2.0,3.0,3.0,3.0,2.0
725,1.0,2.0,2.0,3.0,2.0,2.0,2.0,4.0,3.0,4.0,4.0,4.0,2.0,3.0,2.0,4.0,1.0,4.0,2.0,4.0,4.0,4.0,4.0,4.0,1.0,4.0,2.0,4.0,3.0,2.0,4.0,3.0
726,1.0,2.0,2.0,4.0,2.0,2.0,2.0,4.0,3.0,4.0,3.0,4.0,4.0,3.0,4.0,4.0,1.0,3.0,2.0,4.0,3.0,4.0,4.0,2.0,1.0,4.0,2.0,3.0,3.0,4.0,4.0,4.0
727,2.0,3.0,2.0,3.0,3.0,2.0,3.0,3.0,2.0,3.0,3.0,3.0,2.0,3.0,3.0,3.0,3.0,3.0,3.0,3.0,3.0,3.0,2.0,3.0,2.0,3.0,3.0,3.0,3.0,3.0,3.0,3.0
728,1.0,1.0,5.0,5.0,5.0,4.0,5.0,5.0,2.0,5.0,5.0,5.0,5.0,5.0,5.0,5.0,3.0,5.0,5.0,5.0,5.0,5.0,4.0,5.0,5.0,5.0,3.0,5.0,5.0,5.0,5.0,5.0
729,1.0,4.0,2.0,2.0,4.0,2.0,2.0,3.0,2.0,2.0,4.0,3.0,2.0,2.0,4.0,2.0,1.0,1.0,1.0,2.0,3.0,2.0,2.0,5.0,1.0,4.0,1.0,2.0,4.0,1.0,4.0,2.0
731,1.0,3.0,4.0,4.0,2.0,3.0,2.0,5.0,2.0,3.0,3.0,3.0,2.0,4.0,3.0,4.0,1.0,3.0,3.0,5.0,4.0,5.0,2.0,2.0,1.0,3.0,5.0,3.0,3.0,3.0,3.0,2.0
732,2.0,5.0,1.0,5.0,5.0,5.0,5.0,5.0,4.0,2.0,5.0,5.0,5.0,5.0,5.0,2.0,3.0,5.0,5.0,5.0,5.0,2.0,5.0,5.0,4.0,2.0,5.0,2.0,5.0,1.0,2.0,2.0
733,2.0,2.0,3.0,4.0,3.0,3.0,3.0,2.0,2.0,2.0,3.0,3.0,3.0,4.0,3.0,2.0,2.0,2.0,3.0,2.0,2.0,3.0,4.0,3.0,2.0,4.0,2.0,2.0,2.0,4.0,4.0,4.0
734,1.0,2.0,1.0,4.0,4.0,4.0,4.0,1.0,4.0,3.0,4.0,2.0,1.0,2.0,1.0,4.0,2.0,2.0,1.0,4.0,2.0,4.0,4.0,4.0,2.0,3.0,2.0,4.0,4.0,1.0,2.0,4.0
736,1.0,5.0,3.0,2.0,2.0,2.0,2.0,2.0,2.0,2.0,3.0,2.0,2.0,3.0,2.0,1.0,3.0,2.0,3.0,2.0,3.0,3.0,2.0,3.0,3.0,3.0,3.0,2.0,3.0,2.0,5.0,2.0
737,1.0,2.0,1.0,2.0,2.0,1.0,1.0,2.0,2.0,2.0,4.0,2.0,1.0,2.0,2.0,1.0,1.0,3.0,3.0,2.0,2.0,4.0,2.0,4.0,1.0,2.0,2.0,3.0,2.0,2.0,2.0,2.0
738,1.0,4.0,3.0,1.0,3.0,4.0,3.0,1.0,1.0,1.0,3.0,3.0,1.0,1.0,1.0,1.0,1.0,1.0,3.0,1.0,1.0,3.0,1.0,3.0,1.0,1.0,1.0,1.0,5.0,1.0,1.0,1.0
739,1.0,2.0,4.0,4.0,2.0,5.0,4.0,3.0,4.0,2.0,5.0,5.0,4.0,2.0,2.0,4.0,1.0,3.0,5.0,5.0,2.0,4.0,4.0,5.0,4.0,5.0,2.0,3.0,2.0,2.0,1.0,3.0
741,1.0,3.0,1.0,5.0,2.0,1.0,4.0,3.0,5.0,3.0,1.0,3.0,1.0,1.0,2.0,1.0,1.0,1.0,3.0,3.0,5.0,2.0,1.0,4.0,1.0,5.0,3.0,4.0,5.0,3.0,3.0,1.0
744,1.0,2.0,4.0,2.0,2.0,4.0,2.0,4.0,2.0,4.0,2.0,2.0,2.0,4.0,4.0,2.0,2.0,4.0,2.0,4.0,4.0,4.0,4.0,2.0,2.0,4.0,2.0,4.0,4.0,3.0,4.0,4.0
745,2.0,2.0,4.0,4.0,5.0,3.0,3.0,4.0,2.0,4.0,3.0,4.0,2.0,2.0,2.0,3.0,2.0,4.0,4.0,4.0,2.0,4.0,2.0,4.0,2.0,4.0,2.0,4.0,2.0,2.0,4.0,4.0
746,1.0,1.0,5.0,5.0,5.0,5.0,1.0,5.0,1.0,5.0,5.0,5.0,1.0,5.0,5.0,1.0,2.0,5.0,5.0,5.0,5.0,5.0,5.0,5.0,5.0,5.0,1.0,1.0,1.0,5.0,5.0,5.0
747,2.0,4.0,2.0,2.0,3.0,4.0,3.0,2.0,3.0,3.0,4.0,4.0,2.0,4.0,3.0,2.0,2.0,4.0,4.0,4.0,4.0,4.0,4.0,4.0,4.0,4.0,2.0,3.0,3.0,3.0,4.0,3.0
749,1.0,2.0,2.0,2.0,4.0,2.0,2.0,4.0,2.0,4.0,2.0,3.0,2.0,2.0,3.0,4.0,1.0,3.0,4.0,4.0,3.0,4.0,2.0,5.0,1.0,5.0,3.0,3.0,3.0,3.0,5.0,4.0
750,2.0,4.0,2.0,4.0,3.0,4.0,2.0,4.0,2.0,4.0,4.0,4.0,4.0,4.0,3.0,4.0,2.0,4.0,3.0,4.0,4.0,4.0,4.0,5.0,2.0,3.0,2.0,3.0,2.0,3.0,4.0,3.0
753,1.0,1.0,4.0,1.0,4.0,1.0,5.0,1.0,5.0,1.0,5.0,1.0,1.0,1.0,1.0,1.0,1.0,1.0,5.0,4.0,1.0,4.0,4.0,5.0,4.0,5.0,1.0,5.0,1.0,1.0,1.0,1.0
754,1.0,4.0,4.0,4.0,2.0,1.0,4.0,4.0,1.0,4.0,5.0,5.0,1.0,4.0,2.0,4.0,1.0,5.0,5.0,5.0,5.0,4.0,4.0,5.0,1.0,5.0,4.0,5.0,4.0,2.0,5.0,2.0
755,2.0,2.0,3.0,2.0,3.0,3.0,3.0,4.0,4.0,2.0,3.0,2.0,3.0,3.0,3.0,3.0,4.0,3.0,2.0,2.0,2.0,4.0,3.0,2.0,2.0,2.0,4.0,2.0,3.0,4.0,2.0,3.0
756,1.0,2.0,3.0,2.0,4.0,2.0,2.0,3.0,2.0,2.0,2.0,2.0,2.0,3.0,1.0,2.0,1.0,2.0,4.0,2.0,3.0,3.0,2.0,4.0,1.0,4.0,3.0,3.0,5.0,3.0,3.0,2.0
757,1.0,1.0,3.0,3.0,3.0,3.0,5.0,3.0,5.0,3.0,3.0,3.0,2.0,5.0,3.0,2.0,3.0,2.0,3.0,3.0,3.0,3.0,5.0,5.0,3.0,5.0,2.0,3.0,3.0,3.0,3.0,3.0
759,1.0,3.0,1.0,4.0,1.0,1.0,1.0,3.0,1.0,4.0,2.0,2.0,1.0,4.0,3.0,4.0,1.0,4.0,4.0,5.0,4.0,4.0,4.0,5.0,1.0,5.0,3.0,5.0,3.0,3.0,5.0,5.0
760,1.0,3.0,3.0,1.0,5.0,2.0,1.0,4.0,1.0,4.0,5.0,5.0,1.0,1.0,4.0,1.0,1.0,4.0,5.0,5.0,5.0,4.0,1.0,5.0,5.0,4.0,1.0,4.0,1.0,3.0,4.0,1.0
763,2.0,3.0,2.0,3.0,2.0,4.0,3.0,2.0,2.0,2.0,2.0,2.0,2.0,4.0,4.0,2.0,2.0,4.0,2.0,3.0,4.0,3.0,4.0,2.0,2.0,4.0,2.0,4.0,2.0,2.0,4.0,3.0
765,3.0,5.0,3.0,2.0,1.0,1.0,4.0,4.0,4.0,4.0,3.0,4.0,2.0,3.0,2.0,4.0,2.0,3.0,4.0,4.0,3.0,3.0,4.0,1.0,3.0,4.0,4.0,2.0,4.0,1.0,2.0,2.0
768,2.0,5.0,2.0,2.0,2.0,4.0,5.0,5.0,2.0,2.0,2.0,2.0,2.0,2.0,2.0,2.0,1.0,2.0,4.0,5.0,5.0,3.0,2.0,4.0,2.0,4.0,2.0,5.0,5.0,2.0,5.0,5.0
771,1.0,2.0,5.0,4.0,1.0,1.0,5.0,5.0,5.0,4.0,1.0,4.0,1.0,5.0,3.0,4.0,1.0,4.0,1.0,5.0,1.0,5.0,5.0,5.0,1.0,5.0,1.0,5.0,5.0,5.0,5.0,5.0
775,4.0,2.0,4.0,4.0,1.0,2.0,1.0,1.0,2.0,1.0,5.0,5.0,2.0,4.0,1.0,2.0,2.0,2.0,1.0,1.0,4.0,4.0,4.0,3.0,4.0,1.0,4.0,1.0,4.0,1.0,1.0,1.0
776,2.0,3.0,3.0,2.0,2.0,2.0,2.0,3.0,2.0,2.0,3.0,2.0,2.0,4.0,4.0,2.0,2.0,3.0,2.0,2.0,4.0,3.0,2.0,1.0,2.0,4.0,3.0,3.0,2.0,2.0,4.0,4.0
777,2.0,5.0,2.0,4.0,2.0,5.0,5.0,4.0,4.0,4.0,2.0,4.0,5.0,4.0,4.0,2.0,1.0,4.0,2.0,4.0,2.0,5.0,5.0,2.0,1.0,5.0,1.0,4.0,5.0,4.0,5.0,4.0
779,1.0,4.0,4.0,4.0,4.0,3.0,4.0,4.0,3.0,4.0,2.0,2.0,1.0,4.0,4.0,4.0,1.0,4.0,4.0,4.0,4.0,4.0,4.0,3.0,1.0,2.0,3.0,4.0,3.0,4.0,2.0,4.0
780,2.0,2.0,3.0,2.0,3.0,3.0,3.0,4.0,2.0,4.0,3.0,4.0,2.0,2.0,2.0,2.0,3.0,4.0,3.0,4.0,2.0,4.0,3.0,4.0,2.0,4.0,2.0,4.0,2.0,2.0,2.0,2.0
782,1.0,4.0,3.0,3.0,5.0,1.0,1.0,4.0,3.0,2.0,4.0,1.0,1.0,4.0,1.0,3.0,3.0,1.0,5.0,4.0,3.0,3.0,4.0,5.0,3.0,5.0,3.0,1.0,4.0,1.0,1.0,4.0
784,4.0,1.0,4.0,1.0,1.0,1.0,1.0,1.0,1.0,2.0,4.0,4.0,1.0,1.0,1.0,1.0,4.0,2.0,4.0,1.0,4.0,4.0,1.0,4.0,4.0,1.0,4.0,1.0,4.0,1.0,1.0,3.0
788,1.0,5.0,3.0,3.0,2.0,2.0,2.0,5.0,3.0,3.0,2.0,3.0,5.0,3.0,3.0,3.0,1.0,2.0,2.0,3.0,3.0,3.0,3.0,4.0,1.0,5.0,5.0,3.0,5.0,3.0,5.0,3.0
789,3.0,4.0,4.0,4.0,4.0,4.0,4.0,4.0,3.0,4.0,4.0,4.0,4.0,3.0,3.0,4.0,2.0,4.0,4.0,4.0,3.0,4.0,4.0,4.0,3.0,4.0,2.0,4.0,3.0,4.0,4.0,4.0
790,2.0,4.0,5.0,2.0,3.0,3.0,3.0,2.0,2.0,4.0,3.0,3.0,3.0,4.0,3.0,3.0,2.0,3.0,3.0,5.0,3.0,5.0,3.0,3.0,5.0,4.0,2.0,4.0,2.0,2.0,4.0,4.0
791,2.0,2.0,2.0,3.0,5.0,5.0,5.0,5.0,3.0,4.0,4.0,5.0,5.0,4.0,4.0,2.0,2.0,5.0,2.0,5.0,5.0,3.0,5.0,5.0,2.0,4.0,2.0,4.0,2.0,2.0,4.0,4.0
794,1.0,4.0,3.0,4.0,4.0,1.0,2.0,4.0,2.0,4.0,2.0,4.0,4.0,4.0,4.0,2.0,1.0,4.0,4.0,4.0,4.0,4.0,4.0,4.0,1.0,4.0,5.0,4.0,5.0,4.0,5.0,4.0
795,1.0,2.0,1.0,2.0,2.0,5.0,1.0,4.0,1.0,2.0,1.0,2.0,1.0,5.0,2.0,1.0,1.0,5.0,2.0,2.0,5.0,3.0,5.0,4.0,1.0,5.0,2.0,1.0,5.0,2.0,4.0,2.0
796,3.0,5.0,4.0,2.0,3.0,2.0,2.0,3.0,2.0,2.0,4.0,4.0,2.0,3.0,3.0,2.0,3.0,2.0,3.0,2.0,3.0,2.0,2.0,4.0,5.0,4.0,3.0,2.0,3.0,2.0,2.0,2.0
798,1.0,1.0,2.0,5.0,1.0,1.0,1.0,5.0,1.0,5.0,3.0,4.0,1.0,2.0,1.0,1.0,1.0,4.0,3.0,5.0,5.0,5.0,1.0,5.0,5.0,5.0,1.0,5.0,1.0,2.0,3.0,5.0
799,1.0,3.0,1.0,3.0,1.0,1.0,1.0,2.0,1.0,1.0,1.0,1.0,1.0,3.0,1.0,1.0,1.0,1.0,1.0,1.0,1.0,1.0,1.0,5.0,1.0,5.0,2.0,1.0,1.0,1.0,3.0,1.0
800,2.0,5.0,4.0,2.0,3.0,2.0,2.0,2.0,4.0,4.0,2.0,2.0,2.0,4.0,3.0,2.0,2.0,2.0,2.0,2.0,2.0,2.0,4.0,4.0,2.0,4.0,2.0,4.0,2.0,3.0,5.0,3.0
801,2.0,4.0,1.0,3.0,1.0,1.0,5.0,3.0,5.0,3.0,2.0,1.0,1.0,3.0,4.0,3.0,1.0,3.0,1.0,3.0,2.0,3.0,3.0,1.0,2.0,4.0,4.0,3.0,5.0,2.0,4.0,3.0
802,2.0,2.0,2.0,3.0,3.0,4.0,4.0,4.0,2.0,3.0,4.0,4.0,2.0,4.0,4.0,2.0,1.0,4.0,3.0,4.0,4.0,5.0,2.0,4.0,5.0,4.0,4.0,4.0,4.0,3.0,4.0,3.0
803,2.0,3.0,2.0,4.0,2.0,2.0,2.0,3.0,3.0,3.0,3.0,3.0,2.0,3.0,2.0,3.0,2.0,4.0,4.0,4.0,4.0,4.0,2.0,4.0,4.0,4.0,2.0,3.0,3.0,2.0,3.0,4.0
804,4.0,4.0,2.0,4.0,4.0,2.0,4.0,2.0,4.0,2.0,2.0,2.0,1.0,4.0,4.0,4.0,4.0,1.0,2.0,2.0,4.0,4.0,1.0,2.0,2.0,4.0,4.0,4.0,4.0,4.0,4.0,2.0
808,1.0,3.0,4.0,4.0,2.0,4.0,3.0,2.0,2.0,2.0,3.0,3.0,4.0,2.0,2.0,3.0,2.0,3.0,5.0,3.0,3.0,4.0,4.0,5.0,4.0,5.0,2.0,3.0,3.0,2.0,3.0,3.0
809,2.0,3.0,4.0,4.0,2.0,2.0,4.0,4.0,4.0,4.0,2.0,2.0,2.0,4.0,4.0,2.0,2.0,2.0,4.0,4.0,4.0,4.0,4.0,4.0,4.0,4.0,4.0,2.0,4.0,4.0,3.0,3.0
811,1.0,1.0,5.0,5.0,2.0,2.0,1.0,3.0,1.0,5.0,2.0,3.0,1.0,4.0,2.0,1.0,1.0,4.0,3.0,3.0,4.0,4.0,5.0,5.0,4.0,5.0,1.0,4.0,2.0,5.0,2.0,5.0
812,1.0,1.0,1.0,4.0,1.0,1.0,1.0,5.0,5.0,3.0,1.0,1.0,1.0,5.0,5.0,1.0,1.0,4.0,1.0,1.0,1.0,4.0,1.0,1.0,1.0,5.0,1.0,5.0,5.0,1.0,5.0,1.0
815,2.0,3.0,2.0,5.0,2.0,2.0,3.0,3.0,3.0,3.0,3.0,3.0,2.0,3.0,2.0,3.0,2.0,3.0,4.0,3.0,4.0,4.0,2.0,3.0,2.0,3.0,2.0,3.0,2.0,2.0,3.0,3.0
816,2.0,3.0,2.0,2.0,3.0,2.0,3.0,1.0,1.0,1.0,2.0,2.0,1.0,2.0,3.0,2.0,1.0,2.0,3.0,4.0,2.0,2.0,4.0,5.0,2.0,4.0,1.0,3.0,2.0,3.0,3.0,4.0
817,2.0,2.0,2.0,4.0,3.0,2.0,2.0,4.0,2.0,4.0,2.0,3.0,2.0,2.0,3.0,2.0,2.0,2.0,2.0,4.0,2.0,4.0,2.0,3.0,2.0,3.0,2.0,2.0,3.0,3.0,2.0,3.0
818,2.0,4.0,2.0,2.0,3.0,4.0,4.0,4.0,1.0,5.0,5.0,5.0,4.0,4.0,3.0,2.0,1.0,4.0,5.0,5.0,2.0,2.0,4.0,5.0,2.0,5.0,4.0,2.0,4.0,3.0,5.0,3.0
820,2.0,4.0,3.0,3.0,3.0,3.0,4.0,3.0,2.0,4.0,3.0,4.0,4.0,3.0,3.0,3.0,2.0,4.0,3.0,4.0,3.0,3.0,3.0,4.0,2.0,3.0,2.0,4.0,3.0,3.0,4.0,3.0
821,2.0,2.0,3.0,3.0,3.0,4.0,3.0,3.0,3.0,3.0,3.0,3.0,3.0,3.0,3.0,4.0,3.0,3.0,3.0,3.0,3.0,4.0,3.0,3.0,4.0,3.0,3.0,3.0,3.0,3.0,3.0,4.0
822,1.0,1.0,1.0,4.0,1.0,5.0,5.0,5.0,5.0,4.0,5.0,5.0,1.0,5.0,1.0,1.0,1.0,5.0,5.0,5.0,5.0,4.0,1.0,5.0,1.0,5.0,1.0,5.0,5.0,1.0,5.0,5.0
824,2.0,2.0,1.0,1.0,2.0,2.0,2.0,2.0,1.0,2.0,2.0,2.0,2.0,1.0,2.0,1.0,2.0,1.0,5.0,2.0,1.0,1.0,2.0,5.0,1.0,1.0,2.0,4.0,2.0,2.0,2.0,1.0
827,1.0,2.0,5.0,5.0,5.0,5.0,4.0,2.0,1.0,4.0,3.0,3.0,1.0,3.0,3.0,1.0,2.0,3.0,5.0,2.0,5.0,5.0,2.0,5.0,5.0,5.0,2.0,3.0,2.0,3.0,3.0,4.0
828,1.0,5.0,2.0,3.0,2.0,1.0,2.0,3.0,1.0,3.0,2.0,2.0,1.0,3.0,4.0,3.0,1.0,3.0,4.0,3.0,1.0,4.0,2.0,4.0,1.0,4.0,1.0,4.0,1.0,4.0,4.0,3.0
830,2.0,1.0,4.0,4.0,2.0,3.0,3.0,4.0,2.0,4.0,3.0,4.0,1.0,4.0,4.0,3.0,1.0,4.0,2.0,4.0,4.0,4.0,4.0,4.0,2.0,4.0,1.0,4.0,3.0,2.0,4.0,3.0
831,1.0,4.0,3.0,3.0,5.0,1.0,4.0,3.0,3.0,3.0,4.0,4.0,1.0,3.0,2.0,3.0,1.0,3.0,5.0,3.0,4.0,3.0,4.0,5.0,1.0,5.0,4.0,3.0,4.0,2.0,3.0,5.0
832,1.0,4.0,2.0,4.0,2.0,2.0,2.0,5.0,1.0,5.0,2.0,4.0,1.0,5.0,5.0,5.0,2.0,4.0,5.0,5.0,5.0,5.0,4.0,4.0,1.0,5.0,5.0,5.0,5.0,2.0,5.0,5.0
835,1.0,3.0,3.0,3.0,4.0,1.0,2.0,4.0,2.0,2.0,4.0,2.0,1.0,2.0,4.0,3.0,1.0,2.0,2.0,2.0,2.0,3.0,4.0,5.0,2.0,5.0,3.0,2.0,5.0,3.0,4.0,4.0
836,1.0,5.0,4.0,4.0,4.0,1.0,2.0,4.0,2.0,4.0,5.0,5.0,1.0,5.0,4.0,3.0,2.0,3.0,5.0,4.0,3.0,4.0,4.0,4.0,2.0,4.0,2.0,5.0,5.0,4.0,5.0,4.0
837,2.0,3.0,3.0,3.0,2.0,3.0,3.0,4.0,3.0,4.0,4.0,4.0,3.0,3.0,3.0,3.0,2.0,3.0,4.0,4.0,3.0,3.0,3.0,4.0,3.0,3.0,2.0,3.0,2.0,2.0,3.0,4.0
838,2.0,3.0,3.0,3.0,3.0,4.0,5.0,3.0,2.0,2.0,1.0,3.0,2.0,2.0,3.0,1.0,2.0,3.0,5.0,3.0,3.0,3.0,3.0,5.0,2.0,2.0,3.0,3.0,3.0,3.0,2.0,3.0
839,1.0,1.0,1.0,5.0,3.0,1.0,1.0,5.0,4.0,3.0,1.0,4.0,1.0,4.0,3.0,1.0,1.0,4.0,3.0,5.0,5.0,5.0,5.0,5.0,1.0,5.0,1.0,4.0,5.0,3.0,5.0,5.0
840,2.0,4.0,5.0,5.0,5.0,5.0,4.0,4.0,3.0,2.0,4.0,4.0,2.0,2.0,2.0,5.0,3.0,2.0,5.0,4.0,5.0,5.0,4.0,5.0,5.0,2.0,3.0,4.0,3.0,1.0,2.0,2.0
842,1.0,1.0,1.0,4.0,3.0,1.0,1.0,5.0,5.0,5.0,5.0,5.0,1.0,5.0,3.0,1.0,1.0,4.0,3.0,5.0,5.0,4.0,5.0,5.0,1.0,5.0,1.0,5.0,5.0,3.0,5.0,5.0
843,2.0,2.0,4.0,4.0,4.0,2.0,2.0,4.0,2.0,4.0,4.0,4.0,2.0,4.0,2.0,4.0,2.0,4.0,4.0,4.0,4.0,4.0,2.0,4.0,4.0,4.0,2.0,4.0,4.0,2.0,4.0,4.0
844,1.0,4.0,3.0,3.0,2.0,5.0,3.0,3.0,1.0,2.0,3.0,3.0,3.0,3.0,2.0,1.0,3.0,2.0,2.0,3.0,3.0,3.0,3.0,3.0,3.0,3.0,3.0,2.0,3.0,2.0,2.0,3.0
846,5.0,4.0,5.0,5.0,4.0,4.0,1.0,5.0,5.0,5.0,4.0,5.0,1.0,5.0,1.0,1.0,1.0,3.0,4.0,5.0,1.0,1.0,1.0,4.0,1.0,4.0,1.0,1.0,1.0,5.0,5.0,5.0
847,1.0,2.0,1.0,5.0,2.0,2.0,5.0,2.0,5.0,1.0,4.0,4.0,1.0,5.0,2.0,2.0,1.0,3.0,4.0,2.0,2.0,3.0,2.0,4.0,5.0,5.0,1.0,4.0,5.0,2.0,4.0,2.0
848,2.0,3.0,2.0,3.0,3.0,3.0,3.0,3.0,3.0,4.0,3.0,3.0,3.0,3.0,3.0,3.0,2.0,3.0,3.0,3.0,2.0,2.0,3.0,3.0,2.0,3.0,3.0,3.0,3.0,3.0,3.0,3.0
849,1.0,1.0,1.0,1.0,5.0,5.0,1.0,5.0,5.0,5.0,5.0,5.0,1.0,5.0,2.0,1.0,1.0,4.0,5.0,5.0,5.0,4.0,1.0,5.0,1.0,5.0,1.0,4.0,5.0,2.0,5.0,5.0
850,1.0,1.0,2.0,2.0,1.0,1.0,2.0,2.0,4.0,3.0,3.0,3.0,2.0,2.0,1.0,2.0,1.0,2.0,3.0,3.0,1.0,4.0,2.0,3.0,1.0,5.0,1.0,4.0,3.0,2.0,5.0,5.0
852,3.0,4.0,3.0,5.0,5.0,5.0,3.0,5.0,3.0,3.0,5.0,3.0,3.0,5.0,2.0,3.0,5.0,3.0,5.0,5.0,5.0,5.0,3.0,5.0,5.0,5.0,5.0,3.0,5.0,2.0,5.0,5.0
854,3.0,2.0,3.0,4.0,3.0,3.0,3.0,2.0,3.0,3.0,3.0,3.0,3.0,4.0,4.0,3.0,1.0,3.0,3.0,3.0,3.0,4.0,3.0,3.0,3.0,2.0,4.0,2.0,4.0,3.0,2.0,3.0
855,1.0,2.0,3.0,3.0,2.0,1.0,2.0,2.0,1.0,4.0,4.0,4.0,1.0,3.0,3.0,3.0,1.0,4.0,2.0,4.0,3.0,3.0,3.0,2.0,1.0,5.0,1.0,2.0,5.0,2.0,3.0,4.0
856,3.0,2.0,4.0,4.0,4.0,1.0,4.0,2.0,4.0,4.0,5.0,5.0,1.0,1.0,2.0,4.0,1.0,2.0,2.0,4.0,1.0,4.0,4.0,2.0,5.0,2.0,1.0,4.0,5.0,2.0,4.0,1.0
859,2.0,2.0,4.0,4.0,4.0,4.0,4.0,4.0,4.0,2.0,4.0,2.0,2.0,3.0,2.0,4.0,2.0,3.0,2.0,2.0,2.0,4.0,2.0,4.0,4.0,4.0,4.0,3.0,4.0,2.0,1.0,2.0
860,2.0,2.0,1.0,4.0,4.0,3.0,4.0,5.0,2.0,4.0,5.0,5.0,2.0,2.0,4.0,1.0,2.0,4.0,4.0,4.0,4.0,4.0,4.0,5.0,4.0,4.0,2.0,2.0,4.0,4.0,4.0,4.0
862,1.0,1.0,5.0,3.0,5.0,2.0,5.0,5.0,5.0,3.0,3.0,3.0,1.0,5.0,2.0,1.0,1.0,1.0,5.0,5.0,5.0,5.0,2.0,5.0,5.0,5.0,5.0,5.0,5.0,2.0,5.0,5.0
864,1.0,2.0,3.0,2.0,2.0,4.0,2.0,4.0,2.0,4.0,3.0,4.0,2.0,4.0,4.0,3.0,2.0,4.0,3.0,4.0,2.0,5.0,4.0,3.0,5.0,3.0,2.0,2.0,2.0,4.0,4.0,4.0
865,1.0,1.0,5.0,3.0,5.0,5.0,5.0,5.0,5.0,4.0,5.0,3.0,1.0,5.0,3.0,1.0,1.0,3.0,5.0,5.0,5.0,5.0,5.0,5.0,5.0,5.0,1.0,3.0,5.0,3.0,3.0,3.0
868,2.0,3.0,4.0,4.0,2.0,3.0,2.0,4.0,2.0,4.0,2.0,2.0,2.0,3.0,2.0,2.0,2.0,3.0,2.0,4.0,3.0,4.0,4.0,4.0,3.0,4.0,2.0,4.0,2.0,2.0,4.0,4.0
869,1.0,4.0,3.0,3.0,5.0,5.0,4.0,2.0,3.0,2.0,2.0,2.0,3.0,2.0,2.0,3.0,1.0,3.0,5.0,2.0,3.0,3.0,3.0,5.0,1.0,5.0,3.0,3.0,2.0,2.0,2.0,2.0
870,1.0,1.0,3.0,3.0,1.0,4.0,4.0,5.0,1.0,5.0,5.0,5.0,1.0,1.0,1.0,3.0,1.0,5.0,5.0,5.0,1.0,3.0,4.0,5.0,3.0,5.0,1.0,1.0,1.0,1.0,1.0,3.0
872,1.0,2.0,4.0,4.0,5.0,1.0,5.0,5.0,1.0,5.0,5.0,5.0,1.0,5.0,5.0,1.0,1.0,1.0,5.0,5.0,5.0,4.0,5.0,5.0,1.0,5.0,1.0,5.0,5.0,5.0,5.0,5.0
874,2.0,5.0,3.0,3.0,2.0,3.0,2.0,5.0,2.0,5.0,3.0,3.0,3.0,3.0,2.0,2.0,1.0,3.0,4.0,5.0,3.0,5.0,3.0,4.0,2.0,4.0,2.0,5.0,2.0,2.0,5.0,5.0
875,1.0,1.0,5.0,3.0,1.0,2.0,1.0,5.0,2.0,5.0,2.0,5.0,5.0,5.0,3.0,5.0,1.0,5.0,1.0,5.0,5.0,5.0,5.0,1.0,1.0,5.0,1.0,5.0,5.0,3.0,5.0,5.0
877,2.0,4.0,2.0,2.0,3.0,2.0,3.0,3.0,2.0,2.0,3.0,3.0,2.0,3.0,3.0,2.0,2.0,2.0,3.0,3.0,3.0,4.0,2.0,3.0,2.0,3.0,3.0,2.0,3.0,3.0,2.0,2.0
879,1.0,1.0,1.0,4.0,1.0,1.0,1.0,4.0,1.0,4.0,2.0,2.0,1.0,1.0,1.0,1.0,1.0,5.0,1.0,4.0,1.0,4.0,1.0,2.0,1.0,5.0,1.0,5.0,1.0,1.0,5.0,5.0
880,2.0,2.0,5.0,4.0,3.0,4.0,5.0,2.0,2.0,2.0,3.0,2.0,2.0,4.0,4.0,2.0,2.0,4.0,2.0,2.0,3.0,3.0,4.0,4.0,2.0,2.0,2.0,4.0,2.0,3.0,4.0,4.0
881,1.0,2.0,4.0,5.0,2.0,5.0,4.0,4.0,5.0,4.0,4.0,4.0,4.0,4.0,5.0,4.0,2.0,5.0,4.0,4.0,4.0,4.0,5.0,4.0,2.0,4.0,2.0,4.0,2.0,2.0,4.0,5.0
882,1.0,4.0,5.0,5.0,5.0,1.0,1.0,5.0,1.0,2.0,2.0,2.0,1.0,4.0,5.0,1.0,1.0,1.0,5.0,5.0,5.0,4.0,1.0,5.0,1.0,5.0,1.0,4.0,1.0,5.0,5.0,5.0
883,2.0,4.0,2.0,4.0,2.0,2.0,4.0,3.0,4.0,1.0,2.0,2.0,1.0,4.0,4.0,1.0,4.0,2.0,2.0,2.0,4.0,4.0,2.0,2.0,2.0,4.0,4.0,4.0,4.0,2.0,4.0,2.0
884,4.0,3.0,1.0,3.0,5.0,3.0,4.0,5.0,4.0,5.0,5.0,5.0,3.0,4.0,5.0,5.0,4.0,3.0,5.0,5.0,4.0,5.0,3.0,5.0,4.0,4.0,4.0,4.0,3.0,5.0,4.0,5.0
885,1.0,1.0,1.0,5.0,2.0,1.0,1.0,4.0,5.0,4.0,2.0,4.0,1.0,5.0,5.0,1.0,1.0,5.0,4.0,4.0,5.0,5.0,1.0,5.0,1.0,5.0,1.0,5.0,4.0,5.0,5.0,5.0
887,1.0,5.0,3.0,5.0,5.0,3.0,5.0,4.0,2.0,5.0,2.0,4.0,3.0,5.0,5.0,1.0,1.0,1.0,5.0,5.0,5.0,3.0,5.0,5.0,1.0,5.0,1.0,5.0,5.0,5.0,5.0,5.0
890,1.0,3.0,3.0,4.0,4.0,4.0,5.0,4.0,1.0,5.0,3.0,4.0,4.0,3.0,4.0,4.0,1.0,4.0,4.0,4.0,4.0,4.0,4.0,4.0,1.0,4.0,3.0,4.0,5.0,4.0,4.0,4.0
891,3.0,3.0,1.0,1.0,5.0,5.0,1.0,1.0,3.0,1.0,1.0,1.0,5.0,1.0,4.0,1.0,5.0,2.0,1.0,1.0,3.0,1.0,3.0,3.0,3.0,3.0,5.0,4.0,5.0,5.0,4.0,1.0
892,2.0,2.0,3.0,3.0,5.0,5.0,3.0,5.0,3.0,4.0,5.0,5.0,2.0,2.0,2.0,2.0,2.0,4.0,5.0,5.0,5.0,5.0,3.0,5.0,3.0,5.0,3.0,5.0,2.0,2.0,5.0,5.0
893,2.0,3.0,5.0,5.0,2.0,3.0,2.0,5.0,2.0,5.0,5.0,2.0,1.0,2.0,2.0,2.0,1.0,4.0,5.0,5.0,5.0,5.0,4.0,5.0,5.0,5.0,5.0,1.0,5.0,2.0,5.0,5.0
900,1.0,5.0,4.0,4.0,4.0,1.0,1.0,4.0,1.0,4.0,4.0,4.0,1.0,4.0,4.0,4.0,1.0,4.0,1.0,4.0,4.0,4.0,4.0,1.0,1.0,4.0,2.0,4.0,5.0,4.0,5.0,4.0
904,1.0,1.0,1.0,3.0,4.0,1.0,1.0,4.0,3.0,4.0,3.0,3.0,1.0,2.0,3.0,3.0,1.0,3.0,4.0,5.0,3.0,3.0,3.0,4.0,1.0,4.0,3.0,3.0,3.0,3.0,3.0,4.0
907,1.0,3.0,3.0,3.0,2.0,1.0,4.0,3.0,4.0,3.0,4.0,3.0,3.0,3.0,2.0,3.0,1.0,3.0,4.0,3.0,1.0,3.0,3.0,4.0,1.0,4.0,4.0,3.0,4.0,3.0,3.0,3.0
908,2.0,3.0,2.0,2.0,3.0,4.0,3.0,3.0,2.0,2.0,2.0,3.0,2.0,3.0,3.0,2.0,2.0,3.0,2.0,2.0,2.0,2.0,2.0,2.0,2.0,2.0,2.0,3.0,2.0,3.0,3.0,2.0
909,1.0,5.0,1.0,1.0,5.0,5.0,5.0,5.0,1.0,1.0,5.0,5.0,1.0,5.0,5.0,1.0,1.0,5.0,5.0,5.0,5.0,1.0,5.0,5.0,1.0,5.0,1.0,5.0,5.0,5.0,5.0,5.0
911,1.0,2.0,1.0,2.0,1.0,1.0,5.0,1.0,5.0,1.0,4.0,1.0,1.0,2.0,5.0,1.0,1.0,1.0,4.0,1.0,2.0,3.0,2.0,5.0,1.0,5.0,1.0,2.0,5.0,1.0,5.0,1.0
913,2.0,5.0,1.0,1.0,2.0,3.0,4.0,1.0,4.0,1.0,3.0,3.0,2.0,1.0,3.0,2.0,1.0,1.0,3.0,4.0,1.0,1.0,3.0,2.0,1.0,3.0,1.0,4.0,4.0,3.0,5.0,1.0
914,1.0,1.0,3.0,4.0,2.0,5.0,3.0,4.0,5.0,5.0,5.0,4.0,3.0,2.0,2.0,4.0,1.0,4.0,4.0,5.0,5.0,5.0,5.0,5.0,5.0,4.0,4.0,3.0,4.0,2.0,4.0,5.0
916,2.0,4.0,2.0,2.0,3.0,2.0,3.0,3.0,3.0,2.0,2.0,2.0,2.0,4.0,2.0,2.0,2.0,2.0,3.0,3.0,2.0,2.0,2.0,3.0,2.0,3.0,4.0,3.0,4.0,2.0,3.0,3.0
919,4.0,1.0,3.0,3.0,2.0,3.0,4.0,2.0,4.0,1.0,2.0,2.0,2.0,2.0,2.0,3.0,2.0,2.0,2.0,3.0,2.0,3.0,3.0,3.0,4.0,2.0,2.0,2.0,2.0,2.0,2.0,4.0
922,1.0,4.0,1.0,2.0,2.0,1.0,2.0,4.0,1.0,4.0,2.0,4.0,1.0,4.0,2.0,4.0,1.0,3.0,2.0,4.0,4.0,3.0,4.0,4.0,1.0,4.0,4.0,4.0,4.0,2.0,4.0,2.0
925,1.0,3.0,1.0,4.0,4.0,4.0,5.0,5.0,1.0,4.0,5.0,5.0,4.0,1.0,2.0,4.0,1.0,4.0,4.0,5.0,4.0,4.0,4.0,5.0,5.0,5.0,1.0,4.0,5.0,2.0,2.0,4.0
928,1.0,2.0,1.0,4.0,1.0,1.0,3.0,4.0,3.0,4.0,1.0,4.0,1.0,3.0,1.0,1.0,1.0,3.0,1.0,4.0,1.0,4.0,1.0,2.0,1.0,5.0,3.0,3.0,1.0,1.0,3.0,5.0
929,1.0,3.0,2.0,2.0,3.0,4.0,2.0,3.0,2.0,2.0,5.0,4.0,2.0,2.0,2.0,3.0,2.0,2.0,5.0,5.0,3.0,5.0,2.0,4.0,2.0,5.0,3.0,2.0,3.0,2.0,2.0,2.0
934,2.0,1.0,2.0,1.0,2.0,4.0,1.0,4.0,1.0,1.0,4.0,4.0,1.0,1.0,1.0,1.0,1.0,1.0,1.0,1.0,1.0,1.0,4.0,2.0,5.0,4.0,1.0,1.0,1.0,1.0,4.0,1.0
935,1.0,1.0,5.0,5.0,1.0,4.0,1.0,5.0,1.0,5.0,5.0,5.0,1.0,5.0,1.0,1.0,2.0,1.0,5.0,5.0,5.0,5.0,1.0,5.0,5.0,5.0,2.0,1.0,1.0,1.0,1.0,5.0
936,4.0,1.0,3.0,5.0,4.0,4.0,1.0,5.0,4.0,3.0,4.0,4.0,2.0,5.0,2.0,5.0,2.0,3.0,5.0,5.0,4.0,3.0,5.0,4.0,4.0,4.0,4.0,3.0,4.0,5.0,3.0,5.0
940,2.0,2.0,3.0,3.0,2.0,3.0,3.0,2.0,1.0,3.0,2.0,3.0,2.0,2.0,2.0,3.0,2.0,3.0,3.0,3.0,2.0,3.0,3.0,3.0,2.0,4.0,2.0,3.0,2.0,3.0,4.0,2.0
941,1.0,1.0,1.0,1.0,3.0,1.0,1.0,3.0,5.0,3.0,3.0,3.0,1.0,5.0,1.0,1.0,3.0,1.0,3.0,3.0,5.0,2.0,1.0,5.0,5.0,5.0,3.0,5.0,5.0,1.0,5.0,1.0
942,1.0,3.0,1.0,3.0,4.0,4.0,4.0,4.0,1.0,3.0,4.0,4.0,1.0,3.0,2.0,3.0,1.0,3.0,4.0,4.0,4.0,5.0,4.0,4.0,1.0,4.0,2.0,3.0,4.0,2.0,4.0,3.0
943,1.0,3.0,4.0,4.0,4.0,5.0,1.0,3.0,1.0,4.0,4.0,4.0,3.0,4.0,2.0,1.0,1.0,4.0,4.0,4.0,4.0,4.0,3.0,4.0,1.0,4.0,3.0,4.0,4.0,4.0,4.0,4.0
945,1.0,4.0,3.0,3.0,5.0,1.0,4.0,3.0,4.0,3.0,5.0,5.0,1.0,3.0,1.0,1.0,1.0,3.0,5.0,3.0,2.0,3.0,3.0,5.0,2.0,5.0,2.0,4.0,1.0,1.0,4.0,4.0
946,3.0,4.0,2.0,1.0,4.0,4.0,4.0,4.0,1.0,2.0,4.0,4.0,2.0,1.0,1.0,2.0,2.0,1.0,4.0,2.0,4.0,2.0,2.0,4.0,3.0,4.0,1.0,1.0,4.0,1.0,1.0,4.0
947,2.0,2.0,4.0,4.0,4.0,2.0,4.0,4.0,2.0,3.0,4.0,4.0,2.0,3.0,4.0,2.0,2.0,3.0,4.0,4.0,4.0,4.0,4.0,4.0,2.0,4.0,2.0,4.0,2.0,4.0,2.0,4.0
948,2.0,2.0,2.0,4.0,2.0,2.0,2.0,2.0,2.0,4.0,2.0,2.0,2.0,2.0,2.0,2.0,2.0,2.0,2.0,2.0,2.0,4.0,2.0,2.0,4.0,2.0,2.0,4.0,2.0,2.0,4.0,2.0
949,2.0,4.0,2.0,2.0,2.0,2.0,2.0,4.0,2.0,4.0,4.0,4.0,1.0,1.0,2.0,2.0,2.0,2.0,4.0,2.0,2.0,2.0,2.0,4.0,2.0,2.0,4.0,2.0,2.0,2.0,2.0,2.0
955,2.0,1.0,1.0,2.0,2.0,2.0,2.0,4.0,2.0,2.0,2.0,2.0,2.0,2.0,2.0,2.0,2.0,2.0,5.0,4.0,2.0,2.0,2.0,4.0,2.0,4.0,2.0,4.0,2.0,2.0,4.0,4.0
957,1.0,2.0,5.0,5.0,1.0,3.0,3.0,2.0,1.0,5.0,2.0,2.0,1.0,1.0,1.0,1.0,1.0,4.0,2.0,5.0,2.0,5.0,3.0,2.0,5.0,2.0,2.0,2.0,2.0,1.0,2.0,5.0
960,1.0,2.0,4.0,4.0,1.0,1.0,5.0,1.0,5.0,5.0,1.0,5.0,1.0,5.0,1.0,1.0,1.0,5.0,5.0,5.0,1.0,4.0,1.0,5.0,2.0,5.0,1.0,5.0,1.0,1.0,5.0,5.0
962,1.0,5.0,2.0,2.0,1.0,5.0,5.0,3.0,1.0,3.0,1.0,2.0,1.0,2.0,1.0,2.0,1.0,2.0,5.0,2.0,5.0,2.0,2.0,5.0,1.0,5.0,3.0,2.0,5.0,2.0,3.0,2.0
963,2.0,3.0,2.0,3.0,2.0,4.0,2.0,4.0,2.0,3.0,4.0,4.0,2.0,3.0,2.0,3.0,2.0,4.0,4.0,4.0,4.0,3.0,4.0,4.0,2.0,4.0,2.0,4.0,2.0,2.0,4.0,4.0
964,3.0,2.0,3.0,2.0,2.0,2.0,2.0,3.0,4.0,2.0,2.0,2.0,2.0,2.0,3.0,3.0,2.0,2.0,2.0,3.0,3.0,3.0,3.0,3.0,2.0,2.0,2.0,2.0,2.0,3.0,3.0,2.0
965,2.0,5.0,1.0,1.0,2.0,2.0,4.0,4.0,2.0,1.0,1.0,4.0,1.0,1.0,1.0,1.0,1.0,3.0,1.0,4.0,1.0,1.0,1.0,4.0,2.0,4.0,1.0,4.0,1.0,1.0,4.0,2.0
967,2.0,4.0,2.0,3.0,2.0,3.0,3.0,2.0,2.0,4.0,4.0,4.0,3.0,2.0,2.0,2.0,2.0,2.0,4.0,3.0,2.0,3.0,3.0,5.0,3.0,5.0,2.0,2.0,3.0,2.0,2.0,5.0
968,1.0,2.0,4.0,4.0,3.0,1.0,5.0,4.0,5.0,4.0,3.0,3.0,1.0,4.0,3.0,4.0,1.0,4.0,3.0,4.0,4.0,4.0,4.0,3.0,1.0,5.0,4.0,4.0,5.0,3.0,4.0,5.0
971,1.0,3.0,2.0,3.0,1.0,1.0,3.0,3.0,4.0,3.0,2.0,3.0,1.0,3.0,2.0,1.0,1.0,3.0,4.0,3.0,3.0,3.0,3.0,4.0,1.0,3.0,3.0,3.0,3.0,1.0,3.0,4.0
972,1.0,5.0,2.0,3.0,1.0,1.0,1.0,2.0,1.0,2.0,2.0,2.0,1.0,3.0,1.0,2.0,1.0,2.0,2.0,2.0,2.0,3.0,1.0,5.0,1.0,5.0,3.0,5.0,3.0,2.0,5.0,2.0
973,2.0,2.0,1.0,3.0,3.0,2.0,3.0,2.0,4.0,1.0,2.0,2.0,2.0,1.0,3.0,1.0,1.0,2.0,1.0,2.0,3.0,3.0,2.0,5.0,3.0,4.0,3.0,4.0,4.0,3.0,4.0,4.0
974,1.0,4.0,1.0,3.0,1.0,1.0,1.0,3.0,1.0,3.0,1.0,1.0,1.0,3.0,5.0,3.0,1.0,3.0,1.0,3.0,1.0,3.0,5.0,5.0,1.0,5.0,1.0,3.0,1.0,1.0,5.0,3.0
975,1.0,3.0,4.0,4.0,2.0,4.0,4.0,4.0,4.0,4.0,4.0,4.0,2.0,4.0,4.0,4.0,1.0,4.0,3.0,4.0,4.0,4.0,4.0,4.0,1.0,4.0,4.0,4.0,4.0,4.0,4.0,3.0
976,4.0,4.0,1.0,1.0,1.0,4.0,4.0,1.0,1.0,1.0,1.0,1.0,4.0,1.0,1.0,1.0,5.0,1.0,1.0,2.0,1.0,2.0,1.0,2.0,5.0,1.0,1.0,1.0,4.0,1.0,1.0,1.0
978,3.0,5.0,3.0,2.0,3.0,4.0,3.0,1.0,3.0,1.0,4.0,4.0,2.0,2.0,2.0,3.0,3.0,1.0,2.0,4.0,3.0,2.0,2.0,4.0,3.0,2.0,3.0,2.0,4.0,2.0,2.0,4.0
980,1.0,1.0,1.0,5.0,1.0,1.0,1.0,5.0,5.0,5.0,1.0,1.0,1.0,5.0,5.0,1.0,1.0,5.0,1.0,5.0,5.0,5.0,5.0,5.0,1.0,5.0,1.0,5.0,1.0,5.0,5.0,5.0
981,1.0,2.0,1.0,4.0,2.0,1.0,1.0,2.0,1.0,3.0,2.0,4.0,1.0,4.0,2.0,1.0,1.0,4.0,4.0,2.0,4.0,4.0,2.0,5.0,1.0,5.0,4.0,2.0,2.0,2.0,4.0,2.0
984,2.0,2.0,1.0,4.0,2.0,5.0,2.0,4.0,2.0,2.0,2.0,4.0,2.0,4.0,2.0,2.0,2.0,3.0,4.0,4.0,4.0,3.0,2.0,4.0,1.0,4.0,2.0,2.0,2.0,2.0,2.0,4.0
985,1.0,2.0,2.0,2.0,3.0,5.0,3.0,5.0,5.0,5.0,5.0,5.0,1.0,1.0,3.0,2.0,1.0,2.0,3.0,5.0,1.0,2.0,5.0,3.0,1.0,5.0,1.0,2.0,1.0,3.0,5.0,2.0
988,1.0,1.0,4.0,1.0,1.0,1.0,1.0,1.0,5.0,3.0,5.0,1.0,1.0,5.0,1.0,1.0,1.0,1.0,1.0,5.0,1.0,4.0,1.0,1.0,1.0,5.0,1.0,1.0,1.0,1.0,3.0,1.0
989,2.0,3.0,2.0,4.0,2.0,1.0,1.0,5.0,5.0,3.0,2.0,2.0,1.0,2.0,2.0,1.0,2.0,4.0,2.0,5.0,4.0,4.0,1.0,2.0,2.0,4.0,5.0,4.0,5.0,1.0,4.0,4.0
990,1.0,1.0,5.0,5.0,1.0,1.0,1.0,5.0,5.0,5.0,5.0,5.0,5.0,5.0,1.0,5.0,1.0,5.0,5.0,5.0,5.0,5.0,5.0,5.0,1.0,5.0,1.0,5.0,1.0,1.0,5.0,5.0
991,1.0,5.0,1.0,2.0,5.0,2.0,5.0,1.0,1.0,1.0,5.0,2.0,2.0,2.0,3.0,2.0,2.0,2.0,5.0,5.0,2.0,4.0,2.0,5.0,4.0,2.0,5.0,5.0,2.0,3.0,1.0,2.0
993,1.0,3.0,1.0,1.0,1.0,2.0,1.0,4.0,1.0,1.0,1.0,1.0,1.0,1.0,3.0,1.0,1.0,2.0,1.0,5.0,1.0,5.0,2.0,5.0,1.0,5.0,1.0,1.0,1.0,2.0,3.0,5.0
998,1.0,3.0,3.0,2.0,5.0,3.0,2.0,5.0,2.0,3.0,3.0,3.0,2.0,2.0,3.0,2.0,1.0,3.0,3.0,2.0,3.0,5.0,2.0,5.0,1.0,5.0,4.0,3.0,4.0,2.0,3.0,2.0
999,1.0,3.0,4.0,4.0,2.0,2.0,2.0,2.0,1.0,3.0,2.0,2.0,2.0,3.0,4.0,2.0,1.0,2.0,2.0,2.0,3.0,4.0,2.0,2.0,1.0,3.0,1.0,2.0,1.0,4.0,3.0,2.0
1000,1.0,1.0,4.0,4.0,2.0,2.0,3.0,3.0,3.0,2.0,4.0,2.0,2.0,3.0,2.0,1.0,1.0,3.0,2.0,2.0,2.0,4.0,2.0,4.0,1.0,3.0,4.0,3.0,2.0,3.0,4.0,3.0
1002,2.0,1.0,3.0,3.0,3.0,3.0,3.0,3.0,3.0,2.0,3.0,3.0,5.0,2.0,3.0,3.0,2.0,3.0,2.0,3.0,2.0,3.0,3.0,3.0,2.0,3.0,3.0,3.0,3.0,3.0,3.0,5.0
1003,2.0,2.0,2.0,3.0,3.0,3.0,3.0,3.0,2.0,4.0,3.0,3.0,3.0,3.0,3.0,3.0,2.0,3.0,3.0,3.0,3.0,4.0,3.0,4.0,2.0,4.0,3.0,4.0,3.0,3.0,4.0,3.0
1005,2.0,5.0,1.0,5.0,2.0,1.0,5.0,3.0,2.0,3.0,2.0,3.0,1.0,1.0,2.0,1.0,2.0,1.0,3.0,3.0,2.0,4.0,1.0,3.0,5.0,5.0,2.0,3.0,5.0,3.0,3.0,3.0
1008,2.0,2.0,2.0,4.0,2.0,4.0,3.0,2.0,2.0,2.0,4.0,2.0,2.0,2.0,2.0,2.0,2.0,2.0,4.0,2.0,4.0,3.0,2.0,5.0,4.0,4.0,2.0,2.0,2.0,2.0,2.0,4.0
1011,1.0,1.0,1.0,5.0,5.0,1.0,1.0,5.0,1.0,5.0,3.0,3.0,1.0,5.0,5.0,1.0,1.0,5.0,4.0,5.0,5.0,5.0,5.0,5.0,1.0,5.0,1.0,5.0,5.0,4.0,5.0,5.0
1012,1.0,5.0,5.0,1.0,1.0,1.0,1.0,3.0,5.0,1.0,1.0,1.0,1.0,5.0,1.0,1.0,1.0,1.0,1.0,3.0,1.0,3.0,1.0,3.0,1.0,3.0,1.0,1.0,5.0,1.0,3.0,1.0
1013,2.0,2.0,2.0,4.0,3.0,4.0,5.0,3.0,4.0,3.0,5.0,2.0,1.0,4.0,3.0,2.0,3.0,2.0,3.0,3.0,4.0,2.0,2.0,5.0,2.0,3.0,3.0,4.0,3.0,3.0,3.0,3.0
1014,2.0,5.0,1.0,4.0,5.0,5.0,4.0,4.0,2.0,4.0,1.0,2.0,1.0,4.0,4.0,1.0,1.0,2.0,5.0,2.0,4.0,1.0,2.0,5.0,2.0,5.0,4.0,2.0,4.0,2.0,4.0,4.0
1021,3.0,2.0,3.0,5.0,3.0,4.0,3.0,5.0,3.0,5.0,3.0,5.0,2.0,3.0,3.0,3.0,2.0,5.0,3.0,5.0,5.0,5.0,4.0,3.0,2.0,3.0,2.0,5.0,2.0,3.0,5.0,5.0
1023,1.0,1.0,2.0,2.0,2.0,1.0,1.0,2.0,1.0,2.0,4.0,4.0,1.0,2.0,2.0,2.0,1.0,1.0,5.0,2.0,5.0,2.0,1.0,5.0,5.0,5.0,1.0,4.0,2.0,2.0,5.0,2.0
1027,2.0,2.0,2.0,4.0,2.0,2.0,2.0,2.0,2.0,5.0,2.0,2.0,2.0,2.0,3.0,2.0,2.0,4.0,2.0,5.0,4.0,5.0,2.0,2.0,2.0,4.0,2.0,5.0,2.0,2.0,4.0,4.0
1028,4.0,4.0,2.0,2.0,2.0,2.0,2.0,4.0,4.0,2.0,4.0,2.0,1.0,2.0,3.0,4.0,2.0,2.0,2.0,4.0,4.0,4.0,2.0,2.0,4.0,2.0,4.0,2.0,2.0,2.0,5.0,2.0
1029,2.0,5.0,2.0,2.0,2.0,2.0,2.0,4.0,2.0,3.0,3.0,3.0,3.0,3.0,1.0,3.0,2.0,3.0,3.0,3.0,2.0,2.0,2.0,4.0,2.0,2.0,2.0,3.0,2.0,2.0,2.0,4.0
1031,2.0,3.0,2.0,4.0,3.0,4.0,2.0,3.0,2.0,4.0,4.0,3.0,2.0,4.0,3.0,3.0,2.0,3.0,3.0,3.0,4.0,4.0,4.0,4.0,4.0,4.0,3.0,4.0,3.0,3.0,3.0,4.0
1032,4.0,4.0,4.0,3.0,4.0,3.0,4.0,2.0,4.0,4.0,4.0,4.0,3.0,4.0,4.0,3.0,4.0,2.0,4.0,2.0,4.0,3.0,2.0,4.0,4.0,4.0,4.0,4.0,4.0,4.0,4.0,2.0
1033,2.0,1.0,4.0,4.0,4.0,2.0,2.0,5.0,2.0,2.0,2.0,2.0,5.0,4.0,4.0,2.0,1.0,2.0,2.0,5.0,4.0,4.0,4.0,4.0,1.0,4.0,1.0,4.0,5.0,4.0,4.0,5.0
1036,1.0,4.0,1.0,1.0,5.0,1.0,5.0,4.0,1.0,4.0,4.0,4.0,3.0,3.0,2.0,1.0,3.0,3.0,4.0,5.0,5.0,2.0,1.0,5.0,3.0,5.0,5.0,1.0,5.0,2.0,4.0,5.0
1039,1.0,3.0,1.0,1.0,1.0,1.0,1.0,3.0,2.0,1.0,1.0,1.0,1.0,4.0,1.0,1.0,1.0,1.0,1.0,1.0,4.0,4.0,1.0,1.0,1.0,4.0,1.0,1.0,1.0,1.0,4.0,1.0
1040,1.0,1.0,4.0,4.0,3.0,5.0,1.0,4.0,1.0,3.0,3.0,3.0,1.0,4.0,3.0,1.0,1.0,2.0,3.0,4.0,4.0,4.0,4.0,4.0,4.0,4.0,1.0,4.0,4.0,2.0,3.0,3.0
1041,1.0,5.0,5.0,5.0,1.0,1.0,1.0,2.0,1.0,5.0,5.0,5.0,1.0,2.0,1.0,5.0,1.0,1.0,5.0,5.0,5.0,5.0,2.0,1.0,1.0,5.0,2.0,1.0,2.0,1.0,1.0,5.0
1042,3.0,3.0,2.0,4.0,3.0,3.0,3.0,3.0,4.0,4.0,3.0,3.0,2.0,3.0,3.0,4.0,3.0,3.0,3.0,5.0,3.0,4.0,2.0,3.0,3.0,3.0,3.0,4.0,3.0,3.0,4.0,3.0
1044,2.0,2.0,3.0,3.0,4.0,4.0,4.0,2.0,2.0,2.0,4.0,2.0,2.0,2.0,2.0,2.0,3.0,2.0,2.0,2.0,2.0,3.0,2.0,4.0,3.0,2.0,3.0,2.0,3.0,2.0,2.0,4.0
1046,2.0,4.0,4.0,4.0,2.0,2.0,2.0,4.0,4.0,4.0,2.0,4.0,2.0,4.0,3.0,4.0,5.0,3.0,2.0,4.0,4.0,4.0,2.0,2.0,4.0,4.0,4.0,4.0,4.0,3.0,5.0,4.0
1048,1.0,5.0,1.0,1.0,1.0,1.0,1.0,1.0,1.0,1.0,1.0,1.0,1.0,1.0,1.0,1.0,1.0,1.0,1.0,1.0,1.0,1.0,1.0,1.0,1.0,1.0,1.0,1.0,1.0,1.0,1.0,1.0
1049,2.0,3.0,2.0,4.0,4.0,2.0,4.0,3.0,3.0,4.0,3.0,3.0,2.0,3.0,4.0,2.0,2.0,3.0,5.0,4.0,3.0,3.0,4.0,5.0,1.0,3.0,3.0,3.0,4.0,4.0,3.0,4.0
1051,2.0,2.0,3.0,4.0,2.0,3.0,4.0,3.0,4.0,3.0,3.0,2.0,2.0,3.0,2.0,2.0,3.0,2.0,3.0,2.0,3.0,2.0,4.0,4.0,4.0,2.0,3.0,2.0,3.0,2.0,2.0,3.0
1053,2.0,2.0,3.0,3.0,4.0,4.0,4.0,3.0,4.0,4.0,4.0,4.0,4.0,4.0,4.0,4.0,2.0,3.0,3.0,4.0,2.0,3.0,4.0,3.0,2.0,3.0,4.0,3.0,4.0,3.0,4.0,3.0
1054,3.0,5.0,4.0,4.0,2.0,4.0,2.0,2.0,2.0,5.0,2.0,2.0,4.0,3.0,2.0,4.0,3.0,3.0,2.0,3.0,3.0,4.0,3.0,5.0,3.0,5.0,3.0,1.0,3.0,2.0,5.0,5.0
1055,1.0,2.0,5.0,4.0,4.0,1.0,2.0,5.0,2.0,4.0,5.0,5.0,1.0,4.0,4.0,2.0,1.0,4.0,4.0,5.0,2.0,5.0,4.0,5.0,5.0,5.0,3.0,4.0,5.0,4.0,3.0,4.0
1057,1.0,3.0,5.0,5.0,2.0,2.0,2.0,3.0,5.0,3.0,4.0,4.0,2.0,5.0,5.0,5.0,4.0,3.0,3.0,4.0,5.0,5.0,2.0,4.0,5.0,5.0,4.0,5.0,5.0,2.0,4.0,3.0
1059,1.0,5.0,4.0,4.0,2.0,2.0,2.0,4.0,2.0,4.0,2.0,2.0,2.0,4.0,2.0,2.0,1.0,4.0,2.0,4.0,2.0,4.0,2.0,2.0,1.0,4.0,5.0,4.0,2.0,2.0,5.0,4.0
1061,1.0,2.0,2.0,2.0,2.0,1.0,4.0,4.0,4.0,2.0,1.0,1.0,1.0,4.0,3.0,4.0,3.0,2.0,2.0,4.0,4.0,4.0,1.0,1.0,3.0,3.0,3.0,2.0,3.0,2.0,3.0,2.0
1062,1.0,1.0,1.0,5.0,1.0,3.0,1.0,3.0,4.0,5.0,5.0,5.0,1.0,5.0,1.0,1.0,2.0,5.0,1.0,5.0,5.0,5.0,3.0,4.0,5.0,4.0,1.0,5.0,1.0,1.0,5.0,1.0
1063,1.0,1.0,1.0,1.0,1.0,1.0,1.0,5.0,1.0,2.0,1.0,5.0,1.0,5.0,1.0,4.0,1.0,3.0,1.0,5.0,5.0,4.0,1.0,5.0,1.0,5.0,5.0,3.0,5.0,1.0,3.0,2.0
1064,1.0,2.0,5.0,3.0,2.0,1.0,2.0,3.0,3.0,5.0,2.0,2.0,1.0,3.0,3.0,5.0,1.0,4.0,2.0,5.0,2.0,4.0,3.0,5.0,1.0,5.0,3.0,5.0,3.0,3.0,5.0,5.0
1065,2.0,3.0,3.0,4.0,3.0,2.0,2.0,4.0,2.0,4.0,3.0,4.0,2.0,2.0,3.0,2.0,2.0,4.0,4.0,4.0,2.0,4.0,2.0,4.0,2.0,3.0,3.0,2.0,2.0,3.0,2.0,2.0
1066,3.0,3.0,4.0,2.0,3.0,3.0,4.0,4.0,4.0,1.0,3.0,4.0,3.0,4.0,3.0,3.0,3.0,4.0,4.0,4.0,4.0,2.0,3.0,4.0,2.0,2.0,3.0,4.0,3.0,3.0,2.0,2.0
1067,1.0,5.0,1.0,2.0,1.0,1.0,1.0,1.0,1.0,4.0,1.0,1.0,1.0,2.0,3.0,1.0,1.0,2.0,1.0,4.0,4.0,4.0,2.0,4.0,1.0,4.0,1.0,4.0,1.0,3.0,4.0,2.0
1068,1.0,4.0,4.0,5.0,4.0,2.0,4.0,4.0,1.0,3.0,4.0,4.0,4.0,4.0,4.0,4.0,1.0,5.0,4.0,4.0,4.0,4.0,4.0,4.0,1.0,4.0,4.0,4.0,4.0,4.0,4.0,5.0
