,Dataset,Model,Correlation,p-value,L1 Loss
0,IPIP,Best Model,0.309165,0.0,0.10188043783328656
1,IPIP,Best Model,0.457497,0.0,0.08896996912714004
2,IPIP,Best Model,0.396173,0.0,0.137524557956778
3,IPIP,Best Model,0.395279,0.0,0.07998877350547291
4,IPIP,Best Model,0.355082,0.0,0.08812798203760876
5,IPIP,Best Model,0.543352,0.0,0.22368790345214706
6,IPIP,Best Model,0.415477,0.0,0.06258770698849285
7,IPIP,Best Model,0.356095,0.0,0.07577883805781645
8,IPIP,Best Model,0.370758,0.0,0.08111142295818131
9,IPIP,Best Model,0.54225,0.0,0.08560202076901488
10,IPIP,Best Model,0.428079,0.0,0.16811675554308167
11,IPIP,Best Model,0.377396,0.0,0.06146505753578445
12,IPIP,Best Model,0.348275,0.0,0.17934325007016558
13,IPIP,Best Model,0.360044,0.0,0.08560202076901488
14,IPIP,Best Model,0.194432,0.000724,0.08504069604266068
15,IPIP,Best Model,0.251377,1e-05,0.10552904855458883
16,IPIP,Best Model,0.402462,0.0,0.059219758630367665
17,IPIP,Best Model,0.259961,5e-06,0.0816727476845355
18,IPIP,Best Model,0.308532,0.0,0.17008139208532136
19,IPIP,Best Model,0.364635,0.0,0.07858546168958742
20,IPIP,Best Model,0.37864,0.0,0.16699410609037327
21,IPIP,Best Model,0.571545,0.0,0.18186921133875947
22,IPIP,Best Model,0.315639,0.0,0.2225652539994387
23,IPIP,Best Model,0.355219,0.0,0.0684816166152119
24,IPIP,Best Model,0.412177,0.0,0.08335672186359809
25,IPIP,Best Model,0.413821,0.0,0.07718214987370194
26,IPIP,Best Model,0.386474,0.0,0.07634016278417065
27,IPIP,Best Model,0.372803,0.0,0.07662082514734773
28,IPIP,Best Model,0.350231,0.0,0.0813920853213584
29,IPIP,Best Model,0.258979,5e-06,0.09009261857984845
30,IPIP,Best Model,0.334174,0.0,0.06539433062026383
31,IPIP,Best Model,0.285952,0.0,0.0679202918888577
32,IPIP,Best Model,0.379579,0.0,0.2593320235756385
33,IPIP,Best Model,0.571896,0.0,0.13555992141453832
34,IPIP,Best Model,0.360523,0.0,0.15436429974740387
35,IPIP,Best Model,0.49216,0.0,0.11591355599214145
36,IPIP,Best Model,0.516889,0.0,0.09795116474880719
37,IPIP,Best Model,0.392439,0.0,0.08728599494807747
38,IPIP,Best Model,0.584647,0.0,0.2472635419590233
39,IPIP,Best Model,0.260525,5e-06,0.08560202076901488
40,IPIP,Best Model,0.411536,0.0,0.06511366825708673
41,IPIP,Best Model,0.406701,0.0,0.33875947235475723
42,IPIP,Best Model,0.448192,0.0,0.22116194218355317
43,IPIP,Best Model,0.398289,0.0,0.06679764243614932
44,IPIP,Best Model,0.416496,0.0,0.16895874263261296
45,IPIP,Best Model,0.346701,0.0,0.13247263541959023
46,IPIP,Best Model,0.436703,0.0,0.07437552624193096
47,IPIP,Best Model,0.513259,0.0,0.07802413696323324
48,IPIP,Best Model,0.301242,0.0,0.1641874824586023
49,IPIP,Best Model,0.378441,0.0,0.20291888857704182
50,IPIP,Best Model,0.499261,0.0,0.11226494527083918
51,IPIP,Best Model,0.283482,1e-06,0.08840864440078586
52,IPIP,Best Model,0.510024,0.0,0.20937412293011506
53,IPIP,Best Model,0.494071,0.0,0.08335672186359809
54,IPIP,Best Model,0.215459,0.000188,0.05332584900364861
55,IPIP,Best Model,0.367433,0.0,0.07381420151557676
56,IPIP,Best Model,0.45711,0.0,0.09177659275891104
57,IPIP,Best Model,0.333558,0.0,0.206286836935167
58,IPIP,Best Model,0.235441,3.4e-05,0.06679764243614932
59,IPIP,Best Model,0.461777,0.0,0.11731686780802694
60,IPIP,Best Model,0.440921,0.0,0.06146505753578445
61,IPIP,Best Model,0.119548,0.038182,0.07128824024698288
62,IPIP,Best Model,0.384362,0.0,0.06511366825708673
63,IPIP,Best Model,0.47665,0.0,0.20291888857704182
64,IPIP,Best Model,0.489726,0.0,0.05893909626719057
65,IPIP,Best Model,0.467399,0.0,0.13808588268313218
66,IPIP,Best Model,0.425216,0.0,0.22116194218355317
67,IPIP,Best Model,0.245707,0.0,0.1372438955936009
68,IPIP,Best Model,0.429981,0.0,0.1243334268874544
69,IPIP,Best Model,0.344018,0.0,0.0550098231827112
70,IPIP,Best Model,0.484268,0.0,0.2037608756665731
71,IPIP,Best Model,0.461357,0.0,0.13331462250912152
72,IPIP,Best Model,0.465178,0.0,0.07409486387875386
73,IPIP,Best Model,0.490527,0.0,0.2450182430536065
74,IPIP,Best Model,0.322994,0.0,0.15997754701094583
75,IPIP,Best Model,0.376796,0.0,0.12770137524557956
76,IPIP,Best Model,0.247801,1.2e-05,0.06371035644120124
77,IPIP,Best Model,0.208285,0.000287,0.06539433062026383
78,IPIP,Best Model,0.398118,0.0,0.18607914678641593
79,IPIP,Best Model,0.196576,0.000617,0.08391804658995229
80,IPIP,Best Model,0.369134,0.0,0.07886612405276452
81,IPIP,Best Model,0.217298,0.0,0.14397979230985125
82,IPIP,Best Model,0.346012,0.0,0.07662082514734773
83,IPIP,Best Model,0.35641,0.0,0.05164187482458602
84,IPIP,Best Model,0.212078,0.00021,0.09935447656469268
85,IPIP,Best Model,0.471393,0.0,0.11338759472354758
86,IPIP,Best Model,0.523343,0.0,0.07493685096828516
87,IPIP,Best Model,0.435021,0.0,0.059500420993544766
88,IPIP,Best Model,0.390299,0.0,0.19702497895032275
89,IPIP,Best Model,0.35591,0.0,0.14875105248386192
90,IPIP,Best Model,0.410366,0.0,0.07184956497333708
91,IPIP,Best Model,0.396235,0.0,0.13191131069323603
92,IPIP,Best Model,0.390037,0.0,0.13303396014594443
93,IPIP,Best Model,0.406622,0.0,0.2343530732528768
94,IPIP,Best Model,0.4693,0.0,0.16110019646365423
95,IPIP,Best Model,0.374115,0.0,0.13387594723547572
96,IPIP,Best Model,0.51406,0.0,0.12994667415099634
97,IPIP,Best Model,0.210798,0.00026,0.0682009542520348
98,IPIP,Best Model,0.460588,0.0,0.17316867808026942
99,IPIP,Best Model,0.627644,0.0,0.07521751333146225
100,IPIP,Best Model,0.387294,0.0,0.24417625596407522
101,IPIP,Best Model,0.368733,0.0,0.0825147347740668
102,IPIP,Best Model,0.285798,0.0,0.13191131069323603
103,IPIP,Best Model,0.596123,0.0,0.17260735335391525
104,IPIP,Best Model,0.230815,5.3e-05,0.09121526803255683
105,IPIP,Best Model,0.498187,0.0,0.15801291046870614
106,IPIP,Best Model,0.337107,0.0,0.04630928992422116
107,IPIP,Best Model,0.401555,0.0,0.20039292730844793
108,IPIP,Best Model,0.235549,3.6e-05,0.08700533258490037
109,IPIP,Best Model,0.41072,0.0,0.20291888857704182
110,IPIP,Best Model,0.390405,0.0,0.09710917765927589
111,IPIP,Best Model,0.270349,2e-06,0.08083076059500421
112,IPIP,Best Model,0.2467,1.5e-05,0.06427168116755543
113,IPIP,Best Model,0.398703,0.0,0.13976985686219479
114,IPIP,Best Model,0.228385,7.3e-05,0.07970811114229581
115,IPIP,Best Model,0.242574,2.1e-05,0.06399101880437834
116,IPIP,Best Model,0.164032,0.004458,0.07213022733651417
117,IPIP,Best Model,0.437045,0.0,0.137524557956778
118,IPIP,Best Model,0.363916,0.0,0.24165029469548133
119,IPIP,Best Model,0.451615,0.0,0.13864720740948638
120,IPIP,Best Model,0.250489,1.1e-05,0.0816727476845355
121,IPIP,Best Model,0.375561,0.0,0.14650575357844514
122,IPIP,Best Model,0.289612,0.0,0.0673589671625035
123,IPIP,Best Model,0.291095,0.0,0.18383384788099916
124,IPIP,Best Model,0.440099,0.0,0.07409486387875386
125,IPIP,Best Model,0.216288,0.0,0.16250350827953972
126,IPIP,Best Model,0.302019,0.0,0.1908504069604266
127,IPIP,Best Model,0.233235,4.3e-05,0.10496772382823463
128,IPIP,Best Model,0.457667,0.0,0.16783609317990458
129,IPIP,Best Model,0.246191,0.0,0.22537187763120967
130,IPIP,Best Model,0.31484,0.0,0.29441481897277577
131,IPIP,Best Model,0.439945,0.0,0.15829357283188325
132,IPIP,Best Model,0.396932,0.0,0.12910468706146505
133,IPIP,Best Model,0.380114,0.0,0.14818972775750772
134,IPIP,Best Model,0.486795,0.0,0.23744035924782486
135,IPIP,Best Model,0.416582,0.0,0.15660959865282065
136,IPIP,Best Model,0.481249,0.0,0.05697445972495088
137,IPIP,Best Model,0.233661,4.1e-05,0.07213022733651417
138,IPIP,Best Model,0.108137,0.008024,0.18607914678641593
139,IPIP,Best Model,0.206415,0.0,0.10468706146505753
140,IPIP,Best Model,0.280083,0.0,0.2792590513612125
141,IPIP,Best Model,0.491291,0.0,0.1807465618860511
142,IPIP,Best Model,0.444038,0.0,0.07156890261015998
143,IPIP,Best Model,0.246954,1.6e-05,0.07493685096828516
144,IPIP,Best Model,0.421074,0.0,0.20853213584058378
145,IPIP,Best Model,0.400388,0.0,0.07662082514734773
146,IPIP,Best Model,0.270521,2e-06,0.10777434746000561
147,IPIP,Best Model,0.428897,0.0,0.13050799887735054
148,IPIP,Best Model,0.282264,0.0,0.15717092337917485
149,IPIP,Best Model,0.364775,0.0,0.0673589671625035
150,IPIP,Best Model,0.209357,0.0,0.19618299186079147
151,IPIP,Best Model,0.385486,0.0,0.15408363738422678
152,IPIP,Best Model,0.395654,0.0,0.1352792590513612
153,IPIP,Best Model,0.257924,6e-06,0.07858546168958742
154,IPIP,Best Model,0.132792,0.02098,0.0825147347740668
155,IPIP,Best Model,0.102013,0.078208,0.0825147347740668
156,IPIP,Best Model,0.183365,0.001398,0.08504069604266068
157,IPIP,Best Model,0.43597,0.0,0.140331181588549
158,IPIP,Best Model,0.214851,0.000182,0.08700533258490037
159,IPIP,Best Model,0.337332,0.0,0.2329497614369913
160,IPIP,Best Model,0.481874,0.0,0.09430255402750491
161,IPIP,WORD2VEC,0.049022,0.398319,0.1361212461408925
162,IPIP,WORD2VEC,0.14245,0.013843,0.12152680325568341
163,IPIP,WORD2VEC,0.128866,0.001546,0.17990457479651978
164,IPIP,WORD2VEC,0.096254,0.097223,0.1091776592758911
165,IPIP,WORD2VEC,-0.087674,0.127189,0.12966601178781925
166,IPIP,WORD2VEC,0.195141,0.0,0.32725231546449624
167,IPIP,WORD2VEC,0.184455,0.001332,0.07521751333146225
168,IPIP,WORD2VEC,0.086307,0.135193,0.09767050238563009
169,IPIP,WORD2VEC,0.177568,0.001985,0.09682851529609879
170,IPIP,WORD2VEC,0.201566,0.000464,0.1243334268874544
171,IPIP,WORD2VEC,0.189614,3e-06,0.2208812798203761
172,IPIP,WORD2VEC,0.126158,0.028908,0.07998877350547291
173,IPIP,WORD2VEC,0.101578,0.002414,0.22986247544204322
174,IPIP,WORD2VEC,0.175366,0.002224,0.11563289362896435
175,IPIP,WORD2VEC,0.130704,0.023801,0.10244176255964076
176,IPIP,WORD2VEC,0.121354,0.03565,0.13078866124052765
177,IPIP,WORD2VEC,0.091518,0.11248,0.07914678641594163
178,IPIP,WORD2VEC,0.134684,0.019407,0.10272242492281786
179,IPIP,WORD2VEC,0.164837,5e-05,0.20797081111422958
180,IPIP,WORD2VEC,0.136302,0.018176,0.10019646365422397
181,IPIP,WORD2VEC,0.065679,0.107427,0.23407241088969968
182,IPIP,WORD2VEC,0.235287,0.0,0.2618579848442324
183,IPIP,WORD2VEC,0.164233,1e-06,0.2565253999438675
184,IPIP,WORD2VEC,0.130925,0.02287,0.08447937131630648
185,IPIP,WORD2VEC,0.113164,0.049826,0.11619421835531855
186,IPIP,WORD2VEC,0.088724,0.125825,0.10665169800729722
187,IPIP,WORD2VEC,0.078218,0.179572,0.10328374964917204
188,IPIP,WORD2VEC,0.150583,0.008546,0.09346056693797362
189,IPIP,WORD2VEC,-0.025881,0.655802,0.11647488071849565
190,IPIP,WORD2VEC,0.060994,0.291522,0.1091776592758911
191,IPIP,WORD2VEC,0.248473,1.3e-05,0.07353353915239966
192,IPIP,WORD2VEC,0.107326,0.063822,0.08391804658995229
193,IPIP,WORD2VEC,0.199509,0.0,0.33370754981756945
194,IPIP,WORD2VEC,0.295753,0.0,0.18383384788099916
195,IPIP,WORD2VEC,0.086131,0.034617,0.2057255122088128
196,IPIP,WORD2VEC,0.130077,0.001434,0.16895874263261296
197,IPIP,WORD2VEC,0.061711,0.286686,0.1526803255683413
198,IPIP,WORD2VEC,-0.036647,0.527876,0.13555992141453832
199,IPIP,WORD2VEC,0.258339,0.0,0.355318551782206
200,IPIP,WORD2VEC,0.147931,0.010426,0.10244176255964076
201,IPIP,WORD2VEC,0.131293,0.023172,0.08504069604266068
202,IPIP,WORD2VEC,0.116745,5.3e-05,0.4678641594162223
203,IPIP,WORD2VEC,0.165158,1e-06,0.29245018243053605
204,IPIP,WORD2VEC,0.169655,0.003003,0.08447937131630648
205,IPIP,WORD2VEC,0.12821,0.00165,0.22172326690990737
206,IPIP,WORD2VEC,0.101023,0.01322,0.17401066516980074
207,IPIP,WORD2VEC,0.238245,3.2e-05,0.09795116474880719
208,IPIP,WORD2VEC,0.118371,0.039804,0.11591355599214145
209,IPIP,WORD2VEC,0.070865,0.083105,0.21498737019365702
210,IPIP,WORD2VEC,0.113502,0.000646,0.2730844793713163
211,IPIP,WORD2VEC,0.201134,1e-06,0.15520628683693516
212,IPIP,WORD2VEC,0.130637,0.024596,0.10272242492281786
213,IPIP,WORD2VEC,0.173809,0.0,0.29581813078866126
214,IPIP,WORD2VEC,0.212914,0.000184,0.11394891944990176
215,IPIP,WORD2VEC,0.082173,0.158494,0.06623631770979511
216,IPIP,WORD2VEC,0.102572,0.078087,0.09767050238563009
217,IPIP,WORD2VEC,0.115117,0.045984,0.1251754139769857
218,IPIP,WORD2VEC,0.129092,0.001573,0.2565253999438675
219,IPIP,WORD2VEC,0.01108,0.847436,0.07886612405276452
220,IPIP,WORD2VEC,0.301428,0.0,0.1372438955936009
221,IPIP,WORD2VEC,0.131846,0.02192,0.08279539713724389
222,IPIP,WORD2VEC,-0.018791,0.745427,0.09009261857984845
223,IPIP,WORD2VEC,0.154464,0.007257,0.07774347460005614
224,IPIP,WORD2VEC,0.126072,0.000148,0.3039573393207971
225,IPIP,WORD2VEC,0.24872,1.3e-05,0.07241088969969127
226,IPIP,WORD2VEC,0.093723,0.021786,0.19477968004490598
227,IPIP,WORD2VEC,0.154919,3e-06,0.2845916362615773
228,IPIP,WORD2VEC,0.143312,0.000425,0.15689026101599776
229,IPIP,WORD2VEC,0.173515,1.9e-05,0.17373000280662362
230,IPIP,WORD2VEC,0.171342,0.002955,0.06679764243614932
231,IPIP,WORD2VEC,0.225636,0.0,0.2792590513612125
232,IPIP,WORD2VEC,0.143077,0.000415,0.18130788661240527
233,IPIP,WORD2VEC,0.15653,0.006416,0.10440639910188043
234,IPIP,WORD2VEC,0.239868,0.0,0.33258490036486105
235,IPIP,WORD2VEC,0.09451,0.020698,0.206286836935167
236,IPIP,WORD2VEC,0.10599,0.009493,0.16110019646365423
237,IPIP,WORD2VEC,0.021109,0.713937,0.07914678641594163
238,IPIP,WORD2VEC,0.12328,0.033096,0.07521751333146225
239,IPIP,WORD2VEC,0.248811,0.0,0.22761717653662644
240,IPIP,WORD2VEC,-0.010942,0.850306,0.10075778838057817
241,IPIP,WORD2VEC,0.057044,0.325586,0.10833567218635981
242,IPIP,WORD2VEC,0.032052,0.434005,0.18271119842829076
243,IPIP,WORD2VEC,0.091896,0.111593,0.10159977547010945
244,IPIP,WORD2VEC,0.285018,0.0,0.05893909626719057
245,IPIP,WORD2VEC,0.145042,0.01176,0.11900084198708953
246,IPIP,WORD2VEC,0.292424,0.0,0.13555992141453832
247,IPIP,WORD2VEC,0.205886,0.000316,0.10637103564412012
248,IPIP,WORD2VEC,0.148464,0.010024,0.07942744877911873
249,IPIP,WORD2VEC,0.123798,0.000198,0.26354195902329497
250,IPIP,WORD2VEC,0.198234,1e-06,0.18467583497053044
251,IPIP,WORD2VEC,0.051868,0.370663,0.09682851529609879
252,IPIP,WORD2VEC,0.1664,4.3e-05,0.1751333146225091
253,IPIP,WORD2VEC,0.136088,0.00084,0.17429132753297782
254,IPIP,WORD2VEC,0.123633,0.000199,0.30900926185798483
255,IPIP,WORD2VEC,0.136943,0.000802,0.2225652539994387
256,IPIP,WORD2VEC,0.129908,0.001454,0.1653101319113107
257,IPIP,WORD2VEC,0.211015,0.0,0.18607914678641593
258,IPIP,WORD2VEC,0.123036,0.034356,0.07521751333146225
259,IPIP,WORD2VEC,0.166439,4.2e-05,0.24417625596407522
260,IPIP,WORD2VEC,0.197147,0.00057,0.11647488071849565
261,IPIP,WORD2VEC,0.072631,0.029987,0.33090092618579847
262,IPIP,WORD2VEC,0.238861,3.1e-05,0.10019646365422397
263,IPIP,WORD2VEC,0.176224,1.4e-05,0.15660959865282065
264,IPIP,WORD2VEC,0.297317,0.0,0.23828234633735615
265,IPIP,WORD2VEC,0.044145,0.445423,0.11226494527083918
266,IPIP,WORD2VEC,0.21732,0.0,0.2071288240246983
267,IPIP,WORD2VEC,0.040403,0.4857,0.06567499298344093
268,IPIP,WORD2VEC,0.222517,0.0,0.2458602301431378
269,IPIP,WORD2VEC,0.121486,0.034835,0.11086163345495369
270,IPIP,WORD2VEC,0.151523,5e-06,0.25259612685938815
271,IPIP,WORD2VEC,0.164249,0.004609,0.12236879034521471
272,IPIP,WORD2VEC,0.094053,0.103402,0.0962671905697446
273,IPIP,WORD2VEC,0.234516,4.1e-05,0.07521751333146225
274,IPIP,WORD2VEC,0.104278,0.010397,0.1902890822340724
275,IPIP,WORD2VEC,0.155879,0.007211,0.09374122930115071
276,IPIP,WORD2VEC,0.069444,0.229657,0.07914678641594163
277,IPIP,WORD2VEC,0.074688,0.197795,0.08419870895312939
278,IPIP,WORD2VEC,0.105873,0.009573,0.19730564131349987
279,IPIP,WORD2VEC,0.144166,1.4e-05,0.30620263822621385
280,IPIP,WORD2VEC,0.238209,0.0,0.17541397698568623
281,IPIP,WORD2VEC,0.059144,0.305621,0.10019646365422397
282,IPIP,WORD2VEC,0.168117,3.6e-05,0.18776312096547854
283,IPIP,WORD2VEC,0.008467,0.883499,0.08728599494807747
284,IPIP,WORD2VEC,0.090816,0.02662,0.23519506034240809
285,IPIP,WORD2VEC,0.260355,6e-06,0.09037328094302555
286,IPIP,WORD2VEC,0.088585,0.029761,0.18635980914959305
287,IPIP,WORD2VEC,0.102293,0.012248,0.23828234633735615
288,IPIP,WORD2VEC,0.144437,0.011977,0.12264945270839181
289,IPIP,WORD2VEC,0.158777,9.4e-05,0.2332304238001684
290,IPIP,WORD2VEC,0.040293,0.226945,0.2618579848442324
291,IPIP,WORD2VEC,0.121877,0.000251,0.3845074375526242
292,IPIP,WORD2VEC,0.091803,0.024289,0.22677518944709515
293,IPIP,WORD2VEC,0.096996,0.017856,0.177659275891103
294,IPIP,WORD2VEC,0.200093,0.0,0.18439517260735336
295,IPIP,WORD2VEC,0.172923,0.0,0.32220039292730845
296,IPIP,WORD2VEC,0.135,0.000982,0.2054448498456357
297,IPIP,WORD2VEC,0.120755,0.036894,0.07662082514734773
298,IPIP,WORD2VEC,-0.053634,0.352958,0.09065394330620263
299,IPIP,WORD2VEC,0.053563,0.190121,0.21302273365141736
300,IPIP,WORD2VEC,0.092757,0.023188,0.12910468706146505
301,IPIP,WORD2VEC,0.055399,0.098604,0.352511928150435
302,IPIP,WORD2VEC,0.228175,0.0,0.24473758069042942
303,IPIP,WORD2VEC,0.141782,0.013347,0.0954252034802133
304,IPIP,WORD2VEC,-0.10488,0.070148,0.10496772382823463
305,IPIP,WORD2VEC,0.173747,0.0,0.28206567499298346
306,IPIP,WORD2VEC,0.203403,0.000383,0.0954252034802133
307,IPIP,WORD2VEC,0.017014,0.769526,0.14622509121526803
308,IPIP,WORD2VEC,0.097975,0.016729,0.18355318551782207
309,IPIP,WORD2VEC,0.152546,0.000179,0.18551782206006173
310,IPIP,WORD2VEC,0.12213,0.033286,0.08419870895312939
311,IPIP,WORD2VEC,0.064046,0.054772,0.2461408925063149
312,IPIP,WORD2VEC,0.179943,8e-06,0.20095425203480213
313,IPIP,WORD2VEC,0.122314,0.002712,0.18046589952287398
314,IPIP,WORD2VEC,0.007199,0.901175,0.09991580129104687
315,IPIP,WORD2VEC,0.071668,0.214275,0.09205725512208812
316,IPIP,WORD2VEC,-0.112967,0.051003,0.10637103564412012
317,IPIP,WORD2VEC,0.037339,0.51871,0.10103845074375527
318,IPIP,WORD2VEC,0.207233,0.0,0.18776312096547854
319,IPIP,WORD2VEC,0.034458,0.552842,0.10356441201234914
320,IPIP,WORD2VEC,0.184123,0.0,0.2817850126298063
321,IPIP,WORD2VEC,0.113605,0.049315,0.134717934325007
322,IPIP,LIWC,0.107016,0.064596,0.11394891944990176
323,IPIP,LIWC,0.179129,0.001907,0.10552904855458883
324,IPIP,LIWC,0.075655,0.063812,0.16559079427448778
325,IPIP,LIWC,0.278418,1e-06,0.08896996912714004
326,IPIP,LIWC,0.154873,0.00682,0.10019646365422397
327,IPIP,LIWC,0.281722,0.0,0.28234633735616055
328,IPIP,LIWC,0.079605,0.16906,0.08111142295818131
329,IPIP,LIWC,0.05048,0.382822,0.0954252034802133
330,IPIP,LIWC,0.021058,0.715964,0.09879315183833848
331,IPIP,LIWC,0.136998,0.017973,0.11507156890261017
332,IPIP,LIWC,0.200018,1e-06,0.1914117316867808
333,IPIP,LIWC,-0.095095,0.100189,0.08279539713724389
334,IPIP,LIWC,0.057713,0.085292,0.20909346056693798
335,IPIP,LIWC,0.092496,0.108674,0.10159977547010945
336,IPIP,LIWC,-0.048461,0.403746,0.0962671905697446
337,IPIP,LIWC,0.122002,0.034669,0.11647488071849565
338,IPIP,LIWC,0.06142,0.287356,0.07942744877911873
339,IPIP,LIWC,0.128632,0.025637,0.08476003367948358
340,IPIP,LIWC,0.137559,0.000729,0.18748245860230142
341,IPIP,LIWC,0.042265,0.465808,0.09374122930115071
342,IPIP,LIWC,-0.019587,0.631499,0.2043222003929273
343,IPIP,LIWC,0.193506,0.0,0.25456076340162787
344,IPIP,LIWC,0.108848,0.001059,0.26241930957058657
345,IPIP,LIWC,0.09808,0.088851,0.0816727476845355
346,IPIP,LIWC,0.091257,0.114116,0.10412573673870335
347,IPIP,LIWC,0.097488,0.09244,0.09851248947516138
348,IPIP,LIWC,-0.043901,0.451772,0.0951445411170362
349,IPIP,LIWC,0.201952,0.000395,0.08672467022172327
350,IPIP,LIWC,-0.049789,0.390971,0.09879315183833848
351,IPIP,LIWC,0.141614,0.013929,0.0957058658433904
352,IPIP,LIWC,0.151612,0.008422,0.07690148751052484
353,IPIP,LIWC,-0.019411,0.738177,0.08279539713724389
354,IPIP,LIWC,0.117883,0.000377,0.29750210496772383
355,IPIP,LIWC,0.264552,0.0,0.1790625877069885
356,IPIP,LIWC,0.048388,0.235833,0.1914117316867808
357,IPIP,LIWC,0.075345,0.065585,0.1526803255683413
358,IPIP,LIWC,0.243785,2e-05,0.12854336233511085
359,IPIP,LIWC,0.15737,0.006395,0.10300308728599494
360,IPIP,LIWC,0.23675,0.0,0.3331462250912153
361,IPIP,LIWC,0.234489,4.2e-05,0.08560202076901488
362,IPIP,LIWC,0.133831,0.02062,0.07577883805781645
363,IPIP,LIWC,0.132249,5e-06,0.3937692955374684
364,IPIP,LIWC,0.189323,0.0,0.26382262138647206
365,IPIP,LIWC,0.185993,0.001122,0.07830479932641032
366,IPIP,LIWC,0.225223,0.0,0.19702497895032275
367,IPIP,LIWC,0.112574,0.00573,0.15548694920011227
368,IPIP,LIWC,0.249968,1.3e-05,0.08840864440078586
369,IPIP,LIWC,0.250848,1e-05,0.09767050238563009
370,IPIP,LIWC,0.034181,0.403689,0.1801852371596969
371,IPIP,LIWC,0.014047,0.673865,0.24361493123772102
372,IPIP,LIWC,0.201997,1e-06,0.15436429974740387
373,IPIP,LIWC,0.212229,0.000235,0.09289924221161942
374,IPIP,LIWC,0.199413,0.0,0.2753297782767331
375,IPIP,LIWC,0.172677,0.002519,0.10496772382823463
376,IPIP,LIWC,0.026597,0.648582,0.06258770698849285
377,IPIP,LIWC,0.092134,0.113698,0.08925063149031714
378,IPIP,LIWC,0.127406,0.02709,0.11226494527083918
379,IPIP,LIWC,0.149182,0.000254,0.22340724108896998
380,IPIP,LIWC,0.062083,0.280575,0.08111142295818131
381,IPIP,LIWC,0.195614,1e-06,0.14397979230985125
382,IPIP,LIWC,0.126563,0.027866,0.07718214987370194
383,IPIP,LIWC,-0.006578,0.909514,0.07914678641594163
384,IPIP,LIWC,0.104969,0.068974,0.08307605950042099
385,IPIP,LIWC,0.160491,1e-06,0.257928711759753
386,IPIP,LIWC,0.088936,0.123655,0.08756665731125456
387,IPIP,LIWC,0.130259,0.001398,0.1653101319113107
388,IPIP,LIWC,0.158339,2e-06,0.2702778557395453
389,IPIP,LIWC,0.078205,0.055343,0.14622509121526803
390,IPIP,LIWC,0.259111,0.0,0.14117316867808027
391,IPIP,LIWC,0.054825,0.344781,0.06286836935166994
392,IPIP,LIWC,0.221177,0.0,0.2556834128543362
393,IPIP,LIWC,0.177015,1.2e-05,0.163345495369071
394,IPIP,LIWC,0.220166,0.000114,0.08953129385349425
395,IPIP,LIWC,0.051317,0.12543,0.3157451585742352
396,IPIP,LIWC,0.043977,0.28256,0.17597530171204043
397,IPIP,LIWC,0.11082,0.006674,0.1521190008419871
398,IPIP,LIWC,0.167713,0.003358,0.0673589671625035
399,IPIP,LIWC,-0.00707,0.903109,0.07353353915239966
400,IPIP,LIWC,0.233952,0.0,0.21274207128824024
401,IPIP,LIWC,0.082798,0.152553,0.09289924221161942
402,IPIP,LIWC,-0.038841,0.503457,0.09458321639068201
403,IPIP,LIWC,-0.02945,0.472255,0.1644681448217794
404,IPIP,LIWC,0.063924,0.268922,0.09317990457479652
405,IPIP,LIWC,0.092908,0.107102,0.061184395172607355
406,IPIP,LIWC,-0.011109,0.847786,0.11226494527083918
407,IPIP,LIWC,0.153205,0.000167,0.1389278697726635
408,IPIP,LIWC,0.152042,0.008129,0.10384507437552624
409,IPIP,LIWC,0.164907,0.004184,0.07493685096828516
410,IPIP,LIWC,0.124007,0.000193,0.23098512489475162
411,IPIP,LIWC,0.13612,0.000821,0.1613808588268313
412,IPIP,LIWC,0.089974,0.119937,0.08868930676396296
413,IPIP,LIWC,0.117323,0.004036,0.15520628683693516
414,IPIP,LIWC,0.196997,1e-06,0.14706707830479931
415,IPIP,LIWC,0.213771,0.0,0.2691552062868369
416,IPIP,LIWC,0.036337,0.375877,0.20348021330339602
417,IPIP,LIWC,0.08109,0.047469,0.16783609317990458
418,IPIP,LIWC,0.228607,0.0,0.16671344372719618
419,IPIP,LIWC,0.125496,0.030888,0.07100757788380578
420,IPIP,LIWC,0.108428,0.007855,0.2169520067358967
421,IPIP,LIWC,0.219959,0.000116,0.10609037328094302
422,IPIP,LIWC,0.177197,0.0,0.2716811675554308
423,IPIP,LIWC,0.174942,0.00244,0.09317990457479652
424,IPIP,LIWC,-0.026308,0.520456,0.14931237721021612
425,IPIP,LIWC,0.260932,0.0,0.23407241088969968
426,IPIP,LIWC,0.024491,0.67215,0.10300308728599494
427,IPIP,LIWC,0.164113,5.3e-05,0.20740948638787537
428,IPIP,LIWC,0.125202,0.030155,0.055571147909065394
429,IPIP,LIWC,0.20256,0.0,0.2323884367106371
430,IPIP,LIWC,0.113704,0.048363,0.09093460566937973
431,IPIP,LIWC,0.119567,0.000342,0.2568060623070446
432,IPIP,LIWC,0.124087,0.032835,0.11198428290766209
433,IPIP,LIWC,0.003735,0.948545,0.08868930676396296
434,IPIP,LIWC,0.159237,0.005706,0.07156890261015998
435,IPIP,LIWC,-0.011845,0.771611,0.1782206006174572
436,IPIP,LIWC,0.099243,0.088302,0.08644400785854617
437,IPIP,LIWC,0.052764,0.361636,0.07241088969969127
438,IPIP,LIWC,0.080449,0.165282,0.0813920853213584
439,IPIP,LIWC,0.099034,0.015407,0.17316867808026942
440,IPIP,LIWC,0.216181,0.0,0.2469828795958462
441,IPIP,LIWC,0.097084,0.017186,0.17148470390120685
442,IPIP,LIWC,0.093659,0.104283,0.08868930676396296
443,IPIP,LIWC,0.197583,1e-06,0.17008139208532136
444,IPIP,LIWC,-0.080721,0.161738,0.07549817569463935
445,IPIP,LIWC,0.120776,0.003146,0.206286836935167
446,IPIP,LIWC,0.194487,0.000768,0.08896996912714004
447,IPIP,LIWC,0.041313,0.311549,0.1782206006174572
448,IPIP,LIWC,0.026196,0.522237,0.22031995509402189
449,IPIP,LIWC,0.021052,0.715581,0.11647488071849565
450,IPIP,LIWC,0.160179,8.1e-05,0.20965478529329218
451,IPIP,LIWC,0.04845,0.146187,0.2554027504911591
452,IPIP,LIWC,0.100726,0.002512,0.326690990738142
453,IPIP,LIWC,0.129973,0.001394,0.19113106932360371
454,IPIP,LIWC,0.131336,0.001311,0.14762840303115352
455,IPIP,LIWC,0.163302,1e-06,0.16053887173730003
456,IPIP,LIWC,0.225692,0.0,0.29385349424642154
457,IPIP,LIWC,0.186974,5e-06,0.1801852371596969
458,IPIP,LIWC,0.132249,0.02218,0.07044625315745158
459,IPIP,LIWC,0.059026,0.306589,0.0825147347740668
460,IPIP,LIWC,0.024422,0.550477,0.1930957058658434
461,IPIP,LIWC,0.140124,0.000583,0.09963513892786978
462,IPIP,LIWC,0.126555,0.000153,0.30985124894751614
463,IPIP,LIWC,0.121504,0.000263,0.2506314903171485
464,IPIP,LIWC,0.226451,6.8e-05,0.08391804658995229
465,IPIP,LIWC,0.086946,0.13362,0.08476003367948358
466,IPIP,LIWC,0.130745,8.1e-05,0.2570867246702217
467,IPIP,LIWC,0.093578,0.105163,0.09402189166432781
468,IPIP,LIWC,0.066015,0.255135,0.12264945270839181
469,IPIP,LIWC,0.250573,0.0,0.15324165029469547
470,IPIP,LIWC,0.110691,0.006692,0.1787819253438114
471,IPIP,LIWC,0.202953,0.000369,0.07465618860510806
472,IPIP,LIWC,0.072755,0.029072,0.2060061745719899
473,IPIP,LIWC,0.045304,0.26588,0.18748245860230142
474,IPIP,LIWC,0.175594,1.5e-05,0.1501543642997474
475,IPIP,LIWC,-0.024923,0.667233,0.09205725512208812
476,IPIP,LIWC,-0.030141,0.601852,0.09009261857984845
477,IPIP,LIWC,0.022601,0.697117,0.08335672186359809
478,IPIP,LIWC,-0.01822,0.752897,0.0959865282065675
479,IPIP,LIWC,0.130892,8.3e-05,0.1658714566376649
480,IPIP,LIWC,0.073439,0.205417,0.0965478529329217
481,IPIP,LIWC,0.157854,2e-06,0.25147347740667975
482,IPIP,LIWC,0.24952,1.2e-05,0.11086163345495369
483,IPIP,Average Response,0.0,0.0,0.11198428290766209
484,IPIP,Average Response,0.0,0.0,0.1094583216390682
485,IPIP,Average Response,0.0,0.0,0.16053887173730003
486,IPIP,Average Response,0.0,0.0,0.09458321639068201
487,IPIP,Average Response,0.0,0.0,0.10468706146505753
488,IPIP,Average Response,0.0,0.0,0.31209654785293295
489,IPIP,Average Response,0.0,0.0,0.08026943586865001
490,IPIP,Average Response,0.0,0.0,0.0962671905697446
491,IPIP,Average Response,0.0,0.0,0.09486387875385911
492,IPIP,Average Response,0.0,0.0,0.11731686780802694
493,IPIP,Average Response,0.0,0.0,0.19955094021891664
494,IPIP,Average Response,0.0,0.0,0.07549817569463935
495,IPIP,Average Response,0.0,0.0,0.20965478529329218
496,IPIP,Average Response,0.0,0.0,0.09851248947516138
497,IPIP,Average Response,0.0,0.0,0.08981195621667135
498,IPIP,Average Response,0.0,0.0,0.12124614089250632
499,IPIP,Average Response,0.0,0.0,0.07942744877911873
500,IPIP,Average Response,0.0,0.0,0.08419870895312939
501,IPIP,Average Response,0.0,0.0,0.1928150435026663
502,IPIP,Average Response,0.0,0.0,0.09037328094302555
503,IPIP,Average Response,0.0,0.0,0.19927027785573956
504,IPIP,Average Response,0.0,0.0,0.2708391804658995
505,IPIP,Average Response,0.0,0.0,0.2691552062868369
506,IPIP,Average Response,0.0,0.0,0.07886612405276452
507,IPIP,Average Response,0.0,0.0,0.09991580129104687
508,IPIP,Average Response,0.0,0.0,0.10019646365422397
509,IPIP,Average Response,0.0,0.0,0.09149593039573393
510,IPIP,Average Response,0.0,0.0,0.09430255402750491
511,IPIP,Average Response,0.0,0.0,0.09121526803255683
512,IPIP,Average Response,0.0,0.0,0.10244176255964076
513,IPIP,Average Response,0.0,0.0,0.07858546168958742
514,IPIP,Average Response,0.0,0.0,0.07662082514734773
515,IPIP,Average Response,0.0,0.0,0.3022733651417345
516,IPIP,Average Response,0.0,0.0,0.19590232949761438
517,IPIP,Average Response,0.0,0.0,0.2054448498456357
518,IPIP,Average Response,0.0,0.0,0.1484703901206848
519,IPIP,Average Response,0.0,0.0,0.14173449340443448
520,IPIP,Average Response,0.0,0.0,0.10609037328094302
521,IPIP,Average Response,0.0,0.0,0.364019085040696
522,IPIP,Average Response,0.0,0.0,0.09374122930115071
523,IPIP,Average Response,0.0,0.0,0.07437552624193096
524,IPIP,Average Response,0.0,0.0,0.40836373842267754
525,IPIP,Average Response,0.0,0.0,0.2885209093460567
526,IPIP,Average Response,0.0,0.0,0.08055009823182711
527,IPIP,Average Response,0.0,0.0,0.21723266909907382
528,IPIP,Average Response,0.0,0.0,0.1509963513892787
529,IPIP,Average Response,0.0,0.0,0.09261857984844232
530,IPIP,Average Response,0.0,0.0,0.10889699691271401
531,IPIP,Average Response,0.0,0.0,0.1770979511647488
532,IPIP,Average Response,0.0,0.0,0.23996632051641875
533,IPIP,Average Response,0.0,0.0,0.1647488071849565
534,IPIP,Average Response,0.0,0.0,0.09710917765927589
535,IPIP,Average Response,0.0,0.0,0.29413415660959863
536,IPIP,Average Response,0.0,0.0,0.10721302273365142
537,IPIP,Average Response,0.0,0.0,0.06034240808307606
538,IPIP,Average Response,0.0,0.0,0.08700533258490037
539,IPIP,Average Response,0.0,0.0,0.11619421835531855
540,IPIP,Average Response,0.0,0.0,0.23014313780522033
541,IPIP,Average Response,0.0,0.0,0.08307605950042099
542,IPIP,Average Response,0.0,0.0,0.1504350266629245
543,IPIP,Average Response,0.0,0.0,0.07521751333146225
544,IPIP,Average Response,0.0,0.0,0.07381420151557676
545,IPIP,Average Response,0.0,0.0,0.08447937131630648
546,IPIP,Average Response,0.0,0.0,0.2643839461128263
547,IPIP,Average Response,0.0,0.0,0.08644400785854617
548,IPIP,Average Response,0.0,0.0,0.16867808026943587
549,IPIP,Average Response,0.0,0.0,0.2792590513612125
550,IPIP,Average Response,0.0,0.0,0.14454111703620545
551,IPIP,Average Response,0.0,0.0,0.149031714847039
552,IPIP,Average Response,0.0,0.0,0.05809710917765928
553,IPIP,Average Response,0.0,0.0,0.26971653101319115
554,IPIP,Average Response,0.0,0.0,0.17344934044344654
555,IPIP,Average Response,0.0,0.0,0.0951445411170362
556,IPIP,Average Response,0.0,0.0,0.3165871456637665
557,IPIP,Average Response,0.0,0.0,0.17148470390120685
558,IPIP,Average Response,0.0,0.0,0.15380297502104967
559,IPIP,Average Response,0.0,0.0,0.06679764243614932
560,IPIP,Average Response,0.0,0.0,0.0701655907942745
561,IPIP,Average Response,0.0,0.0,0.2225652539994387
562,IPIP,Average Response,0.0,0.0,0.09037328094302555
563,IPIP,Average Response,0.0,0.0,0.08925063149031714
564,IPIP,Average Response,0.0,0.0,0.16110019646365423
565,IPIP,Average Response,0.0,0.0,0.09009261857984845
566,IPIP,Average Response,0.0,0.0,0.05725512208812798
567,IPIP,Average Response,0.0,0.0,0.10524838619141173
568,IPIP,Average Response,0.0,0.0,0.1389278697726635
569,IPIP,Average Response,0.0,0.0,0.10552904855458883
570,IPIP,Average Response,0.0,0.0,0.068762278978389
571,IPIP,Average Response,0.0,0.0,0.23351108616334548
572,IPIP,Average Response,0.0,0.0,0.1647488071849565
573,IPIP,Average Response,0.0,0.0,0.08560202076901488
574,IPIP,Average Response,0.0,0.0,0.15548694920011227
575,IPIP,Average Response,0.0,0.0,0.1501543642997474
576,IPIP,Average Response,0.0,0.0,0.2840303115352231
577,IPIP,Average Response,0.0,0.0,0.20011226494527085
578,IPIP,Average Response,0.0,0.0,0.16895874263261296
579,IPIP,Average Response,0.0,0.0,0.17429132753297782
580,IPIP,Average Response,0.0,0.0,0.07072691552062868
581,IPIP,Average Response,0.0,0.0,0.21218074656188604
582,IPIP,Average Response,-0.097997,0.089123,0.12040415380297502
583,IPIP,Average Response,0.0,0.0,0.286556272803817
584,IPIP,Average Response,0.0,0.0,0.09795116474880719
585,IPIP,Average Response,0.0,0.0,0.14117316867808027
586,IPIP,Average Response,0.0,0.0,0.24950884086444008
587,IPIP,Average Response,0.0,0.0,0.09795116474880719
588,IPIP,Average Response,0.0,0.0,0.21667134437271962
589,IPIP,Average Response,0.0,0.0,0.05079988773505473
590,IPIP,Average Response,0.0,0.0,0.24249228178501264
591,IPIP,Average Response,0.0,0.0,0.09177659275891104
592,IPIP,Average Response,0.0,0.0,0.2705585181027224
593,IPIP,Average Response,0.0,0.0,0.11731686780802694
594,IPIP,Average Response,0.0,0.0,0.08335672186359809
595,IPIP,Average Response,0.0,0.0,0.0676396295256806
596,IPIP,Average Response,0.0,0.0,0.17344934044344654
597,IPIP,Average Response,0.0,0.0,0.08700533258490037
598,IPIP,Average Response,0.0,0.0,0.06904294134156609
599,IPIP,Average Response,0.0,0.0,0.08812798203760876
600,IPIP,Average Response,0.0,0.0,0.1779399382542801
601,IPIP,Average Response,0.0,0.0,0.24922817850126297
602,IPIP,Average Response,0.0,0.0,0.17541397698568623
603,IPIP,Average Response,0.0,0.0,0.08616334549536907
604,IPIP,Average Response,0.0,0.0,0.17737861352792592
605,IPIP,Average Response,0.0,0.0,0.06904294134156609
606,IPIP,Average Response,0.0,0.0,0.22789783889980353
607,IPIP,Average Response,0.0,0.0,0.09177659275891104
608,IPIP,Average Response,0.0,0.0,0.18102722424922818
609,IPIP,Average Response,0.0,0.0,0.2183553185517822
610,IPIP,Average Response,0.0,0.0,0.1100196463654224
611,IPIP,Average Response,0.0,0.0,0.2186359809149593
612,IPIP,Average Response,0.0,0.0,0.2601740106651698
613,IPIP,Average Response,0.0,0.0,0.33511086163345494
614,IPIP,Average Response,0.0,0.0,0.19646365422396855
615,IPIP,Average Response,0.0,0.0,0.14706707830479931
616,IPIP,Average Response,0.0,0.0,0.15997754701094583
617,IPIP,Average Response,0.0,0.0,0.32248105529048554
618,IPIP,Average Response,0.0,0.0,0.1944990176817289
619,IPIP,Average Response,0.0,0.0,0.0673589671625035
620,IPIP,Average Response,0.0,0.0,0.08335672186359809
621,IPIP,Average Response,0.0,0.0,0.1905697445972495
622,IPIP,Average Response,0.0,0.0,0.09851248947516138
623,IPIP,Average Response,0.0,0.0,0.31602582093741227
624,IPIP,Average Response,0.0,0.0,0.25484142576480495
625,IPIP,Average Response,0.0,0.0,0.08616334549536907
626,IPIP,Average Response,0.0,0.0,0.08083076059500421
627,IPIP,Average Response,0.0,0.0,0.272242492281785
628,IPIP,Average Response,0.0,0.0,0.08925063149031714
629,IPIP,Average Response,0.0,0.0,0.11759753017120404
630,IPIP,Average Response,0.0,0.0,0.1608195341004771
631,IPIP,Average Response,0.0,0.0,0.18046589952287398
632,IPIP,Average Response,0.0,0.0,0.07662082514734773
633,IPIP,Average Response,0.0,0.0,0.20207690148751054
634,IPIP,Average Response,0.0,0.0,0.18411451024417624
635,IPIP,Average Response,0.0,0.0,0.14818972775750772
636,IPIP,Average Response,0.0,0.0,0.08925063149031714
637,IPIP,Average Response,0.0,0.0,0.08756665731125456
638,IPIP,Average Response,0.0,0.0,0.07774347460005614
639,IPIP,Average Response,0.0,0.0,0.09177659275891104
640,IPIP,Average Response,0.0,0.0,0.1653101319113107
641,IPIP,Average Response,0.0,0.0,0.09374122930115071
642,IPIP,Average Response,0.0,0.0,0.2582093741229301
643,IPIP,Average Response,0.0,0.0,0.1243334268874544
