Correlation,p-value,percentile,A1,A2,A3,A4,A5,A6,A7,A8,A9,A10,B1,B2,B3,B4,B5,B6,B7,B8,B9,B10,B11,B12,B13,C1,C2,C3,C4,C5,C6,C7,C8,C9,C10,D1,D2,D3,D4,D5,D6,D7,D8,D9,D10,E1,E2,E3,E4,E5,E6,E7,E8,E9,E10,F1,F2,F3,F4,F5,F6,F7,F8,F9,F10,G1,G2,G3,G4,G5,G6,G7,G8,G9,G10,H1,H2,H3,H4,H5,H6,H7,H8,H9,H10,I1,I2,I3,I4,I5,I6,I7,I8,I9,I10,J1,J2,J3,J4,J5,J6,J7,J8,J9,J10,K1,K2,K3,K4,K5,K6,K7,K8,K9,K10,L1,L2,L3,L4,L5,L6,L7,L8,L9,L10,M1,M2,M3,M4,M5,M6,M7,M8,M9,M10,N1,N2,N3,N4,N5,N6,N7,N8,N9,N10,O1,O2,O3,O4,O5,O6,O7,O8,O9,O10,P1,P2,P3,P4,P5,P6,P7,P8,P9,P10
-0.448592,0.0,2.0342155047905775e-05,3.0,3.0,3.0,3.0,3.0,3.0,1.0,3.0,3.0,3.0,3.0,3.0,3.0,3.0,3.0,3.0,3.0,3.0,3.0,3.0,2.0,3.0,3.0,2.0,3.0,3.0,3.0,2.0,3.0,3.0,3.0,3.0,3.0,4.0,3.0,3.0,3.0,3.0,3.0,3.0,3.0,5.0,3.0,3.0,3.0,3.0,3.0,3.0,3.0,3.0,3.0,3.0,3.0,3.0,3.0,3.0,3.0,3.0,3.0,3.0,3.0,3.0,3.0,3.0,3.0,3.0,3.0,3.0,4.0,4.0,3.0,3.0,4.0,3.0,3.0,3.0,3.0,3.0,3.0,3.0,3.0,3.0,3.0,3.0,3.0,3.0,3.0,3.0,3.0,3.0,2.0,3.0,3.0,3.0,2.0,3.0,3.0,3.0,3.0,3.0,3.0,3.0,3.0,3.0,3.0,3.0,3.0,3.0,3.0,3.0,3.0,3.0,4.0,3.0,3.0,3.0,3.0,3.0,3.0,3.0,3.0,3.0,3.0,4.0,3.0,3.0,3.0,3.0,3.0,3.0,3.0,3.0,3.0,3.0,3.0,3.0,3.0,3.0,3.0,3.0,3.0,3.0,3.0,3.0,3.0,3.0,3.0,3.0,3.0,3.0,3.0,3.0,3.0,3.0,3.0,3.0,3.0,3.0,3.0,3.0,3.0,2.0,3.0
0.0,0.0,0.020382839358001587,3.0,3.0,3.0,3.0,3.0,3.0,3.0,3.0,3.0,3.0,3.0,3.0,3.0,3.0,3.0,3.0,3.0,3.0,3.0,3.0,3.0,3.0,3.0,3.0,3.0,3.0,3.0,3.0,3.0,3.0,3.0,3.0,3.0,3.0,3.0,3.0,3.0,3.0,3.0,3.0,3.0,3.0,3.0,3.0,3.0,3.0,3.0,3.0,3.0,3.0,3.0,3.0,3.0,3.0,3.0,3.0,3.0,3.0,3.0,3.0,3.0,3.0,3.0,3.0,3.0,3.0,3.0,3.0,3.0,3.0,3.0,3.0,3.0,3.0,3.0,3.0,3.0,3.0,3.0,3.0,3.0,3.0,3.0,3.0,3.0,3.0,3.0,3.0,3.0,3.0,3.0,3.0,3.0,3.0,3.0,3.0,3.0,3.0,3.0,3.0,3.0,3.0,3.0,3.0,3.0,3.0,3.0,3.0,3.0,3.0,3.0,3.0,3.0,3.0,3.0,3.0,3.0,3.0,3.0,3.0,3.0,3.0,3.0,3.0,3.0,3.0,3.0,3.0,3.0,3.0,3.0,3.0,3.0,3.0,3.0,3.0,3.0,3.0,3.0,3.0,3.0,3.0,3.0,3.0,3.0,3.0,3.0,3.0,3.0,3.0,3.0,3.0,3.0,3.0,3.0,3.0,3.0,3.0,3.0,3.0,3.0,3.0,3.0
0.07208,0.360527,0.0338086616896194,4.0,4.0,5.0,2.0,3.0,3.0,4.0,1.0,5.0,4.0,4.0,3.0,5.0,5.0,5.0,4.0,4.0,3.0,5.0,2.0,5.0,5.0,5.0,3.0,5.0,4.0,5.0,2.0,4.0,3.0,2.0,5.0,3.0,4.0,5.0,5.0,4.0,4.0,4.0,4.0,4.0,4.0,3.0,3.0,5.0,3.0,2.0,4.0,3.0,4.0,1.0,1.0,2.0,4.0,4.0,4.0,5.0,3.0,4.0,3.0,4.0,4.0,2.0,4.0,2.0,3.0,5.0,2.0,3.0,4.0,4.0,4.0,5.0,4.0,4.0,1.0,1.0,1.0,2.0,4.0,3.0,1.0,4.0,5.0,3.0,3.0,1.0,3.0,3.0,4.0,4.0,5.0,4.0,4.0,3.0,4.0,3.0,4.0,3.0,5.0,3.0,4.0,4.0,5.0,3.0,4.0,4.0,4.0,1.0,2.0,3.0,3.0,3.0,4.0,1.0,4.0,4.0,4.0,3.0,3.0,4.0,4.0,5.0,5.0,5.0,4.0,3.0,5.0,3.0,3.0,2.0,4.0,4.0,4.0,5.0,5.0,4.0,5.0,5.0,5.0,4.0,3.0,3.0,3.0,3.0,1.0,5.0,4.0,4.0,4.0,2.0,1.0,5.0,4.0,5.0,3.0,4.0,3.0,3.0,4.0,3.0,2.0,4.0
0.122529,0.11919,0.050753676844524906,4.0,4.0,5.0,3.0,4.0,5.0,1.0,2.0,2.0,1.0,4.0,2.0,4.0,5.0,4.0,4.0,4.0,4.0,5.0,2.0,5.0,4.0,4.0,4.0,4.0,4.0,2.0,4.0,4.0,4.0,1.0,4.0,4.0,5.0,5.0,5.0,5.0,5.0,4.0,2.0,1.0,5.0,2.0,2.0,2.0,2.0,2.0,4.0,4.0,2.0,4.0,4.0,2.0,4.0,5.0,5.0,4.0,5.0,2.0,4.0,1.0,4.0,2.0,2.0,2.0,4.0,4.0,4.0,5.0,4.0,2.0,2.0,1.0,4.0,4.0,5.0,2.0,4.0,5.0,4.0,4.0,4.0,2.0,2.0,2.0,3.0,1.0,3.0,1.0,4.0,5.0,4.0,4.0,4.0,5.0,3.0,3.0,4.0,4.0,4.0,2.0,4.0,4.0,2.0,1.0,2.0,3.0,2.0,4.0,4.0,3.0,4.0,2.0,4.0,4.0,5.0,4.0,4.0,4.0,4.0,5.0,4.0,2.0,3.0,4.0,5.0,4.0,5.0,4.0,4.0,4.0,2.0,4.0,4.0,5.0,4.0,4.0,4.0,4.0,2.0,2.0,5.0,4.0,4.0,4.0,4.0,4.0,4.0,2.0,4.0,4.0,4.0,4.0,4.0,4.0,4.0,4.0,2.0,3.0,4.0,2.0,5.0,4.0
0.155744,0.047118,0.06769869199943042,4.0,3.0,4.0,4.0,3.0,2.0,4.0,4.0,2.0,3.0,3.0,2.0,4.0,4.0,4.0,4.0,4.0,4.0,4.0,4.0,4.0,2.0,2.0,2.0,4.0,4.0,3.0,2.0,2.0,2.0,4.0,2.0,2.0,4.0,4.0,4.0,4.0,4.0,4.0,2.0,2.0,3.0,2.0,2.0,3.0,3.0,3.0,4.0,2.0,4.0,4.0,2.0,2.0,2.0,3.0,2.0,4.0,2.0,3.0,4.0,4.0,2.0,3.0,3.0,2.0,4.0,3.0,4.0,2.0,3.0,2.0,3.0,3.0,4.0,4.0,4.0,2.0,2.0,4.0,3.0,3.0,2.0,2.0,2.0,4.0,3.0,2.0,4.0,2.0,3.0,3.0,4.0,2.0,4.0,2.0,3.0,3.0,4.0,3.0,3.0,2.0,3.0,4.0,3.0,4.0,4.0,2.0,3.0,3.0,4.0,2.0,4.0,4.0,3.0,3.0,3.0,4.0,4.0,4.0,2.0,2.0,3.0,4.0,4.0,3.0,4.0,3.0,4.0,2.0,2.0,2.0,2.0,2.0,2.0,2.0,4.0,3.0,4.0,4.0,4.0,4.0,4.0,4.0,4.0,4.0,4.0,4.0,4.0,2.0,2.0,2.0,4.0,2.0,2.0,2.0,2.0,3.0,2.0,2.0,3.0,4.0,4.0,4.0
0.179921,0.021551,0.08466404930938383,3.0,4.0,2.0,4.0,4.0,4.0,4.0,4.0,2.0,3.0,4.0,4.0,4.0,3.0,2.0,2.0,3.0,3.0,4.0,4.0,4.0,2.0,3.0,4.0,3.0,3.0,4.0,3.0,4.0,2.0,3.0,2.0,3.0,3.0,4.0,4.0,3.0,4.0,3.0,2.0,2.0,2.0,3.0,4.0,3.0,4.0,3.0,4.0,4.0,2.0,4.0,2.0,2.0,2.0,3.0,4.0,4.0,3.0,2.0,3.0,3.0,2.0,3.0,3.0,3.0,4.0,4.0,3.0,2.0,4.0,2.0,3.0,4.0,1.0,2.0,1.0,4.0,4.0,4.0,2.0,3.0,4.0,3.0,2.0,3.0,3.0,3.0,3.0,2.0,3.0,4.0,3.0,4.0,3.0,2.0,4.0,3.0,2.0,2.0,3.0,1.0,3.0,3.0,3.0,2.0,2.0,3.0,3.0,3.0,3.0,3.0,4.0,3.0,3.0,3.0,4.0,3.0,4.0,4.0,3.0,2.0,3.0,4.0,3.0,3.0,4.0,3.0,4.0,4.0,3.0,3.0,4.0,4.0,3.0,3.0,2.0,4.0,4.0,2.0,2.0,4.0,3.0,3.0,4.0,3.0,3.0,4.0,3.0,4.0,2.0,3.0,3.0,3.0,4.0,4.0,3.0,3.0,3.0,4.0,3.0,3.0,4.0,4.0
0.198222,0.011198,0.10160906446428934,4.0,4.0,5.0,4.0,4.0,4.0,3.0,4.0,2.0,4.0,1.0,4.0,4.0,4.0,5.0,3.0,5.0,4.0,4.0,4.0,2.0,2.0,4.0,3.0,4.0,4.0,3.0,4.0,4.0,3.0,2.0,2.0,1.0,4.0,4.0,4.0,4.0,4.0,4.0,2.0,2.0,4.0,4.0,2.0,1.0,3.0,2.0,4.0,1.0,4.0,5.0,2.0,5.0,4.0,4.0,3.0,5.0,4.0,4.0,2.0,2.0,2.0,4.0,4.0,2.0,1.0,5.0,4.0,2.0,3.0,2.0,4.0,5.0,4.0,4.0,4.0,5.0,4.0,4.0,2.0,2.0,2.0,4.0,1.0,3.0,4.0,2.0,4.0,1.0,3.0,4.0,4.0,4.0,3.0,3.0,2.0,4.0,4.0,4.0,3.0,4.0,3.0,2.0,4.0,2.0,3.0,3.0,4.0,3.0,3.0,2.0,3.0,4.0,4.0,4.0,5.0,4.0,4.0,4.0,3.0,2.0,3.0,4.0,5.0,4.0,5.0,4.0,4.0,4.0,4.0,4.0,1.0,4.0,2.0,4.0,4.0,4.0,2.0,5.0,4.0,4.0,5.0,4.0,5.0,4.0,3.0,5.0,5.0,4.0,4.0,1.0,2.0,1.0,4.0,3.0,2.0,4.0,2.0,4.0,2.0,3.0,5.0,5.0
0.21541,0.005754,0.11855407961919485,5.0,4.0,5.0,2.0,4.0,2.0,4.0,2.0,2.0,4.0,4.0,4.0,5.0,4.0,3.0,4.0,4.0,3.0,1.0,4.0,2.0,1.0,1.0,3.0,4.0,4.0,4.0,4.0,4.0,4.0,2.0,4.0,3.0,3.0,5.0,4.0,4.0,4.0,4.0,2.0,1.0,2.0,2.0,2.0,2.0,4.0,2.0,4.0,2.0,2.0,3.0,1.0,3.0,2.0,4.0,4.0,2.0,4.0,2.0,3.0,4.0,4.0,4.0,2.0,2.0,4.0,3.0,2.0,4.0,4.0,2.0,4.0,4.0,5.0,5.0,5.0,3.0,2.0,3.0,3.0,2.0,1.0,4.0,2.0,4.0,4.0,3.0,4.0,1.0,4.0,2.0,4.0,4.0,4.0,5.0,5.0,5.0,4.0,4.0,4.0,2.0,1.0,2.0,4.0,4.0,3.0,4.0,5.0,2.0,2.0,4.0,2.0,4.0,4.0,4.0,4.0,4.0,4.0,4.0,4.0,2.0,4.0,4.0,4.0,4.0,4.0,2.0,3.0,2.0,1.0,2.0,2.0,2.0,2.0,3.0,4.0,4.0,4.0,4.0,4.0,4.0,4.0,2.0,4.0,2.0,4.0,4.0,3.0,4.0,3.0,4.0,2.0,2.0,4.0,2.0,4.0,2.0,4.0,4.0,3.0,2.0,4.0,2.0
0.229909,0.003154,0.13549909477410038,3.0,4.0,3.0,4.0,4.0,4.0,5.0,2.0,2.0,4.0,3.0,4.0,4.0,4.0,4.0,5.0,1.0,3.0,2.0,2.0,2.0,4.0,2.0,5.0,4.0,3.0,5.0,4.0,1.0,2.0,2.0,2.0,2.0,3.0,3.0,3.0,3.0,4.0,2.0,3.0,2.0,4.0,3.0,2.0,4.0,4.0,3.0,4.0,4.0,1.0,3.0,1.0,2.0,3.0,4.0,1.0,5.0,2.0,2.0,3.0,5.0,2.0,4.0,4.0,2.0,2.0,3.0,3.0,4.0,2.0,2.0,5.0,3.0,4.0,4.0,4.0,1.0,2.0,3.0,2.0,4.0,2.0,4.0,2.0,3.0,2.0,2.0,2.0,2.0,4.0,4.0,4.0,4.0,4.0,1.0,4.0,2.0,3.0,3.0,4.0,3.0,4.0,4.0,4.0,3.0,2.0,4.0,4.0,3.0,2.0,3.0,2.0,4.0,4.0,2.0,2.0,2.0,4.0,4.0,3.0,2.0,4.0,3.0,2.0,3.0,3.0,2.0,3.0,5.0,3.0,4.0,4.0,3.0,3.0,4.0,4.0,3.0,4.0,3.0,4.0,4.0,4.0,4.0,3.0,2.0,4.0,4.0,4.0,2.0,2.0,3.0,2.0,5.0,2.0,2.0,3.0,4.0,2.0,4.0,4.0,4.0,3.0,2.0
0.24335,0.001747,0.15244410992900587,4.0,2.0,2.0,1.0,1.0,2.0,4.0,2.0,5.0,3.0,4.0,2.0,5.0,5.0,4.0,4.0,1.0,2.0,1.0,4.0,1.0,2.0,4.0,2.0,2.0,2.0,3.0,1.0,4.0,3.0,1.0,2.0,4.0,4.0,5.0,4.0,4.0,4.0,4.0,1.0,2.0,2.0,2.0,2.0,1.0,4.0,1.0,4.0,5.0,2.0,5.0,2.0,4.0,2.0,2.0,5.0,1.0,5.0,5.0,4.0,1.0,1.0,4.0,4.0,2.0,1.0,5.0,5.0,2.0,2.0,1.0,2.0,1.0,5.0,4.0,5.0,1.0,1.0,4.0,2.0,3.0,3.0,5.0,4.0,3.0,4.0,3.0,4.0,2.0,3.0,3.0,4.0,3.0,5.0,1.0,1.0,1.0,4.0,4.0,2.0,2.0,5.0,3.0,4.0,2.0,1.0,4.0,3.0,3.0,3.0,4.0,2.0,5.0,1.0,4.0,5.0,2.0,4.0,1.0,2.0,4.0,4.0,4.0,4.0,2.0,2.0,5.0,2.0,2.0,2.0,1.0,2.0,5.0,2.0,3.0,4.0,4.0,2.0,3.0,2.0,3.0,2.0,4.0,3.0,1.0,4.0,1.0,5.0,2.0,2.0,5.0,5.0,5.0,4.0,3.0,5.0,5.0,2.0,5.0,5.0,1.0,2.0,2.0
0.254869,0.001026,0.1694094672389593,4.0,4.0,3.0,4.0,4.0,3.0,4.0,2.0,2.0,4.0,3.0,4.0,4.0,4.0,4.0,4.0,4.0,4.0,4.0,4.0,4.0,2.0,4.0,2.0,4.0,3.0,3.0,2.0,3.0,4.0,3.0,3.0,3.0,4.0,4.0,4.0,5.0,4.0,3.0,4.0,3.0,4.0,4.0,2.0,2.0,2.0,3.0,4.0,4.0,3.0,4.0,3.0,4.0,4.0,5.0,5.0,4.0,3.0,2.0,2.0,2.0,2.0,3.0,4.0,3.0,4.0,3.0,4.0,4.0,3.0,2.0,5.0,3.0,4.0,3.0,3.0,3.0,2.0,3.0,2.0,2.0,2.0,4.0,3.0,4.0,3.0,3.0,4.0,4.0,4.0,4.0,3.0,2.0,4.0,4.0,5.0,4.0,4.0,3.0,3.0,3.0,2.0,2.0,2.0,3.0,2.0,3.0,2.0,4.0,4.0,4.0,4.0,5.0,4.0,4.0,4.0,4.0,2.0,3.0,3.0,3.0,2.0,3.0,4.0,3.0,4.0,4.0,3.0,3.0,3.0,3.0,2.0,4.0,3.0,3.0,3.0,3.0,4.0,3.0,4.0,4.0,4.0,3.0,3.0,2.0,4.0,4.0,3.0,4.0,3.0,4.0,4.0,4.0,4.0,3.0,4.0,4.0,3.0,4.0,2.0,2.0,4.0,2.0
0.265868,0.000603,0.18635448239386482,5.0,5.0,5.0,3.0,4.0,2.0,4.0,1.0,4.0,4.0,2.0,5.0,5.0,5.0,4.0,4.0,5.0,4.0,1.0,5.0,2.0,1.0,1.0,2.0,4.0,3.0,1.0,2.0,5.0,5.0,4.0,4.0,4.0,2.0,3.0,4.0,2.0,2.0,5.0,3.0,4.0,4.0,4.0,2.0,5.0,5.0,5.0,5.0,4.0,1.0,1.0,1.0,1.0,1.0,4.0,1.0,4.0,1.0,3.0,5.0,5.0,3.0,3.0,3.0,5.0,1.0,1.0,5.0,4.0,3.0,1.0,5.0,4.0,5.0,4.0,4.0,5.0,5.0,3.0,5.0,3.0,5.0,1.0,3.0,5.0,3.0,5.0,5.0,3.0,1.0,2.0,1.0,4.0,5.0,3.0,4.0,1.0,4.0,5.0,5.0,1.0,4.0,3.0,5.0,5.0,3.0,5.0,2.0,2.0,4.0,3.0,4.0,4.0,5.0,5.0,5.0,5.0,5.0,4.0,2.0,1.0,5.0,2.0,4.0,5.0,5.0,5.0,5.0,1.0,1.0,1.0,1.0,1.0,5.0,5.0,5.0,3.0,5.0,4.0,4.0,2.0,2.0,2.0,5.0,4.0,2.0,5.0,3.0,4.0,2.0,4.0,5.0,5.0,5.0,5.0,5.0,5.0,5.0,4.0,5.0,1.0,4.0,1.0
0.275687,0.000368,0.20331983970381823,4.0,4.0,4.0,4.0,4.0,3.0,4.0,2.0,2.0,3.0,4.0,3.0,4.0,4.0,3.0,4.0,2.0,4.0,4.0,2.0,2.0,1.0,2.0,2.0,4.0,3.0,4.0,4.0,4.0,2.0,2.0,1.0,1.0,3.0,2.0,5.0,4.0,4.0,4.0,1.0,3.0,2.0,2.0,2.0,4.0,5.0,4.0,5.0,1.0,2.0,2.0,2.0,3.0,4.0,4.0,5.0,4.0,4.0,4.0,3.0,2.0,2.0,2.0,2.0,4.0,4.0,5.0,5.0,2.0,1.0,2.0,3.0,2.0,4.0,5.0,5.0,2.0,4.0,5.0,1.0,2.0,4.0,2.0,2.0,3.0,4.0,3.0,4.0,2.0,5.0,3.0,2.0,3.0,4.0,4.0,3.0,3.0,2.0,2.0,2.0,2.0,4.0,2.0,4.0,2.0,4.0,4.0,4.0,2.0,2.0,2.0,4.0,4.0,4.0,2.0,4.0,4.0,2.0,2.0,4.0,4.0,4.0,4.0,5.0,5.0,5.0,4.0,3.0,4.0,4.0,1.0,2.0,2.0,2.0,4.0,4.0,3.0,4.0,4.0,4.0,4.0,4.0,1.0,2.0,3.0,4.0,4.0,4.0,4.0,2.0,4.0,2.0,4.0,2.0,2.0,2.0,3.0,2.0,4.0,2.0,4.0,4.0,4.0
0.285319,0.000223,0.22024451270367582,3.0,4.0,1.0,4.0,4.0,3.0,4.0,2.0,2.0,3.0,5.0,4.0,5.0,5.0,5.0,4.0,4.0,4.0,3.0,2.0,2.0,1.0,2.0,3.0,1.0,4.0,3.0,3.0,2.0,2.0,3.0,2.0,1.0,4.0,2.0,2.0,5.0,4.0,3.0,2.0,1.0,2.0,2.0,1.0,3.0,4.0,1.0,4.0,3.0,2.0,3.0,2.0,1.0,1.0,3.0,5.0,2.0,3.0,4.0,3.0,5.0,3.0,5.0,2.0,2.0,1.0,2.0,2.0,5.0,5.0,5.0,5.0,5.0,3.0,5.0,3.0,1.0,3.0,4.0,3.0,5.0,1.0,5.0,3.0,3.0,2.0,2.0,4.0,1.0,3.0,3.0,3.0,2.0,5.0,5.0,5.0,5.0,4.0,3.0,4.0,1.0,1.0,1.0,2.0,4.0,5.0,4.0,3.0,3.0,2.0,2.0,2.0,2.0,3.0,1.0,4.0,5.0,5.0,5.0,2.0,2.0,3.0,5.0,2.0,5.0,5.0,4.0,5.0,1.0,1.0,1.0,1.0,1.0,3.0,4.0,5.0,4.0,4.0,5.0,5.0,3.0,1.0,2.0,2.0,1.0,3.0,2.0,3.0,4.0,3.0,5.0,5.0,5.0,3.0,3.0,4.0,4.0,4.0,2.0,3.0,3.0,4.0,2.0
0.294179,0.000138,0.23718952785858133,3.0,4.0,4.0,2.0,4.0,4.0,4.0,4.0,3.0,2.0,4.0,2.0,3.0,4.0,4.0,3.0,4.0,4.0,4.0,2.0,3.0,2.0,2.0,3.0,4.0,4.0,4.0,4.0,2.0,3.0,2.0,2.0,4.0,3.0,3.0,3.0,4.0,3.0,4.0,2.0,2.0,2.0,3.0,3.0,4.0,4.0,4.0,4.0,2.0,2.0,2.0,2.0,2.0,3.0,4.0,1.0,4.0,4.0,2.0,3.0,4.0,2.0,3.0,4.0,3.0,2.0,4.0,3.0,4.0,2.0,3.0,4.0,3.0,3.0,4.0,2.0,2.0,4.0,4.0,2.0,2.0,2.0,4.0,2.0,2.0,3.0,3.0,4.0,2.0,3.0,4.0,3.0,2.0,3.0,3.0,2.0,3.0,2.0,2.0,2.0,2.0,3.0,3.0,4.0,2.0,3.0,4.0,4.0,3.0,3.0,2.0,2.0,4.0,4.0,2.0,3.0,4.0,3.0,3.0,3.0,3.0,4.0,4.0,5.0,4.0,4.0,3.0,3.0,2.0,2.0,1.0,2.0,2.0,3.0,2.0,4.0,2.0,2.0,3.0,4.0,4.0,4.0,2.0,4.0,3.0,4.0,2.0,4.0,2.0,2.0,4.0,4.0,3.0,2.0,3.0,2.0,2.0,3.0,3.0,2.0,4.0,4.0,4.0
0.302885,8.5e-05,0.25415488516853474,4.0,4.0,5.0,4.0,4.0,4.0,4.0,2.0,2.0,3.0,4.0,3.0,5.0,5.0,4.0,4.0,4.0,5.0,4.0,2.0,2.0,2.0,2.0,2.0,4.0,3.0,3.0,2.0,4.0,3.0,3.0,2.0,2.0,3.0,4.0,4.0,4.0,4.0,3.0,3.0,2.0,3.0,3.0,2.0,2.0,4.0,2.0,4.0,2.0,2.0,3.0,2.0,4.0,4.0,3.0,2.0,3.0,3.0,4.0,3.0,4.0,3.0,4.0,4.0,4.0,4.0,3.0,5.0,2.0,2.0,2.0,3.0,2.0,4.0,4.0,4.0,1.0,4.0,5.0,1.0,4.0,1.0,2.0,3.0,4.0,4.0,4.0,4.0,2.0,3.0,3.0,4.0,2.0,4.0,4.0,4.0,5.0,4.0,1.0,2.0,2.0,2.0,2.0,3.0,3.0,3.0,4.0,3.0,3.0,3.0,2.0,4.0,4.0,4.0,1.0,3.0,4.0,3.0,2.0,4.0,3.0,2.0,3.0,5.0,4.0,4.0,3.0,3.0,2.0,2.0,2.0,2.0,5.0,2.0,2.0,4.0,3.0,4.0,3.0,4.0,4.0,4.0,4.0,2.0,2.0,4.0,3.0,2.0,2.0,2.0,4.0,4.0,4.0,4.0,4.0,4.0,3.0,3.0,2.0,3.0,3.0,5.0,4.0
0.310842,5.4e-05,0.2710999003234403,4.0,4.0,5.0,4.0,4.0,3.0,5.0,2.0,2.0,2.0,4.0,4.0,4.0,5.0,5.0,4.0,2.0,4.0,4.0,2.0,2.0,2.0,2.0,2.0,2.0,4.0,4.0,2.0,4.0,4.0,4.0,4.0,4.0,3.0,4.0,3.0,2.0,4.0,4.0,2.0,2.0,4.0,4.0,3.0,2.0,5.0,2.0,5.0,2.0,1.0,4.0,1.0,4.0,4.0,3.0,3.0,4.0,2.0,2.0,2.0,3.0,4.0,4.0,2.0,2.0,2.0,4.0,4.0,4.0,3.0,2.0,4.0,4.0,4.0,4.0,4.0,2.0,4.0,5.0,2.0,2.0,2.0,2.0,2.0,4.0,4.0,4.0,5.0,2.0,4.0,2.0,4.0,4.0,4.0,4.0,4.0,4.0,3.0,4.0,3.0,3.0,2.0,2.0,4.0,3.0,3.0,4.0,4.0,2.0,2.0,1.0,4.0,2.0,5.0,4.0,5.0,5.0,4.0,5.0,4.0,2.0,2.0,2.0,2.0,4.0,4.0,5.0,2.0,1.0,1.0,1.0,2.0,2.0,4.0,2.0,4.0,4.0,4.0,4.0,4.0,4.0,4.0,3.0,5.0,2.0,5.0,5.0,4.0,4.0,2.0,4.0,2.0,4.0,4.0,2.0,2.0,4.0,3.0,4.0,2.0,2.0,3.0,3.0
0.318658,3.4e-05,0.28804491547834576,2.0,4.0,3.0,4.0,4.0,3.0,4.0,4.0,2.0,3.0,3.0,2.0,2.0,2.0,2.0,2.0,2.0,3.0,4.0,4.0,3.0,4.0,4.0,3.0,4.0,3.0,4.0,2.0,3.0,3.0,3.0,4.0,2.0,1.0,1.0,3.0,2.0,1.0,3.0,4.0,3.0,4.0,4.0,4.0,2.0,3.0,4.0,4.0,4.0,3.0,2.0,4.0,3.0,4.0,4.0,3.0,4.0,4.0,2.0,3.0,4.0,2.0,3.0,4.0,3.0,3.0,3.0,4.0,4.0,2.0,4.0,4.0,3.0,2.0,4.0,1.0,2.0,4.0,2.0,2.0,4.0,4.0,4.0,2.0,2.0,2.0,2.0,2.0,2.0,4.0,4.0,4.0,4.0,4.0,2.0,3.0,3.0,2.0,2.0,2.0,2.0,3.0,3.0,2.0,2.0,2.0,2.0,3.0,4.0,4.0,4.0,4.0,3.0,4.0,2.0,2.0,4.0,2.0,4.0,3.0,4.0,4.0,4.0,3.0,2.0,4.0,3.0,2.0,4.0,4.0,4.0,4.0,3.0,2.0,2.0,4.0,3.0,2.0,2.0,4.0,4.0,4.0,2.0,3.0,2.0,2.0,2.0,3.0,4.0,3.0,4.0,4.0,4.0,2.0,2.0,2.0,2.0,3.0,3.0,3.0,4.0,4.0,4.0
0.326201,2.1e-05,0.3049899306332513,4.0,4.0,4.0,4.0,4.0,4.0,4.0,3.0,3.0,2.0,4.0,3.0,4.0,4.0,3.0,2.0,4.0,3.0,3.0,3.0,2.0,4.0,4.0,4.0,4.0,3.0,4.0,4.0,3.0,2.0,1.0,2.0,2.0,4.0,2.0,4.0,3.0,4.0,3.0,4.0,4.0,4.0,4.0,4.0,4.0,3.0,3.0,3.0,3.0,4.0,3.0,4.0,3.0,4.0,4.0,5.0,4.0,2.0,2.0,2.0,4.0,4.0,4.0,4.0,4.0,4.0,4.0,4.0,4.0,2.0,4.0,4.0,4.0,5.0,4.0,4.0,3.0,3.0,5.0,2.0,3.0,3.0,4.0,2.0,4.0,4.0,2.0,3.0,4.0,2.0,4.0,4.0,4.0,4.0,2.0,4.0,4.0,4.0,2.0,4.0,4.0,3.0,4.0,3.0,2.0,3.0,4.0,4.0,4.0,4.0,3.0,4.0,5.0,2.0,4.0,4.0,2.0,2.0,4.0,4.0,4.0,4.0,4.0,4.0,4.0,4.0,3.0,4.0,2.0,4.0,3.0,3.0,4.0,3.0,4.0,4.0,4.0,4.0,4.0,4.0,4.0,5.0,2.0,4.0,4.0,3.0,4.0,4.0,3.0,4.0,2.0,4.0,5.0,2.0,2.0,2.0,3.0,2.0,2.0,2.0,4.0,5.0,4.0
0.333303,1.4e-05,0.3219349457881568,3.0,3.0,4.0,2.0,3.0,3.0,4.0,5.0,5.0,4.0,2.0,2.0,4.0,4.0,3.0,4.0,4.0,3.0,4.0,4.0,4.0,3.0,4.0,4.0,3.0,2.0,4.0,1.0,4.0,4.0,4.0,4.0,4.0,2.0,5.0,3.0,4.0,2.0,4.0,4.0,2.0,2.0,2.0,2.0,3.0,4.0,3.0,4.0,3.0,1.0,4.0,2.0,2.0,3.0,4.0,1.0,4.0,3.0,2.0,2.0,3.0,2.0,4.0,3.0,2.0,5.0,3.0,3.0,4.0,4.0,5.0,3.0,4.0,2.0,3.0,2.0,4.0,5.0,4.0,1.0,1.0,1.0,3.0,5.0,4.0,4.0,4.0,5.0,3.0,3.0,2.0,2.0,2.0,4.0,2.0,4.0,5.0,3.0,3.0,3.0,2.0,1.0,3.0,2.0,2.0,4.0,3.0,4.0,4.0,4.0,4.0,4.0,4.0,4.0,5.0,4.0,4.0,5.0,2.0,4.0,1.0,2.0,2.0,4.0,2.0,4.0,1.0,2.0,3.0,2.0,3.0,4.0,4.0,4.0,4.0,5.0,3.0,4.0,5.0,5.0,2.0,2.0,2.0,4.0,2.0,4.0,2.0,2.0,2.0,2.0,4.0,4.0,4.0,4.0,3.0,2.0,4.0,4.0,4.0,3.0,2.0,4.0,4.0
0.340407,9e-06,0.3389206452531581,4.0,4.0,4.0,3.0,4.0,3.0,4.0,4.0,4.0,3.0,3.0,4.0,5.0,5.0,4.0,2.0,3.0,5.0,2.0,1.0,1.0,2.0,2.0,2.0,5.0,4.0,4.0,4.0,2.0,2.0,1.0,1.0,1.0,5.0,3.0,3.0,4.0,5.0,4.0,2.0,2.0,2.0,1.0,4.0,5.0,5.0,4.0,5.0,5.0,4.0,2.0,1.0,1.0,2.0,3.0,5.0,4.0,1.0,2.0,3.0,4.0,2.0,4.0,3.0,5.0,5.0,2.0,4.0,2.0,3.0,2.0,5.0,4.0,3.0,4.0,3.0,1.0,2.0,2.0,5.0,2.0,2.0,2.0,3.0,4.0,3.0,3.0,2.0,3.0,3.0,2.0,2.0,3.0,5.0,3.0,4.0,2.0,4.0,3.0,3.0,2.0,1.0,3.0,5.0,5.0,3.0,5.0,5.0,1.0,1.0,5.0,1.0,4.0,1.0,1.0,1.0,2.0,3.0,1.0,1.0,4.0,4.0,5.0,4.0,3.0,4.0,2.0,3.0,3.0,2.0,4.0,3.0,4.0,3.0,4.0,4.0,3.0,4.0,4.0,5.0,4.0,4.0,1.0,5.0,4.0,5.0,4.0,3.0,3.0,4.0,1.0,1.0,2.0,2.0,2.0,4.0,2.0,3.0,4.0,4.0,3.0,3.0,2.0
0.346975,6e-06,0.35584531825301574,4.0,2.0,4.0,3.0,2.0,3.0,3.0,4.0,1.0,2.0,4.0,5.0,4.0,5.0,4.0,4.0,2.0,4.0,2.0,2.0,1.0,1.0,1.0,3.0,4.0,3.0,4.0,1.0,4.0,3.0,1.0,2.0,2.0,4.0,4.0,4.0,2.0,4.0,3.0,3.0,1.0,2.0,2.0,2.0,4.0,4.0,3.0,4.0,3.0,2.0,3.0,2.0,1.0,3.0,3.0,5.0,5.0,5.0,2.0,3.0,5.0,2.0,4.0,4.0,4.0,4.0,4.0,5.0,3.0,3.0,1.0,5.0,3.0,5.0,5.0,5.0,1.0,1.0,3.0,5.0,5.0,1.0,2.0,4.0,4.0,4.0,4.0,3.0,4.0,2.0,2.0,3.0,1.0,5.0,5.0,5.0,4.0,3.0,2.0,4.0,2.0,2.0,1.0,4.0,3.0,1.0,5.0,4.0,1.0,2.0,1.0,2.0,2.0,4.0,2.0,3.0,4.0,5.0,2.0,3.0,5.0,3.0,3.0,4.0,5.0,4.0,4.0,3.0,1.0,1.0,1.0,1.0,1.0,4.0,3.0,4.0,4.0,5.0,4.0,4.0,4.0,3.0,2.0,3.0,1.0,2.0,3.0,3.0,3.0,4.0,4.0,4.0,3.0,4.0,4.0,2.0,2.0,2.0,4.0,3.0,2.0,2.0,2.0
0.354523,3e-06,0.3727903334079212,1.0,3.0,1.0,4.0,4.0,3.0,4.0,2.0,2.0,3.0,4.0,4.0,4.0,4.0,4.0,4.0,4.0,4.0,4.0,1.0,5.0,1.0,1.0,2.0,3.0,3.0,2.0,4.0,1.0,4.0,3.0,2.0,3.0,3.0,4.0,4.0,4.0,4.0,4.0,4.0,3.0,3.0,2.0,2.0,1.0,4.0,2.0,4.0,1.0,2.0,5.0,1.0,3.0,5.0,5.0,1.0,5.0,5.0,1.0,1.0,1.0,1.0,1.0,3.0,2.0,4.0,5.0,4.0,2.0,2.0,3.0,2.0,3.0,5.0,5.0,5.0,1.0,1.0,1.0,5.0,5.0,1.0,1.0,4.0,5.0,5.0,5.0,4.0,5.0,2.0,2.0,1.0,1.0,5.0,5.0,5.0,4.0,3.0,2.0,4.0,5.0,1.0,1.0,4.0,3.0,2.0,5.0,5.0,1.0,1.0,1.0,2.0,4.0,3.0,2.0,4.0,4.0,5.0,3.0,2.0,5.0,4.0,4.0,1.0,2.0,5.0,3.0,1.0,5.0,1.0,2.0,2.0,1.0,5.0,4.0,5.0,5.0,4.0,5.0,5.0,3.0,3.0,2.0,3.0,4.0,4.0,2.0,4.0,2.0,2.0,2.0,3.0,4.0,4.0,4.0,4.0,5.0,4.0,2.0,3.0,2.0,2.0,3.0
0.361416,2e-06,0.38973534856282677,4.0,3.0,4.0,4.0,4.0,4.0,4.0,4.0,2.0,3.0,3.0,3.0,4.0,5.0,4.0,4.0,4.0,5.0,2.0,3.0,4.0,2.0,3.0,4.0,4.0,4.0,4.0,4.0,3.0,2.0,2.0,2.0,2.0,3.0,3.0,4.0,4.0,3.0,3.0,4.0,4.0,4.0,2.0,2.0,3.0,4.0,2.0,4.0,3.0,2.0,3.0,3.0,2.0,2.0,4.0,1.0,4.0,3.0,3.0,4.0,4.0,3.0,4.0,4.0,4.0,2.0,3.0,3.0,2.0,2.0,2.0,3.0,4.0,1.0,4.0,1.0,3.0,5.0,4.0,3.0,2.0,2.0,2.0,3.0,4.0,4.0,2.0,4.0,2.0,4.0,4.0,4.0,4.0,4.0,4.0,4.0,4.0,4.0,4.0,4.0,2.0,1.0,1.0,2.0,4.0,3.0,3.0,2.0,4.0,4.0,4.0,5.0,4.0,3.0,3.0,2.0,2.0,4.0,3.0,3.0,4.0,4.0,4.0,4.0,4.0,4.0,4.0,4.0,2.0,2.0,2.0,1.0,2.0,3.0,4.0,4.0,3.0,3.0,4.0,4.0,4.0,4.0,3.0,3.0,2.0,2.0,3.0,3.0,2.0,4.0,4.0,3.0,4.0,2.0,4.0,3.0,2.0,3.0,4.0,4.0,4.0,4.0,5.0
0.367706,1e-06,0.40668036371773225,4.0,4.0,5.0,4.0,3.0,5.0,2.0,3.0,2.0,2.0,4.0,3.0,5.0,4.0,4.0,4.0,4.0,5.0,4.0,3.0,3.0,3.0,2.0,2.0,4.0,3.0,4.0,2.0,3.0,3.0,3.0,4.0,3.0,4.0,3.0,3.0,3.0,4.0,4.0,3.0,2.0,4.0,2.0,2.0,4.0,4.0,3.0,3.0,2.0,2.0,3.0,2.0,2.0,4.0,4.0,5.0,4.0,5.0,1.0,2.0,1.0,2.0,2.0,4.0,2.0,5.0,3.0,3.0,3.0,3.0,2.0,3.0,4.0,3.0,1.0,3.0,2.0,3.0,3.0,4.0,4.0,2.0,2.0,3.0,4.0,3.0,3.0,3.0,3.0,3.0,4.0,3.0,3.0,4.0,4.0,3.0,2.0,4.0,4.0,4.0,4.0,4.0,3.0,4.0,5.0,2.0,4.0,3.0,4.0,5.0,4.0,2.0,5.0,3.0,2.0,4.0,4.0,4.0,2.0,3.0,2.0,2.0,2.0,2.0,3.0,4.0,4.0,3.0,2.0,2.0,2.0,2.0,4.0,4.0,4.0,5.0,4.0,4.0,4.0,5.0,3.0,5.0,4.0,4.0,2.0,4.0,4.0,3.0,2.0,2.0,2.0,2.0,4.0,4.0,4.0,5.0,4.0,3.0,3.0,4.0,2.0,4.0,3.0
0.374243,1e-06,0.42364572102768566,4.0,5.0,3.0,4.0,4.0,4.0,4.0,4.0,1.0,4.0,1.0,3.0,4.0,4.0,4.0,4.0,4.0,3.0,4.0,4.0,2.0,2.0,4.0,1.0,3.0,4.0,3.0,2.0,4.0,2.0,3.0,3.0,3.0,5.0,5.0,4.0,3.0,5.0,4.0,1.0,2.0,1.0,2.0,4.0,4.0,5.0,4.0,5.0,4.0,4.0,2.0,2.0,4.0,4.0,4.0,2.0,4.0,3.0,4.0,1.0,5.0,1.0,2.0,4.0,4.0,5.0,4.0,4.0,1.0,1.0,2.0,4.0,2.0,4.0,4.0,2.0,2.0,4.0,5.0,1.0,2.0,2.0,3.0,5.0,2.0,3.0,4.0,2.0,1.0,2.0,2.0,2.0,2.0,4.0,4.0,4.0,4.0,2.0,4.0,4.0,4.0,4.0,4.0,4.0,4.0,1.0,4.0,4.0,2.0,2.0,4.0,2.0,4.0,4.0,4.0,5.0,4.0,4.0,1.0,2.0,1.0,2.0,4.0,3.0,4.0,4.0,4.0,4.0,3.0,2.0,2.0,2.0,2.0,2.0,3.0,4.0,3.0,2.0,4.0,4.0,4.0,4.0,4.0,5.0,4.0,5.0,4.0,4.0,1.0,1.0,1.0,1.0,4.0,4.0,4.0,3.0,3.0,2.0,5.0,4.0,2.0,1.0,3.0
0.380155,1e-06,0.4405907361825912,5.0,4.0,4.0,4.0,4.0,4.0,4.0,2.0,1.0,2.0,2.0,2.0,5.0,5.0,5.0,4.0,4.0,4.0,4.0,2.0,1.0,2.0,2.0,1.0,5.0,2.0,5.0,5.0,2.0,4.0,1.0,2.0,1.0,5.0,5.0,4.0,1.0,5.0,5.0,1.0,2.0,1.0,1.0,4.0,5.0,4.0,4.0,1.0,3.0,5.0,1.0,2.0,2.0,5.0,5.0,1.0,5.0,5.0,1.0,4.0,3.0,1.0,5.0,5.0,4.0,4.0,4.0,4.0,2.0,1.0,4.0,4.0,1.0,5.0,5.0,4.0,1.0,4.0,5.0,1.0,3.0,1.0,1.0,3.0,4.0,4.0,1.0,4.0,5.0,4.0,4.0,4.0,5.0,4.0,1.0,4.0,5.0,2.0,4.0,4.0,5.0,4.0,4.0,4.0,1.0,1.0,4.0,4.0,5.0,4.0,5.0,4.0,4.0,5.0,2.0,4.0,4.0,2.0,4.0,1.0,5.0,4.0,5.0,4.0,5.0,5.0,4.0,4.0,4.0,5.0,2.0,1.0,4.0,1.0,4.0,4.0,3.0,4.0,4.0,5.0,5.0,5.0,1.0,5.0,4.0,5.0,5.0,5.0,4.0,1.0,4.0,2.0,1.0,2.0,1.0,1.0,4.0,2.0,4.0,1.0,5.0,4.0,4.0
0.386133,0.0,0.4575357513374967,4.0,4.0,4.0,4.0,4.0,4.0,4.0,3.0,2.0,2.0,4.0,4.0,4.0,4.0,4.0,2.0,4.0,4.0,3.0,2.0,2.0,3.0,2.0,5.0,5.0,4.0,4.0,3.0,2.0,1.0,1.0,3.0,2.0,4.0,4.0,4.0,2.0,4.0,4.0,3.0,2.0,2.0,2.0,2.0,1.0,3.0,1.0,3.0,1.0,2.0,5.0,2.0,4.0,1.0,4.0,1.0,2.0,4.0,2.0,2.0,2.0,2.0,2.0,3.0,2.0,2.0,3.0,4.0,4.0,2.0,2.0,4.0,4.0,5.0,4.0,5.0,2.0,4.0,4.0,3.0,2.0,2.0,2.0,2.0,3.0,4.0,4.0,4.0,1.0,2.0,3.0,3.0,3.0,4.0,4.0,2.0,4.0,4.0,2.0,3.0,3.0,4.0,4.0,2.0,2.0,4.0,2.0,2.0,4.0,4.0,4.0,4.0,4.0,2.0,2.0,2.0,4.0,2.0,2.0,2.0,2.0,4.0,4.0,3.0,2.0,4.0,2.0,3.0,2.0,2.0,2.0,3.0,2.0,4.0,4.0,4.0,4.0,4.0,4.0,4.0,2.0,2.0,2.0,4.0,4.0,4.0,2.0,4.0,3.0,2.0,3.0,4.0,2.0,2.0,2.0,3.0,2.0,3.0,2.0,2.0,4.0,4.0,3.0
0.392214,0.0,0.47448076649240223,3.0,4.0,5.0,5.0,4.0,3.0,4.0,3.0,3.0,3.0,5.0,4.0,4.0,5.0,3.0,2.0,4.0,3.0,2.0,4.0,2.0,2.0,2.0,2.0,3.0,3.0,2.0,4.0,4.0,2.0,2.0,1.0,3.0,3.0,3.0,2.0,2.0,4.0,4.0,3.0,3.0,3.0,4.0,2.0,3.0,4.0,2.0,3.0,2.0,2.0,4.0,2.0,3.0,2.0,3.0,1.0,4.0,2.0,2.0,4.0,4.0,3.0,4.0,3.0,3.0,2.0,2.0,2.0,4.0,4.0,2.0,4.0,4.0,4.0,4.0,3.0,5.0,4.0,4.0,2.0,2.0,1.0,3.0,4.0,4.0,4.0,4.0,3.0,2.0,1.0,3.0,4.0,4.0,5.0,5.0,4.0,5.0,4.0,4.0,2.0,2.0,2.0,2.0,4.0,4.0,4.0,4.0,3.0,2.0,2.0,2.0,2.0,2.0,2.0,2.0,4.0,4.0,1.0,2.0,3.0,4.0,3.0,4.0,5.0,3.0,4.0,4.0,2.0,2.0,2.0,1.0,1.0,2.0,3.0,4.0,4.0,4.0,4.0,2.0,4.0,2.0,4.0,1.0,4.0,4.0,4.0,4.0,4.0,2.0,2.0,2.0,2.0,4.0,2.0,2.0,2.0,3.0,4.0,2.0,1.0,2.0,3.0,4.0
0.398122,0.0,0.4914257816473077,4.0,4.0,5.0,2.0,4.0,4.0,4.0,2.0,2.0,2.0,3.0,3.0,4.0,4.0,4.0,2.0,4.0,4.0,2.0,2.0,1.0,2.0,2.0,3.0,5.0,2.0,3.0,3.0,3.0,3.0,1.0,4.0,2.0,4.0,4.0,5.0,4.0,3.0,4.0,2.0,1.0,3.0,3.0,4.0,3.0,3.0,4.0,4.0,3.0,4.0,2.0,2.0,2.0,3.0,4.0,5.0,4.0,3.0,3.0,1.0,3.0,2.0,4.0,4.0,3.0,3.0,4.0,3.0,2.0,2.0,2.0,3.0,2.0,4.0,3.0,3.0,2.0,2.0,4.0,2.0,2.0,3.0,4.0,2.0,4.0,3.0,3.0,3.0,2.0,2.0,4.0,2.0,4.0,5.0,4.0,4.0,4.0,4.0,3.0,2.0,2.0,2.0,4.0,2.0,3.0,4.0,4.0,2.0,4.0,4.0,3.0,4.0,3.0,3.0,3.0,3.0,3.0,3.0,4.0,4.0,4.0,3.0,4.0,3.0,5.0,5.0,4.0,3.0,2.0,2.0,4.0,3.0,2.0,2.0,4.0,5.0,4.0,4.0,5.0,4.0,4.0,4.0,3.0,4.0,4.0,4.0,5.0,4.0,2.0,4.0,1.0,1.0,2.0,3.0,3.0,4.0,3.0,2.0,4.0,4.0,3.0,4.0,3.0
0.404374,0.0,0.5083911389572612,4.0,3.0,4.0,2.0,4.0,4.0,4.0,2.0,4.0,1.0,3.0,2.0,5.0,2.0,4.0,4.0,4.0,4.0,1.0,4.0,1.0,2.0,1.0,1.0,2.0,3.0,1.0,1.0,4.0,4.0,4.0,2.0,2.0,4.0,3.0,5.0,4.0,3.0,5.0,4.0,1.0,4.0,4.0,2.0,3.0,4.0,4.0,3.0,4.0,2.0,2.0,3.0,1.0,2.0,2.0,2.0,2.0,4.0,4.0,5.0,5.0,4.0,4.0,3.0,3.0,4.0,1.0,3.0,2.0,4.0,1.0,4.0,4.0,4.0,4.0,4.0,5.0,4.0,4.0,2.0,1.0,1.0,1.0,1.0,4.0,4.0,4.0,5.0,4.0,2.0,2.0,3.0,4.0,5.0,5.0,5.0,4.0,5.0,5.0,4.0,1.0,2.0,2.0,2.0,3.0,4.0,3.0,2.0,4.0,4.0,3.0,3.0,4.0,5.0,4.0,4.0,4.0,4.0,4.0,4.0,5.0,2.0,2.0,5.0,5.0,4.0,3.0,4.0,1.0,1.0,1.0,1.0,2.0,4.0,5.0,5.0,3.0,5.0,2.0,5.0,4.0,2.0,1.0,4.0,2.0,3.0,2.0,3.0,4.0,2.0,5.0,4.0,5.0,4.0,4.0,1.0,3.0,3.0,2.0,1.0,1.0,5.0,4.0
0.410211,0.0,0.5253361541121666,5.0,3.0,5.0,4.0,4.0,2.0,4.0,2.0,2.0,4.0,4.0,3.0,4.0,5.0,4.0,4.0,4.0,3.0,5.0,4.0,2.0,1.0,3.0,1.0,2.0,3.0,2.0,2.0,4.0,5.0,4.0,5.0,3.0,3.0,5.0,2.0,4.0,4.0,4.0,4.0,2.0,4.0,4.0,2.0,3.0,4.0,1.0,4.0,2.0,2.0,4.0,2.0,2.0,4.0,4.0,1.0,5.0,1.0,2.0,4.0,5.0,1.0,4.0,2.0,4.0,4.0,2.0,4.0,5.0,4.0,1.0,4.0,5.0,5.0,4.0,4.0,2.0,4.0,4.0,2.0,2.0,1.0,2.0,2.0,4.0,4.0,4.0,4.0,2.0,2.0,4.0,4.0,4.0,4.0,5.0,5.0,5.0,4.0,2.0,2.0,2.0,2.0,2.0,2.0,2.0,1.0,5.0,4.0,2.0,4.0,5.0,4.0,5.0,4.0,4.0,5.0,5.0,5.0,4.0,5.0,4.0,2.0,2.0,5.0,4.0,5.0,4.0,4.0,1.0,2.0,1.0,2.0,2.0,1.0,2.0,2.0,4.0,2.0,2.0,5.0,4.0,4.0,5.0,4.0,4.0,4.0,3.0,2.0,1.0,2.0,5.0,4.0,4.0,4.0,4.0,4.0,4.0,4.0,4.0,5.0,2.0,2.0,4.0
0.415942,0.0,0.5422811692670721,4.0,3.0,4.0,4.0,4.0,5.0,4.0,4.0,2.0,4.0,5.0,5.0,4.0,5.0,4.0,3.0,4.0,4.0,1.0,2.0,1.0,1.0,2.0,2.0,4.0,4.0,4.0,4.0,4.0,4.0,1.0,2.0,2.0,2.0,3.0,2.0,2.0,2.0,3.0,4.0,2.0,3.0,4.0,2.0,2.0,4.0,2.0,4.0,2.0,1.0,4.0,1.0,1.0,3.0,4.0,1.0,4.0,1.0,2.0,2.0,1.0,2.0,2.0,4.0,2.0,2.0,4.0,4.0,4.0,4.0,2.0,4.0,4.0,4.0,4.0,4.0,4.0,5.0,4.0,2.0,2.0,2.0,1.0,2.0,4.0,4.0,2.0,4.0,1.0,4.0,4.0,3.0,4.0,4.0,5.0,4.0,5.0,3.0,4.0,4.0,4.0,2.0,2.0,4.0,4.0,4.0,4.0,2.0,2.0,2.0,2.0,2.0,3.0,2.0,2.0,4.0,4.0,2.0,4.0,4.0,2.0,4.0,5.0,4.0,5.0,5.0,4.0,4.0,1.0,1.0,1.0,1.0,4.0,3.0,4.0,4.0,3.0,2.0,4.0,4.0,4.0,2.0,2.0,4.0,4.0,4.0,4.0,4.0,2.0,2.0,4.0,2.0,4.0,2.0,1.0,1.0,4.0,3.0,4.0,2.0,4.0,4.0,4.0
0.422047,0.0,0.5592261844219777,4.0,4.0,4.0,4.0,4.0,4.0,4.0,2.0,1.0,3.0,5.0,5.0,5.0,4.0,3.0,2.0,1.0,4.0,2.0,1.0,3.0,1.0,1.0,3.0,4.0,3.0,4.0,3.0,4.0,3.0,1.0,2.0,4.0,2.0,2.0,5.0,4.0,4.0,3.0,2.0,2.0,4.0,1.0,2.0,5.0,4.0,4.0,4.0,3.0,2.0,3.0,1.0,1.0,3.0,2.0,2.0,2.0,4.0,3.0,5.0,1.0,3.0,5.0,4.0,5.0,4.0,4.0,5.0,2.0,4.0,1.0,3.0,2.0,3.0,5.0,3.0,1.0,4.0,5.0,3.0,2.0,3.0,4.0,1.0,1.0,5.0,1.0,4.0,1.0,5.0,4.0,4.0,3.0,4.0,2.0,3.0,2.0,4.0,3.0,5.0,1.0,3.0,4.0,1.0,4.0,1.0,1.0,1.0,5.0,5.0,2.0,3.0,5.0,1.0,1.0,3.0,2.0,2.0,2.0,3.0,3.0,4.0,2.0,2.0,4.0,4.0,3.0,2.0,1.0,2.0,1.0,2.0,2.0,2.0,3.0,4.0,2.0,5.0,2.0,5.0,5.0,4.0,3.0,2.0,3.0,4.0,2.0,3.0,4.0,5.0,1.0,1.0,4.0,2.0,2.0,4.0,3.0,3.0,4.0,5.0,4.0,4.0,3.0
0.427787,0.0,0.5761711995768831,4.0,5.0,4.0,5.0,5.0,5.0,5.0,2.0,1.0,3.0,4.0,4.0,4.0,4.0,4.0,4.0,4.0,4.0,3.0,2.0,2.0,1.0,2.0,3.0,4.0,4.0,2.0,2.0,2.0,3.0,2.0,2.0,3.0,4.0,4.0,3.0,4.0,4.0,3.0,2.0,2.0,2.0,3.0,4.0,2.0,5.0,2.0,5.0,2.0,1.0,4.0,1.0,4.0,2.0,3.0,1.0,3.0,2.0,3.0,3.0,2.0,2.0,3.0,4.0,3.0,4.0,3.0,4.0,3.0,2.0,2.0,2.0,2.0,5.0,5.0,4.0,3.0,4.0,3.0,3.0,3.0,2.0,2.0,2.0,4.0,2.0,3.0,3.0,1.0,3.0,2.0,2.0,2.0,2.0,4.0,3.0,5.0,3.0,3.0,4.0,2.0,2.0,2.0,3.0,4.0,1.0,3.0,3.0,3.0,3.0,4.0,3.0,3.0,3.0,4.0,4.0,4.0,3.0,4.0,4.0,4.0,2.0,2.0,4.0,4.0,5.0,4.0,2.0,1.0,1.0,2.0,2.0,1.0,2.0,4.0,4.0,3.0,4.0,4.0,4.0,3.0,4.0,3.0,2.0,4.0,3.0,3.0,4.0,4.0,4.0,2.0,2.0,3.0,3.0,3.0,4.0,2.0,2.0,2.0,2.0,2.0,4.0,3.0
0.433518,0.0,0.5931365568868366,4.0,5.0,5.0,4.0,4.0,4.0,5.0,3.0,1.0,1.0,4.0,5.0,4.0,5.0,4.0,4.0,5.0,5.0,2.0,2.0,5.0,1.0,1.0,4.0,4.0,4.0,5.0,5.0,1.0,1.0,2.0,2.0,1.0,2.0,2.0,2.0,2.0,2.0,2.0,3.0,4.0,4.0,4.0,1.0,3.0,2.0,3.0,4.0,1.0,4.0,3.0,2.0,4.0,3.0,4.0,5.0,4.0,5.0,3.0,1.0,1.0,3.0,4.0,4.0,2.0,2.0,3.0,3.0,4.0,2.0,3.0,4.0,3.0,5.0,4.0,5.0,1.0,1.0,3.0,4.0,4.0,1.0,2.0,1.0,1.0,2.0,2.0,4.0,4.0,4.0,4.0,4.0,2.0,4.0,3.0,4.0,5.0,4.0,3.0,4.0,3.0,1.0,1.0,4.0,4.0,4.0,4.0,4.0,2.0,2.0,2.0,2.0,4.0,4.0,2.0,1.0,2.0,4.0,4.0,1.0,5.0,5.0,5.0,3.0,5.0,5.0,4.0,4.0,2.0,2.0,2.0,2.0,2.0,4.0,4.0,4.0,4.0,4.0,4.0,3.0,4.0,4.0,2.0,2.0,1.0,3.0,2.0,2.0,5.0,4.0,5.0,5.0,4.0,1.0,1.0,1.0,2.0,3.0,4.0,1.0,5.0,5.0,5.0
0.439783,0.0,0.6100815720417421,4.0,5.0,2.0,4.0,5.0,4.0,2.0,3.0,3.0,4.0,5.0,5.0,4.0,4.0,4.0,5.0,2.0,4.0,4.0,5.0,4.0,1.0,1.0,1.0,4.0,3.0,4.0,1.0,5.0,5.0,4.0,5.0,4.0,3.0,5.0,4.0,4.0,3.0,3.0,4.0,3.0,4.0,3.0,5.0,5.0,5.0,5.0,5.0,4.0,1.0,4.0,1.0,1.0,4.0,3.0,1.0,4.0,1.0,3.0,3.0,5.0,3.0,3.0,4.0,4.0,5.0,4.0,4.0,3.0,4.0,3.0,4.0,3.0,4.0,4.0,4.0,5.0,3.0,4.0,5.0,4.0,1.0,2.0,3.0,4.0,4.0,5.0,4.0,2.0,2.0,1.0,3.0,2.0,4.0,5.0,5.0,5.0,5.0,3.0,5.0,3.0,1.0,1.0,5.0,3.0,2.0,5.0,4.0,4.0,1.0,1.0,1.0,4.0,5.0,4.0,5.0,5.0,4.0,2.0,2.0,5.0,2.0,3.0,5.0,2.0,4.0,4.0,3.0,2.0,2.0,1.0,4.0,3.0,5.0,4.0,5.0,5.0,3.0,5.0,5.0,4.0,2.0,1.0,3.0,1.0,4.0,2.0,3.0,3.0,4.0,4.0,5.0,5.0,5.0,5.0,5.0,4.0,4.0,4.0,5.0,1.0,4.0,4.0
0.445741,0.0,0.6270265871966476,5.0,3.0,5.0,4.0,5.0,5.0,3.0,3.0,1.0,1.0,4.0,3.0,4.0,4.0,3.0,3.0,3.0,3.0,2.0,4.0,2.0,1.0,1.0,4.0,3.0,3.0,4.0,3.0,4.0,2.0,1.0,2.0,4.0,4.0,3.0,2.0,2.0,3.0,2.0,3.0,3.0,4.0,2.0,2.0,3.0,5.0,2.0,5.0,3.0,1.0,4.0,1.0,2.0,4.0,4.0,3.0,4.0,4.0,4.0,4.0,4.0,2.0,4.0,4.0,3.0,2.0,3.0,3.0,3.0,2.0,1.0,4.0,4.0,5.0,5.0,4.0,3.0,3.0,3.0,2.0,2.0,1.0,2.0,2.0,3.0,2.0,1.0,4.0,1.0,4.0,4.0,5.0,5.0,5.0,5.0,5.0,5.0,3.0,2.0,3.0,3.0,1.0,1.0,2.0,2.0,1.0,4.0,4.0,3.0,4.0,3.0,3.0,4.0,4.0,3.0,5.0,4.0,4.0,3.0,4.0,2.0,3.0,3.0,5.0,5.0,4.0,4.0,3.0,1.0,2.0,2.0,1.0,2.0,3.0,3.0,5.0,4.0,4.0,4.0,5.0,4.0,3.0,2.0,3.0,1.0,4.0,3.0,2.0,1.0,3.0,4.0,4.0,4.0,2.0,2.0,3.0,2.0,3.0,4.0,4.0,2.0,4.0,4.0
0.452035,0.0,0.6439716023515532,4.0,4.0,2.0,4.0,5.0,4.0,4.0,3.0,4.0,5.0,5.0,5.0,5.0,5.0,5.0,4.0,2.0,5.0,2.0,1.0,2.0,1.0,1.0,4.0,5.0,5.0,2.0,5.0,2.0,2.0,1.0,1.0,1.0,5.0,4.0,5.0,5.0,5.0,5.0,1.0,1.0,1.0,1.0,4.0,2.0,4.0,1.0,5.0,1.0,2.0,5.0,3.0,1.0,4.0,4.0,1.0,3.0,1.0,2.0,2.0,4.0,2.0,5.0,5.0,4.0,2.0,4.0,5.0,1.0,1.0,2.0,3.0,4.0,5.0,5.0,5.0,1.0,1.0,4.0,1.0,1.0,1.0,4.0,5.0,4.0,4.0,5.0,5.0,3.0,1.0,1.0,3.0,2.0,4.0,3.0,1.0,1.0,3.0,4.0,2.0,3.0,4.0,4.0,5.0,4.0,4.0,2.0,5.0,1.0,2.0,1.0,2.0,1.0,1.0,1.0,1.0,3.0,2.0,1.0,1.0,2.0,5.0,5.0,5.0,5.0,5.0,4.0,3.0,1.0,2.0,1.0,1.0,1.0,2.0,4.0,5.0,4.0,5.0,5.0,5.0,3.0,4.0,1.0,4.0,4.0,4.0,5.0,5.0,1.0,2.0,1.0,1.0,1.0,1.0,1.0,5.0,2.0,1.0,2.0,2.0,5.0,2.0,4.0
0.458035,0.0,0.6609369596615066,5.0,4.0,5.0,4.0,5.0,4.0,5.0,2.0,2.0,4.0,4.0,4.0,4.0,5.0,5.0,4.0,3.0,5.0,1.0,2.0,2.0,1.0,1.0,3.0,3.0,4.0,4.0,4.0,3.0,2.0,3.0,1.0,2.0,4.0,3.0,5.0,2.0,4.0,2.0,2.0,4.0,3.0,3.0,3.0,2.0,3.0,3.0,4.0,2.0,2.0,4.0,2.0,3.0,2.0,4.0,2.0,2.0,2.0,4.0,2.0,4.0,4.0,4.0,4.0,3.0,4.0,4.0,4.0,3.0,3.0,1.0,4.0,1.0,5.0,4.0,4.0,2.0,2.0,3.0,3.0,3.0,1.0,3.0,2.0,3.0,3.0,4.0,4.0,3.0,4.0,4.0,3.0,4.0,5.0,5.0,5.0,5.0,4.0,3.0,4.0,2.0,1.0,1.0,2.0,2.0,1.0,3.0,2.0,4.0,5.0,4.0,4.0,4.0,3.0,3.0,2.0,3.0,4.0,4.0,2.0,3.0,3.0,4.0,3.0,4.0,5.0,4.0,4.0,1.0,1.0,2.0,1.0,1.0,2.0,1.0,4.0,1.0,2.0,3.0,4.0,4.0,5.0,4.0,2.0,2.0,3.0,2.0,4.0,2.0,3.0,2.0,4.0,4.0,2.0,3.0,3.0,3.0,3.0,3.0,3.0,4.0,4.0,4.0
0.464318,0.0,0.6778819748164121,5.0,4.0,5.0,4.0,3.0,4.0,4.0,3.0,2.0,1.0,5.0,5.0,5.0,5.0,5.0,5.0,1.0,2.0,3.0,1.0,4.0,2.0,1.0,3.0,3.0,4.0,5.0,1.0,5.0,1.0,2.0,4.0,3.0,4.0,3.0,5.0,5.0,4.0,5.0,1.0,1.0,3.0,1.0,3.0,3.0,5.0,3.0,5.0,5.0,1.0,3.0,1.0,1.0,1.0,1.0,1.0,1.0,1.0,5.0,5.0,5.0,5.0,3.0,3.0,1.0,3.0,2.0,2.0,5.0,3.0,3.0,3.0,4.0,2.0,2.0,1.0,1.0,1.0,5.0,1.0,1.0,1.0,3.0,3.0,5.0,3.0,3.0,4.0,1.0,3.0,3.0,5.0,5.0,5.0,5.0,5.0,5.0,5.0,5.0,5.0,1.0,1.0,1.0,1.0,5.0,3.0,2.0,1.0,5.0,1.0,5.0,3.0,1.0,1.0,5.0,5.0,2.0,1.0,4.0,3.0,5.0,2.0,5.0,5.0,5.0,5.0,3.0,5.0,1.0,1.0,1.0,1.0,1.0,3.0,5.0,5.0,5.0,3.0,5.0,5.0,3.0,2.0,3.0,2.0,1.0,1.0,5.0,5.0,5.0,5.0,5.0,5.0,5.0,5.0,3.0,4.0,3.0,4.0,5.0,3.0,4.0,3.0,3.0
0.47052,0.0,0.6948269899713175,5.0,5.0,5.0,5.0,5.0,3.0,5.0,1.0,1.0,1.0,5.0,5.0,3.0,5.0,5.0,4.0,4.0,3.0,2.0,2.0,2.0,1.0,1.0,2.0,3.0,4.0,4.0,4.0,3.0,3.0,4.0,3.0,1.0,4.0,4.0,3.0,2.0,4.0,4.0,2.0,1.0,2.0,1.0,1.0,1.0,2.0,3.0,3.0,3.0,4.0,4.0,2.0,1.0,2.0,2.0,1.0,2.0,3.0,4.0,3.0,4.0,4.0,4.0,2.0,2.0,4.0,3.0,3.0,4.0,2.0,2.0,4.0,3.0,5.0,5.0,5.0,2.0,3.0,5.0,1.0,1.0,1.0,3.0,3.0,2.0,3.0,3.0,3.0,1.0,4.0,4.0,5.0,4.0,4.0,5.0,5.0,2.0,4.0,4.0,4.0,2.0,1.0,1.0,4.0,4.0,3.0,4.0,2.0,3.0,4.0,3.0,4.0,3.0,4.0,1.0,3.0,4.0,4.0,4.0,2.0,1.0,3.0,3.0,5.0,4.0,5.0,5.0,4.0,1.0,1.0,1.0,1.0,1.0,4.0,5.0,4.0,4.0,4.0,3.0,4.0,1.0,3.0,2.0,2.0,1.0,4.0,3.0,3.0,5.0,5.0,5.0,4.0,3.0,3.0,2.0,1.0,3.0,1.0,5.0,1.0,2.0,3.0,5.0
0.476702,0.0,0.7117720051262231,4.0,4.0,4.0,4.0,4.0,4.0,4.0,4.0,2.0,2.0,4.0,2.0,4.0,4.0,4.0,4.0,4.0,4.0,4.0,2.0,4.0,2.0,2.0,2.0,4.0,4.0,4.0,4.0,2.0,2.0,2.0,2.0,2.0,4.0,2.0,4.0,4.0,4.0,4.0,2.0,2.0,4.0,2.0,3.0,2.0,4.0,2.0,4.0,2.0,2.0,5.0,2.0,1.0,4.0,4.0,2.0,4.0,4.0,2.0,4.0,4.0,2.0,2.0,4.0,4.0,2.0,4.0,4.0,2.0,3.0,4.0,4.0,4.0,4.0,4.0,4.0,2.0,4.0,4.0,2.0,2.0,2.0,2.0,2.0,4.0,4.0,2.0,4.0,2.0,2.0,3.0,4.0,2.0,4.0,4.0,2.0,4.0,4.0,1.0,4.0,4.0,2.0,2.0,4.0,2.0,4.0,2.0,4.0,4.0,4.0,4.0,4.0,4.0,2.0,2.0,2.0,2.0,2.0,2.0,2.0,4.0,4.0,4.0,4.0,4.0,4.0,4.0,2.0,2.0,1.0,2.0,2.0,4.0,4.0,2.0,4.0,5.0,4.0,5.0,4.0,4.0,4.0,1.0,2.0,4.0,4.0,4.0,4.0,2.0,4.0,2.0,4.0,2.0,2.0,2.0,2.0,4.0,2.0,2.0,2.0,4.0,4.0,4.0
0.483321,0.0,0.7287170202811286,4.0,4.0,5.0,5.0,4.0,4.0,4.0,3.0,1.0,2.0,4.0,2.0,4.0,4.0,4.0,4.0,3.0,3.0,2.0,2.0,3.0,2.0,2.0,2.0,4.0,3.0,2.0,2.0,4.0,3.0,3.0,2.0,2.0,4.0,3.0,4.0,4.0,3.0,4.0,2.0,2.0,2.0,3.0,3.0,2.0,4.0,1.0,4.0,3.0,1.0,4.0,2.0,4.0,2.0,3.0,2.0,3.0,3.0,4.0,3.0,2.0,3.0,3.0,3.0,2.0,3.0,4.0,3.0,2.0,3.0,3.0,4.0,3.0,4.0,4.0,4.0,4.0,4.0,4.0,2.0,2.0,2.0,2.0,2.0,3.0,3.0,4.0,3.0,2.0,3.0,2.0,4.0,4.0,4.0,4.0,4.0,4.0,4.0,2.0,4.0,2.0,2.0,2.0,2.0,3.0,3.0,3.0,3.0,4.0,4.0,3.0,4.0,4.0,4.0,4.0,4.0,4.0,2.0,4.0,4.0,4.0,3.0,3.0,5.0,5.0,4.0,4.0,5.0,1.0,2.0,2.0,2.0,2.0,3.0,4.0,5.0,4.0,4.0,5.0,5.0,2.0,3.0,2.0,4.0,4.0,3.0,4.0,4.0,3.0,3.0,3.0,4.0,2.0,3.0,3.0,3.0,3.0,3.0,3.0,3.0,2.0,4.0,4.0
0.490117,0.0,0.745682377591082,3.0,1.0,4.0,1.0,3.0,3.0,5.0,4.0,4.0,4.0,4.0,5.0,5.0,5.0,5.0,3.0,2.0,3.0,1.0,4.0,3.0,1.0,1.0,1.0,4.0,1.0,1.0,1.0,4.0,1.0,5.0,3.0,5.0,1.0,3.0,4.0,2.0,3.0,3.0,5.0,2.0,1.0,4.0,1.0,1.0,3.0,1.0,4.0,1.0,2.0,5.0,5.0,3.0,5.0,5.0,1.0,4.0,1.0,4.0,2.0,5.0,3.0,2.0,1.0,1.0,1.0,1.0,4.0,4.0,5.0,2.0,5.0,4.0,5.0,3.0,5.0,5.0,4.0,5.0,5.0,5.0,4.0,2.0,5.0,5.0,5.0,5.0,5.0,4.0,1.0,1.0,2.0,3.0,5.0,5.0,4.0,5.0,5.0,3.0,3.0,4.0,1.0,1.0,3.0,4.0,2.0,4.0,3.0,3.0,3.0,3.0,5.0,5.0,4.0,5.0,5.0,5.0,5.0,5.0,4.0,1.0,1.0,2.0,2.0,3.0,2.0,4.0,1.0,3.0,1.0,3.0,2.0,3.0,5.0,5.0,5.0,5.0,5.0,5.0,5.0,1.0,4.0,1.0,4.0,1.0,5.0,4.0,5.0,1.0,1.0,3.0,1.0,5.0,5.0,5.0,5.0,5.0,5.0,4.0,1.0,1.0,4.0,3.0
0.496731,0.0,0.7626273927459876,4.0,3.0,4.0,4.0,4.0,4.0,4.0,3.0,2.0,2.0,4.0,4.0,3.0,5.0,4.0,4.0,2.0,4.0,2.0,2.0,2.0,2.0,2.0,2.0,4.0,4.0,4.0,3.0,2.0,2.0,2.0,1.0,2.0,4.0,4.0,4.0,4.0,4.0,3.0,2.0,2.0,2.0,2.0,3.0,3.0,3.0,3.0,4.0,2.0,2.0,2.0,1.0,2.0,4.0,4.0,2.0,4.0,4.0,2.0,2.0,2.0,2.0,4.0,4.0,4.0,4.0,4.0,4.0,2.0,2.0,2.0,2.0,2.0,4.0,5.0,4.0,1.0,3.0,3.0,4.0,3.0,2.0,2.0,2.0,2.0,2.0,2.0,3.0,2.0,3.0,4.0,4.0,4.0,2.0,3.0,2.0,3.0,3.0,2.0,2.0,3.0,3.0,3.0,3.0,2.0,2.0,4.0,3.0,3.0,2.0,2.0,3.0,4.0,2.0,2.0,2.0,3.0,4.0,2.0,2.0,4.0,3.0,4.0,4.0,3.0,5.0,4.0,4.0,2.0,2.0,1.0,2.0,2.0,2.0,2.0,4.0,3.0,4.0,4.0,2.0,4.0,4.0,2.0,2.0,2.0,3.0,2.0,4.0,4.0,4.0,4.0,3.0,3.0,2.0,2.0,2.0,2.0,2.0,3.0,2.0,4.0,4.0,3.0
0.503618,0.0,0.779572407900893,4.0,3.0,5.0,5.0,4.0,4.0,5.0,3.0,1.0,1.0,4.0,2.0,5.0,5.0,3.0,5.0,5.0,2.0,2.0,4.0,2.0,2.0,2.0,3.0,3.0,1.0,3.0,2.0,1.0,2.0,1.0,1.0,2.0,2.0,2.0,2.0,2.0,2.0,3.0,4.0,1.0,4.0,2.0,1.0,1.0,3.0,2.0,4.0,1.0,1.0,4.0,1.0,1.0,3.0,3.0,3.0,4.0,4.0,2.0,3.0,4.0,1.0,1.0,4.0,1.0,1.0,2.0,3.0,4.0,4.0,3.0,5.0,5.0,5.0,5.0,4.0,1.0,5.0,3.0,3.0,1.0,1.0,1.0,2.0,1.0,4.0,3.0,3.0,1.0,3.0,3.0,3.0,4.0,3.0,5.0,5.0,5.0,3.0,3.0,2.0,3.0,1.0,1.0,5.0,4.0,4.0,4.0,5.0,1.0,1.0,1.0,4.0,4.0,3.0,2.0,5.0,5.0,5.0,2.0,4.0,1.0,3.0,3.0,5.0,3.0,5.0,4.0,3.0,1.0,1.0,1.0,1.0,1.0,5.0,5.0,5.0,5.0,5.0,5.0,5.0,2.0,2.0,1.0,5.0,1.0,3.0,1.0,4.0,1.0,2.0,4.0,5.0,5.0,2.0,2.0,1.0,1.0,3.0,5.0,2.0,4.0,4.0,5.0
0.511033,0.0,0.7965174230557985,4.0,4.0,4.0,4.0,4.0,4.0,5.0,4.0,2.0,2.0,4.0,3.0,4.0,4.0,4.0,4.0,4.0,4.0,2.0,2.0,2.0,2.0,1.0,3.0,4.0,4.0,2.0,2.0,2.0,3.0,1.0,2.0,2.0,4.0,4.0,4.0,4.0,5.0,4.0,1.0,2.0,2.0,2.0,4.0,4.0,4.0,4.0,4.0,3.0,2.0,2.0,2.0,2.0,2.0,2.0,2.0,2.0,2.0,4.0,4.0,4.0,4.0,2.0,4.0,3.0,4.0,4.0,4.0,2.0,2.0,2.0,2.0,2.0,4.0,4.0,4.0,2.0,4.0,3.0,2.0,2.0,2.0,2.0,4.0,3.0,3.0,3.0,3.0,3.0,3.0,3.0,3.0,3.0,4.0,4.0,3.0,3.0,4.0,4.0,3.0,2.0,2.0,2.0,3.0,3.0,1.0,3.0,3.0,3.0,3.0,4.0,3.0,3.0,4.0,2.0,4.0,4.0,4.0,4.0,4.0,2.0,2.0,4.0,5.0,4.0,4.0,4.0,4.0,2.0,2.0,2.0,2.0,2.0,2.0,2.0,2.0,3.0,2.0,2.0,4.0,4.0,4.0,3.0,4.0,3.0,3.0,4.0,4.0,2.0,2.0,2.0,4.0,4.0,4.0,4.0,3.0,4.0,4.0,4.0,4.0,2.0,4.0,3.0
0.518336,0.0,0.8134624382107041,3.0,3.0,2.0,4.0,3.0,3.0,2.0,4.0,4.0,3.0,4.0,4.0,4.0,5.0,4.0,4.0,4.0,2.0,2.0,2.0,4.0,1.0,1.0,5.0,5.0,4.0,4.0,4.0,1.0,1.0,1.0,1.0,1.0,4.0,3.0,4.0,4.0,4.0,4.0,1.0,2.0,2.0,1.0,2.0,1.0,3.0,1.0,3.0,2.0,4.0,5.0,2.0,5.0,1.0,1.0,3.0,1.0,2.0,4.0,4.0,3.0,4.0,4.0,4.0,2.0,2.0,3.0,2.0,4.0,3.0,3.0,4.0,3.0,4.0,2.0,4.0,2.0,3.0,4.0,4.0,2.0,2.0,2.0,3.0,1.0,2.0,2.0,2.0,1.0,4.0,4.0,4.0,5.0,4.0,5.0,4.0,4.0,4.0,2.0,4.0,1.0,3.0,2.0,4.0,4.0,3.0,3.0,4.0,2.0,2.0,2.0,2.0,2.0,2.0,2.0,2.0,2.0,2.0,2.0,2.0,4.0,4.0,4.0,5.0,4.0,4.0,4.0,4.0,1.0,1.0,1.0,1.0,2.0,4.0,5.0,5.0,5.0,4.0,4.0,5.0,3.0,2.0,2.0,3.0,2.0,3.0,2.0,3.0,4.0,4.0,4.0,4.0,3.0,2.0,2.0,2.0,2.0,2.0,2.0,2.0,4.0,4.0,3.0
0.526257,0.0,0.8304277955206575,1.0,3.0,4.0,4.0,2.0,2.0,2.0,2.0,2.0,2.0,4.0,4.0,5.0,5.0,4.0,5.0,5.0,5.0,2.0,3.0,2.0,2.0,2.0,2.0,5.0,3.0,2.0,2.0,2.0,4.0,2.0,3.0,1.0,3.0,3.0,4.0,4.0,3.0,3.0,3.0,1.0,4.0,1.0,1.0,1.0,3.0,1.0,1.0,3.0,2.0,5.0,4.0,2.0,2.0,4.0,1.0,4.0,2.0,3.0,4.0,4.0,4.0,4.0,1.0,1.0,1.0,1.0,2.0,5.0,5.0,2.0,4.0,5.0,5.0,3.0,5.0,2.0,1.0,3.0,3.0,1.0,1.0,4.0,3.0,5.0,4.0,4.0,4.0,2.0,2.0,2.0,2.0,2.0,4.0,5.0,5.0,5.0,4.0,3.0,4.0,2.0,2.0,1.0,4.0,5.0,4.0,4.0,5.0,1.0,2.0,5.0,2.0,2.0,4.0,3.0,2.0,4.0,5.0,2.0,3.0,5.0,2.0,4.0,3.0,5.0,5.0,3.0,2.0,1.0,1.0,1.0,1.0,2.0,5.0,3.0,5.0,5.0,5.0,5.0,5.0,2.0,2.0,1.0,4.0,2.0,4.0,4.0,3.0,2.0,4.0,4.0,3.0,3.0,3.0,2.0,4.0,4.0,2.0,4.0,3.0,2.0,2.0,4.0
0.534615,0.0,0.8473728106755629,5.0,5.0,5.0,5.0,4.0,4.0,4.0,2.0,1.0,1.0,3.0,3.0,5.0,4.0,4.0,4.0,4.0,5.0,5.0,2.0,1.0,2.0,2.0,4.0,4.0,4.0,2.0,3.0,3.0,3.0,2.0,2.0,2.0,4.0,3.0,4.0,4.0,4.0,3.0,3.0,2.0,3.0,3.0,2.0,4.0,5.0,4.0,4.0,2.0,1.0,2.0,2.0,2.0,3.0,4.0,5.0,4.0,5.0,2.0,2.0,1.0,2.0,4.0,4.0,3.0,4.0,4.0,2.0,3.0,2.0,2.0,3.0,3.0,4.0,3.0,4.0,2.0,3.0,3.0,3.0,2.0,2.0,3.0,2.0,4.0,2.0,2.0,2.0,1.0,4.0,4.0,4.0,4.0,2.0,4.0,4.0,4.0,3.0,2.0,3.0,2.0,2.0,2.0,2.0,2.0,2.0,2.0,2.0,4.0,4.0,3.0,4.0,5.0,4.0,4.0,2.0,4.0,4.0,4.0,2.0,2.0,3.0,4.0,5.0,4.0,4.0,4.0,3.0,2.0,1.0,2.0,2.0,2.0,2.0,3.0,4.0,2.0,4.0,3.0,3.0,5.0,4.0,4.0,4.0,4.0,4.0,4.0,2.0,2.0,1.0,1.0,2.0,2.0,2.0,2.0,4.0,2.0,3.0,3.0,4.0,4.0,5.0,5.0
0.54336,0.0,0.8643178258304685,5.0,2.0,5.0,4.0,3.0,2.0,4.0,4.0,2.0,1.0,3.0,4.0,5.0,5.0,5.0,4.0,2.0,4.0,3.0,4.0,2.0,2.0,3.0,2.0,4.0,3.0,2.0,1.0,4.0,4.0,1.0,4.0,2.0,3.0,3.0,1.0,4.0,4.0,4.0,3.0,1.0,3.0,4.0,1.0,1.0,3.0,1.0,2.0,1.0,2.0,5.0,1.0,3.0,3.0,4.0,3.0,4.0,1.0,2.0,3.0,3.0,4.0,2.0,1.0,1.0,2.0,1.0,1.0,5.0,4.0,4.0,5.0,5.0,4.0,5.0,4.0,1.0,4.0,4.0,4.0,4.0,2.0,3.0,4.0,4.0,4.0,4.0,2.0,4.0,3.0,4.0,5.0,5.0,3.0,5.0,5.0,5.0,4.0,3.0,2.0,4.0,1.0,1.0,5.0,5.0,5.0,5.0,5.0,1.0,1.0,1.0,3.0,4.0,5.0,5.0,3.0,5.0,4.0,5.0,4.0,2.0,2.0,3.0,5.0,4.0,4.0,3.0,4.0,5.0,2.0,4.0,3.0,2.0,5.0,4.0,5.0,5.0,5.0,4.0,4.0,2.0,1.0,1.0,4.0,1.0,3.0,4.0,5.0,4.0,4.0,4.0,3.0,5.0,4.0,3.0,4.0,5.0,3.0,4.0,3.0,2.0,4.0,4.0
0.553049,0.0,0.881262840985374,5.0,2.0,5.0,4.0,4.0,5.0,4.0,4.0,2.0,2.0,4.0,2.0,4.0,5.0,5.0,4.0,2.0,5.0,2.0,4.0,2.0,1.0,1.0,1.0,4.0,2.0,1.0,1.0,5.0,5.0,4.0,4.0,4.0,2.0,2.0,2.0,2.0,2.0,4.0,4.0,1.0,4.0,5.0,1.0,2.0,4.0,1.0,5.0,4.0,2.0,5.0,2.0,1.0,4.0,5.0,1.0,5.0,5.0,1.0,4.0,2.0,2.0,4.0,2.0,1.0,2.0,2.0,2.0,5.0,5.0,2.0,5.0,5.0,5.0,5.0,5.0,1.0,5.0,5.0,1.0,1.0,1.0,4.0,1.0,5.0,2.0,1.0,5.0,1.0,4.0,4.0,4.0,4.0,5.0,5.0,5.0,5.0,2.0,4.0,5.0,2.0,1.0,1.0,4.0,5.0,4.0,4.0,4.0,2.0,2.0,2.0,2.0,2.0,5.0,5.0,5.0,5.0,5.0,5.0,5.0,1.0,1.0,2.0,5.0,5.0,4.0,2.0,5.0,2.0,1.0,2.0,1.0,2.0,2.0,4.0,5.0,5.0,5.0,5.0,5.0,4.0,2.0,1.0,2.0,1.0,4.0,2.0,2.0,4.0,2.0,4.0,5.0,5.0,5.0,5.0,1.0,2.0,2.0,5.0,1.0,1.0,5.0,5.0
0.563392,0.0,0.8982078561402795,1.0,1.0,1.0,1.0,1.0,1.0,3.0,5.0,5.0,1.0,5.0,3.0,5.0,5.0,3.0,5.0,5.0,2.0,5.0,5.0,5.0,2.0,1.0,5.0,1.0,2.0,2.0,2.0,1.0,5.0,5.0,5.0,5.0,4.0,4.0,5.0,5.0,5.0,5.0,1.0,4.0,1.0,4.0,1.0,1.0,1.0,1.0,2.0,1.0,4.0,5.0,1.0,5.0,5.0,5.0,5.0,5.0,1.0,1.0,1.0,1.0,5.0,5.0,1.0,1.0,1.0,1.0,1.0,5.0,5.0,5.0,5.0,5.0,5.0,4.0,5.0,1.0,1.0,3.0,5.0,1.0,1.0,4.0,5.0,5.0,2.0,5.0,5.0,1.0,1.0,1.0,2.0,5.0,2.0,5.0,5.0,5.0,3.0,1.0,1.0,5.0,1.0,1.0,5.0,5.0,5.0,5.0,5.0,1.0,1.0,5.0,3.0,1.0,5.0,5.0,5.0,5.0,5.0,5.0,5.0,2.0,1.0,1.0,1.0,1.0,5.0,1.0,1.0,1.0,1.0,1.0,3.0,1.0,5.0,5.0,5.0,5.0,5.0,5.0,5.0,1.0,1.0,1.0,4.0,4.0,5.0,5.0,5.0,2.0,5.0,5.0,4.0,5.0,4.0,4.0,5.0,5.0,5.0,5.0,4.0,1.0,1.0,1.0
0.575007,0.0,0.915173213450233,4.0,4.0,4.0,4.0,4.0,4.0,4.0,2.0,2.0,2.0,4.0,3.0,4.0,4.0,4.0,4.0,2.0,4.0,2.0,3.0,2.0,2.0,4.0,3.0,3.0,4.0,4.0,4.0,3.0,2.0,1.0,2.0,2.0,3.0,4.0,4.0,2.0,4.0,4.0,2.0,2.0,2.0,1.0,4.0,4.0,4.0,4.0,4.0,4.0,2.0,2.0,2.0,2.0,2.0,4.0,2.0,4.0,4.0,3.0,4.0,4.0,3.0,4.0,4.0,4.0,4.0,4.0,4.0,1.0,1.0,2.0,2.0,2.0,4.0,4.0,4.0,2.0,4.0,4.0,2.0,3.0,2.0,2.0,2.0,3.0,2.0,2.0,2.0,1.0,4.0,4.0,4.0,4.0,4.0,4.0,4.0,4.0,4.0,2.0,4.0,2.0,2.0,2.0,4.0,2.0,2.0,2.0,4.0,4.0,4.0,4.0,4.0,4.0,2.0,2.0,2.0,2.0,2.0,2.0,2.0,4.0,4.0,4.0,3.0,4.0,4.0,3.0,4.0,2.0,2.0,2.0,3.0,4.0,2.0,4.0,4.0,2.0,4.0,3.0,4.0,4.0,4.0,2.0,3.0,2.0,2.0,2.0,3.0,4.0,4.0,4.0,4.0,4.0,2.0,2.0,2.0,2.0,2.0,3.0,4.0,4.0,4.0,4.0
0.588391,0.0,0.9321182286051384,4.0,5.0,2.0,4.0,4.0,4.0,4.0,4.0,1.0,2.0,2.0,1.0,4.0,4.0,4.0,2.0,4.0,4.0,4.0,2.0,2.0,2.0,1.0,2.0,5.0,4.0,4.0,4.0,2.0,2.0,1.0,1.0,1.0,4.0,4.0,2.0,4.0,4.0,4.0,2.0,2.0,4.0,1.0,2.0,4.0,4.0,4.0,4.0,1.0,1.0,1.0,1.0,2.0,5.0,5.0,2.0,5.0,5.0,1.0,1.0,2.0,1.0,1.0,4.0,4.0,4.0,4.0,4.0,1.0,1.0,2.0,1.0,2.0,4.0,5.0,2.0,2.0,4.0,4.0,2.0,5.0,2.0,4.0,1.0,2.0,1.0,1.0,1.0,1.0,5.0,5.0,5.0,5.0,1.0,1.0,1.0,1.0,1.0,1.0,1.0,5.0,1.0,1.0,2.0,1.0,2.0,2.0,4.0,5.0,4.0,1.0,4.0,4.0,2.0,1.0,1.0,2.0,4.0,4.0,2.0,2.0,4.0,4.0,3.0,2.0,4.0,4.0,1.0,2.0,5.0,2.0,4.0,2.0,1.0,2.0,2.0,2.0,2.0,2.0,4.0,5.0,5.0,4.0,4.0,4.0,4.0,4.0,4.0,4.0,4.0,2.0,1.0,2.0,1.0,1.0,4.0,2.0,1.0,1.0,4.0,4.0,4.0,4.0
0.604712,0.0,0.9490632437600439,4.0,4.0,4.0,4.0,4.0,3.0,4.0,2.0,2.0,2.0,3.0,4.0,4.0,5.0,4.0,4.0,4.0,5.0,4.0,2.0,5.0,2.0,2.0,4.0,4.0,4.0,4.0,5.0,1.0,2.0,1.0,2.0,2.0,4.0,3.0,4.0,4.0,5.0,4.0,2.0,2.0,2.0,2.0,2.0,2.0,3.0,4.0,4.0,2.0,3.0,3.0,2.0,2.0,4.0,5.0,2.0,5.0,5.0,1.0,2.0,3.0,1.0,2.0,4.0,4.0,4.0,3.0,4.0,2.0,2.0,2.0,3.0,2.0,2.0,4.0,2.0,2.0,2.0,3.0,3.0,2.0,2.0,2.0,2.0,2.0,3.0,2.0,3.0,2.0,4.0,4.0,4.0,4.0,2.0,3.0,2.0,3.0,4.0,2.0,2.0,4.0,4.0,4.0,2.0,2.0,2.0,2.0,2.0,4.0,4.0,2.0,4.0,4.0,2.0,2.0,2.0,2.0,2.0,2.0,2.0,4.0,4.0,4.0,4.0,4.0,4.0,4.0,2.0,2.0,3.0,2.0,2.0,2.0,2.0,2.0,4.0,2.0,4.0,3.0,4.0,4.0,4.0,4.0,2.0,4.0,4.0,4.0,4.0,4.0,2.0,2.0,2.0,2.0,1.0,2.0,2.0,2.0,2.0,2.0,2.0,4.0,5.0,4.0
0.625111,0.0,0.9660082589149495,5.0,5.0,1.0,5.0,5.0,5.0,5.0,2.0,1.0,1.0,3.0,1.0,4.0,5.0,4.0,4.0,4.0,5.0,3.0,1.0,1.0,1.0,1.0,5.0,4.0,4.0,2.0,3.0,1.0,1.0,1.0,2.0,2.0,5.0,3.0,5.0,4.0,3.0,4.0,3.0,1.0,3.0,3.0,3.0,2.0,5.0,5.0,5.0,5.0,1.0,2.0,1.0,3.0,3.0,5.0,3.0,5.0,3.0,2.0,3.0,5.0,3.0,1.0,5.0,5.0,5.0,5.0,5.0,1.0,1.0,1.0,1.0,2.0,5.0,5.0,4.0,3.0,2.0,5.0,1.0,1.0,1.0,1.0,2.0,3.0,4.0,1.0,1.0,1.0,5.0,5.0,5.0,4.0,3.0,5.0,4.0,5.0,5.0,3.0,4.0,4.0,1.0,1.0,1.0,1.0,1.0,3.0,2.0,5.0,5.0,4.0,4.0,4.0,4.0,1.0,1.0,4.0,4.0,3.0,3.0,3.0,4.0,4.0,5.0,4.0,5.0,3.0,4.0,2.0,1.0,3.0,2.0,1.0,1.0,2.0,5.0,2.0,5.0,5.0,5.0,5.0,5.0,1.0,3.0,2.0,2.0,4.0,5.0,3.0,3.0,5.0,4.0,3.0,2.0,1.0,1.0,1.0,3.0,2.0,1.0,4.0,3.0,5.0
0.653356,0.0,0.982953274069855,5.0,5.0,5.0,5.0,4.0,4.0,5.0,2.0,1.0,5.0,4.0,3.0,4.0,5.0,4.0,4.0,4.0,5.0,1.0,2.0,1.0,2.0,1.0,4.0,5.0,4.0,4.0,4.0,1.0,2.0,1.0,1.0,1.0,4.0,3.0,4.0,4.0,4.0,4.0,2.0,2.0,2.0,2.0,3.0,4.0,4.0,3.0,4.0,3.0,2.0,3.0,2.0,2.0,3.0,4.0,2.0,4.0,4.0,2.0,2.0,2.0,2.0,1.0,5.0,5.0,4.0,4.0,4.0,1.0,1.0,1.0,2.0,3.0,5.0,5.0,5.0,2.0,3.0,4.0,1.0,2.0,1.0,1.0,2.0,3.0,2.0,3.0,2.0,2.0,3.0,3.0,4.0,4.0,2.0,5.0,4.0,4.0,3.0,1.0,3.0,3.0,2.0,2.0,2.0,2.0,2.0,1.0,2.0,4.0,4.0,3.0,4.0,4.0,1.0,2.0,3.0,3.0,2.0,2.0,2.0,4.0,4.0,5.0,5.0,4.0,5.0,4.0,4.0,1.0,1.0,1.0,2.0,1.0,1.0,3.0,4.0,3.0,4.0,4.0,4.0,5.0,5.0,3.0,4.0,5.0,3.0,4.0,4.0,4.0,3.0,2.0,2.0,2.0,2.0,1.0,2.0,1.0,2.0,3.0,1.0,4.0,4.0,5.0
0.75885,0.0,0.9999186313798084,4.0,5.0,5.0,5.0,5.0,4.0,5.0,2.0,1.0,1.0,4.0,3.0,4.0,5.0,4.0,2.0,2.0,5.0,2.0,2.0,2.0,1.0,1.0,2.0,5.0,4.0,4.0,4.0,2.0,1.0,1.0,2.0,2.0,3.0,2.0,4.0,4.0,3.0,2.0,2.0,2.0,2.0,2.0,5.0,5.0,4.0,5.0,5.0,5.0,2.0,2.0,1.0,1.0,2.0,2.0,2.0,3.0,4.0,4.0,4.0,4.0,4.0,4.0,5.0,5.0,5.0,5.0,5.0,1.0,1.0,1.0,1.0,1.0,4.0,4.0,3.0,2.0,4.0,3.0,1.0,1.0,1.0,2.0,2.0,4.0,5.0,2.0,4.0,1.0,4.0,5.0,4.0,3.0,4.0,5.0,5.0,5.0,5.0,2.0,5.0,2.0,2.0,2.0,1.0,1.0,1.0,2.0,1.0,5.0,5.0,4.0,4.0,5.0,2.0,2.0,2.0,1.0,2.0,2.0,2.0,4.0,4.0,4.0,5.0,5.0,5.0,5.0,5.0,1.0,1.0,2.0,2.0,1.0,2.0,2.0,2.0,1.0,1.0,2.0,2.0,5.0,5.0,5.0,2.0,2.0,1.0,1.0,2.0,4.0,4.0,2.0,2.0,4.0,2.0,2.0,1.0,1.0,2.0,2.0,2.0,4.0,4.0,4.0
