question-id,0,1,2,3,4,5,6,7,8,9,10,11,12,13,14,15,16,17,18,19,20,21,22,23,24,25,26,27,28,29,30,31,32,33,34,35,36,37,38,39,40,41,42,43,44,45,46,47,48,49,50,51,52,53,54,55,56,57,58,59,60
A1,0.0,0.0,0.166666666666667,0.166666666666667,0.0,0.0,0.0,0.0,0.0,0.0,0.0,0.166666666666667,0.0,0.500000000000001,0.0,0.166666666666667,0.166666666666667,0.0,0.0,0.0,0.0,0.0,0.166666666666667,0.0,0.666666666666668,0.0,0.0,0.0,0.166666666666667,0.0,0.166666666666667,0.166666666666667,0.166666666666667,0.0,0.0,0.0,0.0,0.0,0.0,0.0,0.166666666666667,0.0,0.166666666666667,0.166666666666667,0.333333333333334,0.0,0.0,0.0,0.0,0.0,0.0,0.0,0.0,0.0,0.0,0.0,0.0,0.166666666666667,0.0,0.0,1.0
A10,0.125,0.125,0.125,0.125,0.0,0.0,0.0,0.125,0.0,0.0,0.0,0.0,0.0,0.375,0.0,0.0,0.125,0.0,0.125,0.0,0.0,0.0,0.25,0.0,0.625,0.0,0.0,0.0,0.125,0.0,0.125,0.0,0.0,0.0,0.0,0.0,0.125,0.125,0.0,0.0,0.0,0.0,0.125,0.25,0.125,0.0,0.0,0.0,0.0,0.0,0.0,0.0,0.0,0.0,0.125,0.0,0.0,0.25,0.0,0.0,1.0
A2,0.0,0.0,0.0,0.2,0.2,0.0,0.0,0.0,0.0,0.0,0.0,0.0,0.0,0.0,0.0,0.0,0.0,0.0,0.2,0.0,0.0,0.0,0.0,0.0,0.2,0.0,0.0,0.0,0.2,0.0,0.0,0.0,0.0,0.0,0.0,0.2,0.0,0.0,0.0,0.0,0.2,0.0,0.2,0.0,0.2,0.0,0.4,0.0,0.0,0.0,0.0,0.0,0.4,0.2,0.0,0.0,0.0,0.2,0.0,0.0,1.0
A3,0.0,0.0,0.0,0.2,0.0,0.0,0.0,0.0,0.0,0.0,0.0,0.0,0.0,0.4,0.0,0.0,0.2,0.0,0.0,0.2,0.0,0.0,0.2,0.0,0.4,0.0,0.0,0.0,0.2,0.0,0.2,0.0,0.2,0.0,0.0,0.0,0.0,0.0,0.0,0.2,0.0,0.0,0.2,0.0,0.4,0.0,0.0,0.0,0.0,0.0,0.0,0.0,0.0,0.0,0.0,0.0,0.0,0.2,0.0,0.0,1.0
A4,0.0,0.0,0.0,0.125,0.0,0.0,0.0,0.125,0.0,0.125,0.0,0.0,0.0,0.125,0.0,0.0,0.125,0.0,0.125,0.0,0.0,0.0,0.25,0.0,0.5,0.125,0.0,0.0,0.125,0.0,0.0,0.0,0.125,0.0,0.0,0.0,0.0,0.0,0.0,0.0,0.125,0.0,0.125,0.125,0.25,0.0,0.125,0.0,0.125,0.0,0.0,0.0,0.125,0.125,0.0,0.0,0.0,0.25,0.0,0.0,1.0
A5,0.0,0.0,0.0,0.25,0.0,0.0,0.0,0.0,0.0,0.0,0.0,0.0,0.0,0.0,0.0,0.0,0.0,0.0,0.25,0.0,0.0,0.0,0.0,0.0,0.5,0.0,0.0,0.0,0.25,0.0,0.0,0.0,0.0,0.0,0.0,0.0,0.0,0.0,0.0,0.0,0.25,0.25,0.25,0.25,0.25,0.0,0.25,0.0,0.0,0.0,0.0,0.0,0.25,0.25,0.0,0.0,0.0,0.0,0.0,0.0,1.0
A6,0.0,0.0,0.0,0.166666666666667,0.0,0.0,0.0,0.0,0.0,0.0,0.0,0.166666666666667,0.0,0.333333333333334,0.0,0.0,0.0,0.0,0.0,0.166666666666667,0.0,0.0,0.333333333333334,0.0,0.333333333333334,0.0,0.0,0.0,0.166666666666667,0.0,0.166666666666667,0.0,0.0,0.0,0.0,0.0,0.0,0.0,0.0,0.166666666666667,0.166666666666667,0.0,0.166666666666667,0.166666666666667,0.166666666666667,0.0,0.166666666666667,0.0,0.0,0.0,0.0,0.0,0.166666666666667,0.166666666666667,0.0,0.0,0.0,0.333333333333334,0.0,0.0,1.0
A7,0.0,0.0,0.0,0.0,0.0,0.0,0.0,0.0,0.0,0.0,0.0,0.0,0.0,0.166666666666667,0.0,0.0,0.166666666666667,0.0,0.166666666666667,0.0,0.0,0.0,0.166666666666667,0.0,0.666666666666668,0.0,0.0,0.0,0.166666666666667,0.0,0.0,0.0,0.166666666666667,0.0,0.0,0.0,0.0,0.0,0.0,0.0,0.0,0.0,0.166666666666667,0.333333333333334,0.333333333333334,0.0,0.333333333333334,0.0,0.166666666666667,0.0,0.0,0.0,0.0,0.166666666666667,0.0,0.0,0.166666666666667,0.166666666666667,0.0,0.0,1.0
A8,0.0,0.0,0.0,0.1,0.0,0.0,0.0,0.0,0.1,0.0,0.0,0.0,0.0,0.2,0.1,0.0,0.1,0.1,0.2,0.0,0.0,0.0,0.2,0.0,0.6,0.0,0.0,0.0,0.1,0.0,0.0,0.0,0.1,0.0,0.0,0.0,0.1,0.1,0.0,0.0,0.0,0.0,0.1,0.3,0.2,0.0,0.1,0.0,0.1,0.1,0.0,0.0,0.2,0.1,0.0,0.0,0.0,0.2,0.0,0.0,1.0
A9,0.0,0.0,0.14285714285714302,0.14285714285714302,0.0,0.0,0.0,0.0,0.14285714285714302,0.0,0.0,0.0,0.0,0.42857142857142894,0.0,0.0,0.42857142857142894,0.0,0.0,0.0,0.0,0.0,0.14285714285714302,0.0,0.8571428571428579,0.0,0.0,0.0,0.14285714285714302,0.0,0.0,0.0,0.14285714285714302,0.0,0.0,0.0,0.14285714285714302,0.0,0.0,0.0,0.14285714285714302,0.0,0.14285714285714302,0.14285714285714302,0.28571428571428603,0.0,0.14285714285714302,0.0,0.0,0.0,0.0,0.0,0.0,0.14285714285714302,0.0,0.0,0.0,0.14285714285714302,0.0,0.0,1.0
B1,0.0,0.0,0.0,0.0,0.0,0.0,0.0,0.0,0.0,0.0,0.0,0.25,0.0,0.5,0.0,0.0,0.0,0.0,0.0,0.0,0.0,0.0,0.25,0.0,0.25,0.0,0.25,0.0,0.25,0.0,0.25,0.0,0.0,0.0,0.0,0.0,0.0,0.0,0.0,0.25,0.0,0.0,0.25,0.0,0.25,0.0,0.0,0.0,0.0,0.0,0.0,0.0,0.0,0.0,0.0,0.0,0.0,0.25,0.0,0.0,1.0
B10,0.0,0.0,0.0,0.5,0.0,0.0,0.25,0.0,0.0,0.0,0.0,0.0,0.0,0.25,0.0,0.0,0.0,0.0,0.25,0.0,0.0,0.0,0.25,0.0,0.25,0.0,0.0,0.0,0.25,0.0,0.0,0.0,0.0,0.0,0.0,0.0,0.0,0.25,0.0,0.0,0.25,0.0,0.25,0.0,0.25,0.0,0.0,0.0,0.25,0.0,0.0,0.0,0.0,0.0,0.25,0.0,0.0,0.25,0.0,0.0,1.0
B11,0.0,0.111111111111111,0.0,0.111111111111111,0.0,0.0,0.0,0.111111111111111,0.111111111111111,0.0,0.0,0.0,0.0,0.222222222222222,0.0,0.0,0.111111111111111,0.0,0.0,0.0,0.0,0.0,0.222222222222222,0.0,0.6666666666666661,0.0,0.0,0.0,0.222222222222222,0.0,0.111111111111111,0.0,0.111111111111111,0.0,0.0,0.0,0.111111111111111,0.0,0.0,0.0,0.111111111111111,0.0,0.222222222222222,0.0,0.33333333333333304,0.0,0.0,0.0,0.0,0.0,0.0,0.0,0.111111111111111,0.0,0.0,0.0,0.0,0.222222222222222,0.0,0.0,1.0
B12,0.0,0.2,0.0,0.2,0.0,0.0,0.0,0.2,0.2,0.0,0.0,0.0,0.0,0.0,0.0,0.0,0.0,0.0,0.2,0.0,0.0,0.0,0.2,0.0,0.6,0.0,0.0,0.0,0.2,0.0,0.0,0.0,0.0,0.0,0.2,0.0,0.0,0.2,0.0,0.0,0.0,0.2,0.2,0.0,0.2,0.0,0.0,0.0,0.0,0.0,0.0,0.0,0.0,0.0,0.0,0.0,0.0,0.2,0.0,0.0,1.0
B13,0.0,0.166666666666667,0.0,0.166666666666667,0.0,0.0,0.0,0.0,0.0,0.0,0.0,0.0,0.0,0.0,0.0,0.166666666666667,0.0,0.0,0.166666666666667,0.0,0.0,0.0,0.0,0.0,0.333333333333334,0.0,0.0,0.0,0.166666666666667,0.0,0.0,0.0,0.0,0.0,0.0,0.0,0.0,0.166666666666667,0.0,0.0,0.0,0.0,0.166666666666667,0.0,0.166666666666667,0.0,0.166666666666667,0.0,0.0,0.166666666666667,0.0,0.0,0.0,0.0,0.0,0.0,0.166666666666667,0.166666666666667,0.0,0.0,1.0
B2,0.0,0.0,0.0,0.0,0.0,0.0,0.0,0.14285714285714302,0.0,0.0,0.0,0.0,0.0,0.42857142857142894,0.0,0.0,0.0,0.0,0.0,0.0,0.0,0.0,0.14285714285714302,0.0,0.42857142857142894,0.0,0.0,0.0,0.14285714285714302,0.0,0.42857142857142894,0.0,0.0,0.0,0.0,0.0,0.0,0.0,0.0,0.0,0.0,0.0,0.14285714285714302,0.14285714285714302,0.14285714285714302,0.14285714285714302,0.0,0.0,0.0,0.0,0.0,0.0,0.0,0.0,0.14285714285714302,0.0,0.0,0.14285714285714302,0.0,0.0,1.0
B3,0.0,0.0,0.0,0.0,0.0,0.0,0.0,0.0,0.0,0.0,0.0,0.0,0.0,0.2,0.0,0.0,0.0,0.0,0.0,0.0,0.0,0.0,0.2,0.0,0.6,0.0,0.0,0.0,0.2,0.0,0.2,0.0,0.2,0.0,0.0,0.0,0.0,0.0,0.0,0.0,0.0,0.0,0.2,0.2,0.4,0.0,0.0,0.0,0.0,0.0,0.0,0.0,0.0,0.0,0.0,0.0,0.0,0.2,0.2,0.0,1.0
B4,0.0,0.0,0.0,0.0,0.0,0.0,0.0,0.0,0.0,0.25,0.25,0.25,0.0,0.25,0.0,0.0,0.0,0.0,0.0,0.0,0.0,0.0,0.25,0.0,0.5,0.0,0.0,0.0,0.5,0.0,0.0,0.0,0.0,0.0,0.0,0.0,0.0,0.0,0.0,0.0,0.0,0.0,0.5,0.0,0.5,0.0,0.0,0.0,0.0,0.0,0.0,0.0,0.0,0.0,0.0,0.0,0.0,0.25,0.0,0.0,1.0
B5,0.0,0.0,0.0,0.0,0.0,0.0,0.0,0.0,0.0,0.0,0.0,0.0,0.0,0.33333333333333304,0.0,0.0,0.0,0.0,0.0,0.0,0.0,0.0,0.33333333333333304,0.0,0.33333333333333304,0.0,0.0,0.0,0.33333333333333304,0.0,0.33333333333333304,0.0,0.0,0.0,0.0,0.33333333333333304,0.0,0.0,0.0,0.0,0.0,0.0,0.33333333333333304,0.0,0.33333333333333304,0.0,0.33333333333333304,0.0,0.0,0.0,0.0,0.0,0.0,0.0,0.0,0.0,0.33333333333333304,0.33333333333333304,0.33333333333333304,0.0,1.0
B6,0.0,0.0,0.0,0.2,0.0,0.2,0.0,0.0,0.0,0.0,0.0,0.0,0.0,0.2,0.0,0.0,0.2,0.0,0.0,0.0,0.0,0.0,0.0,0.0,0.4,0.0,0.0,0.0,0.2,0.0,0.0,0.0,0.2,0.0,0.0,0.0,0.0,0.2,0.0,0.0,0.0,0.0,0.2,0.0,0.4,0.0,0.0,0.0,0.0,0.0,0.0,0.0,0.2,0.0,0.0,0.0,0.0,0.0,0.0,0.0,1.0
B7,0.0,0.166666666666667,0.0,0.0,0.0,0.0,0.0,0.0,0.0,0.0,0.0,0.0,0.0,0.166666666666667,0.166666666666667,0.0,0.0,0.0,0.0,0.0,0.0,0.0,0.0,0.0,0.666666666666668,0.0,0.0,0.0,0.166666666666667,0.0,0.166666666666667,0.0,0.166666666666667,0.0,0.0,0.0,0.0,0.0,0.0,0.0,0.0,0.0,0.166666666666667,0.333333333333334,0.333333333333334,0.0,0.333333333333334,0.0,0.0,0.0,0.0,0.0,0.0,0.166666666666667,0.0,0.0,0.166666666666667,0.0,0.0,0.0,1.0
B8,0.0,0.0,0.0,0.0,0.0,0.0,0.0,0.28571428571428603,0.0,0.14285714285714302,0.0,0.0,0.0,0.14285714285714302,0.0,0.0,0.14285714285714302,0.0,0.0,0.0,0.0,0.0,0.14285714285714302,0.0,0.5714285714285721,0.0,0.0,0.0,0.14285714285714302,0.14285714285714302,0.0,0.0,0.0,0.0,0.0,0.0,0.0,0.0,0.0,0.0,0.0,0.0,0.14285714285714302,0.14285714285714302,0.14285714285714302,0.0,0.0,0.0,0.0,0.0,0.0,0.0,0.0,0.0,0.0,0.0,0.0,0.14285714285714302,0.0,0.0,1.0
B9,0.0,0.166666666666667,0.0,0.0,0.0,0.0,0.0,0.166666666666667,0.0,0.0,0.0,0.0,0.0,0.166666666666667,0.0,0.0,0.0,0.0,0.0,0.0,0.0,0.0,0.166666666666667,0.0,0.500000000000001,0.0,0.0,0.0,0.333333333333334,0.0,0.166666666666667,0.0,0.0,0.0,0.0,0.0,0.0,0.0,0.0,0.0,0.0,0.0,0.333333333333334,0.0,0.333333333333334,0.166666666666667,0.0,0.0,0.0,0.0,0.0,0.0,0.166666666666667,0.0,0.0,0.0,0.0,0.166666666666667,0.0,0.0,1.0
C1,0.0,0.5,0.0,0.0,0.0,0.0,0.0,0.0,0.0,0.0,0.0,0.0,0.0,0.25,0.0,0.0,0.0,0.0,0.0,0.25,0.0,0.0,0.25,0.0,0.25,0.0,0.0,0.0,0.25,0.0,0.25,0.0,0.0,0.0,0.0,0.0,0.0,0.0,0.0,0.5,0.0,0.0,0.25,0.0,0.25,0.0,0.25,0.0,0.0,0.0,0.0,0.25,0.0,0.0,0.0,0.0,0.25,0.25,0.0,0.0,1.0
C10,0.0,0.0,0.0,0.5,0.0,0.0,0.0,0.0,0.25,0.0,0.0,0.0,0.0,0.0,0.0,0.0,0.0,0.0,0.0,0.0,0.0,0.0,0.25,0.0,0.5,0.0,0.0,0.0,0.25,0.0,0.0,0.0,0.0,0.0,0.0,0.0,0.0,0.25,0.0,0.0,0.25,0.0,0.25,0.0,0.25,0.0,0.0,0.0,0.0,0.0,0.25,0.0,0.0,0.0,0.0,0.0,0.0,0.25,0.0,0.0,1.0
C2,0.0,0.2,0.0,0.2,0.0,0.0,0.0,0.0,0.0,0.0,0.0,0.0,0.0,0.2,0.0,0.0,0.0,0.0,0.0,0.2,0.0,0.0,0.2,0.0,0.6,0.0,0.0,0.0,0.4,0.0,0.2,0.0,0.0,0.0,0.0,0.0,0.0,0.0,0.0,0.2,0.2,0.0,0.4,0.2,0.4,0.0,0.0,0.0,0.0,0.0,0.0,0.0,0.0,0.0,0.0,0.0,0.0,0.2,0.0,0.0,1.0
C3,0.25,0.0,0.0,0.0,0.0,0.0,0.0,0.0,0.0,0.0,0.0,0.0,0.0,0.0,0.0,0.0,0.0,0.0,0.25,0.0,0.0,0.0,0.25,0.0,0.25,0.0,0.0,0.0,0.25,0.0,0.0,0.0,0.0,0.0,0.0,0.0,0.0,0.0,0.0,0.0,0.0,0.0,0.25,0.0,0.25,0.0,0.0,0.0,0.0,0.0,0.0,0.0,0.0,0.0,0.0,0.0,0.0,0.25,0.0,0.0,1.0
C4,0.0,0.14285714285714302,0.0,0.14285714285714302,0.0,0.0,0.0,0.14285714285714302,0.14285714285714302,0.0,0.0,0.0,0.0,0.14285714285714302,0.14285714285714302,0.0,0.0,0.0,0.0,0.0,0.0,0.0,0.14285714285714302,0.0,0.5714285714285721,0.0,0.0,0.0,0.14285714285714302,0.0,0.0,0.0,0.0,0.14285714285714302,0.0,0.0,0.0,0.0,0.0,0.0,0.14285714285714302,0.0,0.14285714285714302,0.14285714285714302,0.14285714285714302,0.14285714285714302,0.14285714285714302,0.0,0.0,0.0,0.0,0.0,0.0,0.0,0.14285714285714302,0.0,0.14285714285714302,0.14285714285714302,0.0,0.0,1.0
C5,0.0,0.0,0.0,0.4,0.0,0.2,0.0,0.0,0.2,0.0,0.0,0.0,0.0,0.2,0.0,0.0,0.2,0.0,0.0,0.0,0.0,0.0,0.2,0.0,0.6,0.0,0.0,0.0,0.2,0.0,0.0,0.0,0.0,0.0,0.0,0.0,0.2,0.2,0.0,0.0,0.2,0.0,0.2,0.0,0.2,0.0,0.0,0.0,0.0,0.0,0.0,0.0,0.0,0.0,0.0,0.0,0.0,0.2,0.0,0.0,1.0
C6,0.0,0.2,0.0,0.2,0.0,0.0,0.0,0.0,0.2,0.0,0.0,0.0,0.0,0.0,0.0,0.0,0.0,0.0,0.0,0.0,0.0,0.0,0.4,0.0,0.4,0.0,0.0,0.0,0.2,0.0,0.0,0.0,0.0,0.0,0.0,0.2,0.0,0.0,0.0,0.0,0.0,0.0,0.2,0.0,0.2,0.0,0.4,0.0,0.0,0.0,0.0,0.0,0.0,0.0,0.0,0.0,0.2,0.4,0.0,0.0,1.0
C7,0.0,0.25,0.25,0.0,0.0,0.0,0.0,0.0,0.0,0.0,0.0,0.0,0.0,0.5,0.0,0.0,0.0,0.0,0.0,0.25,0.0,0.0,0.25,0.0,0.5,0.0,0.0,0.0,0.25,0.0,0.25,0.0,0.0,0.0,0.0,0.0,0.0,0.0,0.0,0.5,0.0,0.0,0.25,0.0,0.25,0.0,0.25,0.0,0.0,0.0,0.0,0.25,0.0,0.0,0.25,0.0,0.25,0.25,0.0,0.0,1.0
C8,0.0,0.0,0.0,0.33333333333333304,0.0,0.0,0.0,0.0,0.0,0.0,0.0,0.0,0.0,0.0,0.0,0.0,0.0,0.0,0.0,0.0,0.0,0.0,0.33333333333333304,0.0,0.6666666666666661,0.0,0.0,0.0,0.6666666666666661,0.0,0.0,0.0,0.0,0.0,0.0,0.0,0.0,0.33333333333333304,0.0,0.0,0.0,0.0,0.6666666666666661,0.0,0.6666666666666661,0.0,0.0,0.0,0.0,0.0,0.0,0.0,0.0,0.0,0.0,0.0,0.0,0.33333333333333304,0.0,0.0,1.0
C9,0.0,0.0,0.0,0.33333333333333304,0.0,0.0,0.33333333333333304,0.0,0.0,0.0,0.0,0.0,0.0,0.33333333333333304,0.0,0.0,0.0,0.0,0.0,0.33333333333333304,0.0,0.0,0.33333333333333304,0.0,0.33333333333333304,0.0,0.0,0.0,0.33333333333333304,0.0,0.33333333333333304,0.0,0.0,0.0,0.0,0.0,0.0,0.33333333333333304,0.0,0.33333333333333304,0.0,0.0,0.33333333333333304,0.0,0.33333333333333304,0.0,0.0,0.0,0.0,0.0,0.0,0.0,0.0,0.0,0.0,0.0,0.0,0.33333333333333304,0.0,0.0,1.0
D1,0.0,0.0,0.0,0.0,0.0,0.0,0.0,0.0,0.0,0.0,0.0,0.0,0.0,0.0,0.0,0.0,0.0,0.0,0.33333333333333304,0.0,0.0,0.0,0.33333333333333304,0.0,0.33333333333333304,0.0,0.0,0.0,0.33333333333333304,0.0,0.0,0.0,0.0,0.0,0.0,0.0,0.0,0.0,0.0,0.0,0.0,0.0,0.33333333333333304,0.0,0.33333333333333304,0.0,0.0,0.0,0.33333333333333304,0.0,0.0,0.0,0.0,0.0,0.0,0.0,0.0,0.33333333333333304,0.0,0.0,1.0
D10,0.0,0.0,0.166666666666667,0.0,0.0,0.0,0.0,0.0,0.333333333333334,0.0,0.0,0.0,0.0,0.0,0.0,0.0,0.0,0.0,0.0,0.0,0.0,0.0,0.166666666666667,0.0,0.8333333333333349,0.0,0.0,0.0,0.333333333333334,0.0,0.0,0.0,0.0,0.0,0.0,0.166666666666667,0.0,0.0,0.0,0.0,0.0,0.0,0.333333333333334,0.166666666666667,0.333333333333334,0.0,0.333333333333334,0.0,0.0,0.0,0.0,0.0,0.0,0.166666666666667,0.0,0.0,0.0,0.500000000000001,0.0,0.0,1.0
D2,0.0,0.0,0.0,0.0,0.0,0.0,0.0,0.0,0.166666666666667,0.0,0.0,0.0,0.0,0.166666666666667,0.0,0.0,0.0,0.166666666666667,0.0,0.0,0.0,0.0,0.333333333333334,0.0,0.666666666666668,0.0,0.0,0.0,0.166666666666667,0.0,0.0,0.0,0.0,0.0,0.0,0.0,0.0,0.0,0.0,0.0,0.0,0.0,0.166666666666667,0.333333333333334,0.166666666666667,0.0,0.166666666666667,0.0,0.0,0.0,0.0,0.0,0.0,0.166666666666667,0.0,0.0,0.0,0.333333333333334,0.0,0.0,1.0
D3,0.0,0.0,0.0,0.0,0.0,0.0,0.0,0.0,0.0,0.0,0.0,0.0,0.0,0.2,0.0,0.0,0.0,0.0,0.0,0.0,0.0,0.0,0.4,0.0,0.6,0.0,0.2,0.0,0.4,0.0,0.2,0.2,0.2,0.0,0.0,0.0,0.0,0.0,0.0,0.2,0.0,0.0,0.4,0.0,0.6,0.0,0.0,0.0,0.0,0.0,0.0,0.0,0.2,0.0,0.0,0.0,0.0,0.4,0.0,0.0,1.0
D4,0.0,0.14285714285714302,0.0,0.28571428571428603,0.0,0.14285714285714302,0.14285714285714302,0.0,0.14285714285714302,0.0,0.0,0.0,0.0,0.14285714285714302,0.0,0.0,0.14285714285714302,0.0,0.0,0.0,0.0,0.0,0.14285714285714302,0.0,0.5714285714285721,0.0,0.0,0.0,0.14285714285714302,0.0,0.0,0.0,0.0,0.0,0.0,0.0,0.14285714285714302,0.28571428571428603,0.0,0.0,0.0,0.0,0.14285714285714302,0.14285714285714302,0.14285714285714302,0.0,0.0,0.0,0.0,0.0,0.0,0.0,0.14285714285714302,0.0,0.0,0.0,0.0,0.14285714285714302,0.0,0.0,1.0
D5,0.0,0.0,0.0,0.0,0.0,0.0,0.0,0.0,0.0,0.0,0.0,0.2,0.0,0.2,0.0,0.0,0.0,0.0,0.4,0.0,0.0,0.0,0.2,0.0,0.6,0.0,0.0,0.0,0.2,0.0,0.0,0.0,0.2,0.0,0.0,0.0,0.0,0.0,0.0,0.0,0.0,0.2,0.2,0.2,0.4,0.0,0.0,0.0,0.2,0.0,0.0,0.0,0.0,0.0,0.0,0.0,0.0,0.2,0.0,0.0,1.0
D6,0.0,0.2,0.0,0.2,0.0,0.0,0.0,0.0,0.2,0.0,0.0,0.0,0.0,0.0,0.0,0.0,0.0,0.0,0.4,0.0,0.0,0.0,0.4,0.0,0.4,0.0,0.0,0.0,0.2,0.0,0.0,0.0,0.0,0.0,0.0,0.0,0.0,0.0,0.0,0.0,0.2,0.2,0.2,0.0,0.2,0.0,0.0,0.0,0.2,0.0,0.0,0.0,0.0,0.0,0.0,0.0,0.0,0.2,0.0,0.0,1.0
D7,0.125,0.0,0.0,0.0,0.0,0.0,0.0,0.125,0.0,0.0,0.0,0.125,0.0,0.25,0.0,0.0,0.125,0.0,0.125,0.0,0.0,0.0,0.125,0.0,0.625,0.0,0.0,0.0,0.125,0.0,0.0,0.0,0.125,0.0,0.0,0.125,0.0,0.0,0.0,0.0,0.0,0.125,0.125,0.25,0.25,0.0,0.375,0.0,0.0,0.0,0.0,0.0,0.0,0.125,0.0,0.0,0.125,0.125,0.125,0.0,1.0
D8,0.25,0.0,0.25,0.25,0.0,0.0,0.0,0.0,0.0,0.0,0.0,0.0,0.25,0.25,0.0,0.0,0.0,0.0,0.25,0.0,0.0,0.0,0.0,0.0,0.75,0.0,0.0,0.0,0.25,0.0,0.0,0.0,0.25,0.0,0.0,0.0,0.25,0.0,0.0,0.0,0.25,0.0,0.25,0.0,0.5,0.0,0.25,0.0,0.0,0.0,0.0,0.0,0.0,0.0,0.0,0.0,0.25,0.0,0.25,0.0,1.0
D9,0.0,0.0,0.0,0.0,0.0,0.0,0.0,0.166666666666667,0.166666666666667,0.0,0.0,0.166666666666667,0.0,0.500000000000001,0.0,0.0,0.166666666666667,0.0,0.0,0.0,0.0,0.0,0.166666666666667,0.0,0.666666666666668,0.0,0.0,0.0,0.166666666666667,0.0,0.166666666666667,0.0,0.166666666666667,0.0,0.0,0.0,0.0,0.0,0.0,0.0,0.0,0.0,0.166666666666667,0.0,0.333333333333334,0.0,0.0,0.0,0.0,0.0,0.0,0.0,0.0,0.0,0.0,0.0,0.0,0.333333333333334,0.0,0.0,1.0
E1,0.0,0.0,0.0,0.14285714285714302,0.14285714285714302,0.0,0.0,0.28571428571428603,0.14285714285714302,0.14285714285714302,0.0,0.0,0.0,0.0,0.0,0.0,0.0,0.0,0.14285714285714302,0.0,0.0,0.0,0.14285714285714302,0.0,0.714285714285715,0.14285714285714302,0.0,0.0,0.14285714285714302,0.0,0.0,0.0,0.0,0.14285714285714302,0.0,0.0,0.0,0.0,0.0,0.0,0.14285714285714302,0.0,0.14285714285714302,0.14285714285714302,0.14285714285714302,0.0,0.0,0.0,0.0,0.0,0.0,0.0,0.14285714285714302,0.0,0.0,0.0,0.0,0.14285714285714302,0.0,0.0,1.0
E10,0.0,0.0,0.0,0.25,0.0,0.0,0.0,0.0,0.0,0.0,0.0,0.0,0.0,0.0,0.0,0.0,0.0,0.0,0.0,0.0,0.0,0.0,0.25,0.0,0.25,0.0,0.5,0.0,0.25,0.0,0.0,0.0,0.0,0.25,0.0,0.0,0.0,0.25,0.0,0.5,0.0,0.0,0.25,0.0,0.25,0.0,0.0,0.0,0.0,0.0,0.0,0.0,0.0,0.0,0.0,0.0,0.0,0.25,0.0,0.0,1.0
E2,0.0,0.25,0.0,0.5,0.5,0.0,0.0,0.0,0.0,0.25,0.0,0.0,0.0,0.0,0.0,0.0,0.0,0.0,0.75,0.0,0.0,0.0,0.0,0.0,0.25,0.0,0.0,0.0,0.25,0.0,0.0,0.0,0.0,0.25,0.0,0.0,0.0,0.0,0.0,0.0,0.5,0.25,0.25,0.0,0.25,0.0,0.25,0.0,0.0,0.0,0.0,0.0,0.5,0.25,0.0,0.0,0.0,0.0,0.0,0.0,1.0
E3,0.0,0.0,0.2,0.2,0.0,0.0,0.0,0.2,0.0,0.0,0.0,0.0,0.0,0.2,0.0,0.0,0.0,0.0,0.0,0.0,0.0,0.0,0.0,0.0,0.6,0.0,0.0,0.0,0.2,0.0,0.0,0.0,0.0,0.2,0.0,0.0,0.0,0.0,0.0,0.0,0.2,0.0,0.2,0.2,0.2,0.2,0.2,0.0,0.0,0.0,0.0,0.0,0.0,0.2,0.2,0.0,0.0,0.0,0.0,0.0,1.0
E4,0.0,0.0,0.0,0.125,0.0,0.0,0.0,0.125,0.125,0.0,0.0,0.0,0.0,0.0,0.0,0.0,0.0,0.0,0.0,0.0,0.0,0.0,0.0,0.0,0.5,0.0,0.125,0.0,0.125,0.0,0.0,0.0,0.0,0.0,0.0,0.0,0.0,0.0,0.0,0.125,0.125,0.0,0.125,0.125,0.125,0.125,0.0,0.0,0.0,0.0,0.0,0.0,0.125,0.0,0.0,0.0,0.0,0.125,0.0,0.0,1.0
E5,0.0,0.0,0.0,0.25,0.25,0.0,0.0,0.0,0.0,0.0,0.0,0.0,0.0,0.0,0.0,0.0,0.0,0.0,0.25,0.0,0.0,0.0,0.0,0.25,0.5,0.0,0.0,0.0,0.5,0.0,0.0,0.0,0.0,0.25,0.0,0.0,0.0,0.0,0.0,0.0,0.25,0.0,0.5,0.0,0.5,0.0,0.0,0.0,0.0,0.0,0.0,0.0,0.25,0.0,0.0,0.0,0.0,0.0,0.0,0.0,1.0
E6,0.0,0.2,0.0,0.2,0.0,0.0,0.0,0.0,0.0,0.0,0.0,0.0,0.0,0.0,0.0,0.2,0.0,0.0,0.0,0.0,0.0,0.0,0.0,0.0,0.4,0.0,0.0,0.0,0.2,0.0,0.0,0.0,0.0,0.0,0.0,0.0,0.0,0.2,0.0,0.0,0.0,0.0,0.2,0.0,0.2,0.0,0.0,0.0,0.0,0.0,0.0,0.0,0.0,0.0,0.0,0.0,0.0,0.0,0.0,0.0,1.0
E7,0.0,0.25,0.25,0.25,0.0,0.0,0.0,0.0,0.0,0.0,0.0,0.0,0.0,0.0,0.0,0.0,0.0,0.0,0.0,0.0,0.0,0.0,0.0,0.0,0.5,0.0,0.0,0.0,0.25,0.0,0.0,0.0,0.0,0.25,0.0,0.0,0.0,0.0,0.0,0.0,0.25,0.0,0.25,0.25,0.25,0.0,0.5,0.0,0.0,0.0,0.0,0.0,0.0,0.25,0.0,0.0,0.25,0.0,0.0,0.0,1.0
E8,0.0,0.0,0.0,0.0,0.0,0.0,0.0,0.0,0.2,0.0,0.0,0.0,0.0,0.0,0.2,0.0,0.0,0.0,0.0,0.0,0.0,0.0,0.2,0.0,0.6,0.0,0.0,0.0,0.2,0.0,0.0,0.0,0.0,0.0,0.0,0.0,0.2,0.0,0.0,0.0,0.0,0.0,0.2,0.2,0.2,0.0,0.0,0.0,0.0,0.0,0.0,0.0,0.2,0.0,0.0,0.0,0.0,0.2,0.0,0.0,1.0
E9,0.0,0.0,0.0,0.222222222222222,0.0,0.0,0.0,0.222222222222222,0.111111111111111,0.0,0.0,0.0,0.0,0.0,0.0,0.0,0.0,0.0,0.0,0.0,0.0,0.0,0.111111111111111,0.0,0.6666666666666661,0.0,0.111111111111111,0.0,0.111111111111111,0.0,0.0,0.0,0.0,0.111111111111111,0.0,0.0,0.0,0.0,0.0,0.111111111111111,0.222222222222222,0.0,0.111111111111111,0.222222222222222,0.111111111111111,0.0,0.222222222222222,0.0,0.0,0.0,0.0,0.0,0.0,0.111111111111111,0.0,0.0,0.111111111111111,0.111111111111111,0.0,0.0,1.0
F1,0.0,0.0,0.0,0.0,0.0,0.0,0.0,0.0,0.28571428571428603,0.0,0.0,0.0,0.0,0.28571428571428603,0.0,0.0,0.0,0.14285714285714302,0.14285714285714302,0.0,0.0,0.0,0.28571428571428603,0.0,0.42857142857142894,0.0,0.0,0.0,0.14285714285714302,0.0,0.14285714285714302,0.0,0.0,0.0,0.0,0.0,0.0,0.0,0.0,0.0,0.0,0.14285714285714302,0.14285714285714302,0.0,0.14285714285714302,0.0,0.0,0.0,0.0,0.0,0.0,0.0,0.0,0.0,0.0,0.0,0.0,0.42857142857142894,0.14285714285714302,0.0,1.0
F10,0.0,0.0,0.25,0.0,0.0,0.0,0.0,0.125,0.0,0.0,0.0,0.125,0.0,0.25,0.0,0.125,0.0,0.0,0.25,0.0,0.0,0.0,0.25,0.0,0.625,0.0,0.0,0.0,0.125,0.0,0.125,0.125,0.0,0.0,0.0,0.0,0.0,0.0,0.0,0.0,0.0,0.125,0.125,0.25,0.125,0.0,0.125,0.0,0.125,0.0,0.0,0.0,0.0,0.125,0.0,0.0,0.0,0.25,0.0,0.0,1.0
F2,0.166666666666667,0.0,0.0,0.0,0.0,0.0,0.0,0.166666666666667,0.0,0.0,0.0,0.0,0.0,0.166666666666667,0.0,0.0,0.0,0.0,0.333333333333334,0.0,0.0,0.0,0.333333333333334,0.0,0.500000000000001,0.0,0.0,0.0,0.166666666666667,0.0,0.0,0.0,0.0,0.0,0.0,0.166666666666667,0.0,0.0,0.0,0.0,0.0,0.166666666666667,0.166666666666667,0.166666666666667,0.166666666666667,0.0,0.166666666666667,0.0,0.0,0.0,0.0,0.0,0.0,0.0,0.166666666666667,0.0,0.0,0.333333333333334,0.0,0.0,1.0
F3,0.0,0.166666666666667,0.0,0.166666666666667,0.0,0.0,0.0,0.0,0.0,0.0,0.0,0.0,0.166666666666667,0.333333333333334,0.0,0.0,0.0,0.0,0.0,0.0,0.0,0.0,0.166666666666667,0.0,0.333333333333334,0.0,0.0,0.0,0.166666666666667,0.0,0.166666666666667,0.0,0.0,0.0,0.0,0.0,0.0,0.0,0.166666666666667,0.0,0.166666666666667,0.0,0.166666666666667,0.166666666666667,0.166666666666667,0.0,0.166666666666667,0.166666666666667,0.0,0.0,0.0,0.0,0.0,0.166666666666667,0.0,0.0,0.0,0.166666666666667,0.0,0.0,1.0
F4,0.33333333333333304,0.0,0.0,0.33333333333333304,0.0,0.0,0.0,0.0,0.0,0.0,0.0,0.0,0.0,0.0,0.0,0.0,0.0,0.0,0.6666666666666661,0.0,0.0,0.0,0.0,0.0,0.33333333333333304,0.0,0.0,0.0,0.33333333333333304,0.0,0.0,0.0,0.0,0.0,0.0,0.0,0.0,0.0,0.0,0.0,0.33333333333333304,0.6666666666666661,0.33333333333333304,0.0,0.33333333333333304,0.0,0.0,0.0,0.0,0.0,0.0,0.0,0.0,0.0,0.0,0.0,0.0,0.0,0.0,0.0,1.0
F5,0.0,0.125,0.0,0.0,0.0,0.0,0.0,0.125,0.0,0.0,0.0,0.0,0.0,0.0,0.125,0.0,0.0,0.0,0.0,0.0,0.0,0.0,0.0,0.0,0.625,0.0,0.0,0.0,0.125,0.0,0.0,0.0,0.0,0.0,0.0,0.0,0.0,0.0,0.0,0.0,0.0,0.0,0.125,0.375,0.125,0.0,0.25,0.0,0.0,0.0,0.0,0.0,0.0,0.125,0.0,0.0,0.125,0.0,0.0,0.0,1.0
F6,0.33333333333333304,0.0,0.0,0.0,0.0,0.0,0.0,0.0,0.0,0.0,0.0,0.0,0.0,0.0,0.0,0.0,0.0,0.0,0.6666666666666661,0.0,0.0,0.0,0.0,0.0,0.33333333333333304,0.0,0.0,0.0,0.33333333333333304,0.0,0.0,0.0,0.0,0.0,0.0,0.0,0.0,0.0,0.0,0.0,0.0,0.6666666666666661,0.33333333333333304,0.0,0.33333333333333304,0.0,0.0,0.0,0.0,0.0,0.0,0.0,0.0,0.0,0.0,0.0,0.0,0.0,0.0,0.0,1.0
F7,0.0,0.0,0.0,0.0,0.0,0.0,0.0,0.0,0.0,0.0,0.0,0.0,0.0,0.0,0.0,0.0,0.0,0.0,0.33333333333333304,0.0,0.0,0.0,0.0,0.0,0.33333333333333304,0.0,0.0,0.0,0.33333333333333304,0.0,0.0,0.0,0.0,0.0,0.0,0.0,0.0,0.0,0.0,0.0,0.0,0.33333333333333304,0.33333333333333304,0.0,0.33333333333333304,0.0,0.33333333333333304,0.0,0.0,0.0,0.0,0.0,0.0,0.0,0.0,0.0,0.0,0.0,0.0,0.0,1.0
F8,0.0,0.0,0.0,0.0,0.0,0.0,0.0,0.0,0.0,0.0,0.0,0.25,0.0,0.25,0.0,0.0,0.0,0.0,0.0,0.0,0.0,0.0,0.25,0.0,0.25,0.0,0.0,0.0,0.25,0.0,0.0,0.0,0.0,0.0,0.0,0.0,0.0,0.0,0.0,0.0,0.0,0.0,0.25,0.0,0.25,0.0,0.0,0.0,0.0,0.0,0.0,0.0,0.0,0.0,0.0,0.0,0.0,0.25,0.0,0.0,1.0
F9,0.33333333333333304,0.0,0.0,0.0,0.0,0.0,0.0,0.0,0.0,0.0,0.0,0.0,0.0,0.0,0.0,0.0,0.0,0.0,0.6666666666666661,0.0,0.0,0.0,0.0,0.0,0.33333333333333304,0.0,0.0,0.0,0.33333333333333304,0.0,0.0,0.0,0.0,0.0,0.0,0.0,0.0,0.0,0.0,0.0,0.0,0.6666666666666661,0.33333333333333304,0.0,0.33333333333333304,0.0,0.0,0.0,0.0,0.0,0.0,0.0,0.0,0.0,0.0,0.0,0.0,0.0,0.0,0.0,1.0
G1,0.0,0.2,0.2,0.2,0.0,0.0,0.0,0.0,0.0,0.0,0.0,0.0,0.0,0.2,0.0,0.0,0.0,0.0,0.0,0.2,0.0,0.0,0.2,0.0,0.4,0.0,0.0,0.0,0.2,0.0,0.2,0.0,0.0,0.0,0.0,0.0,0.0,0.0,0.0,0.2,0.2,0.0,0.2,0.2,0.2,0.0,0.2,0.0,0.0,0.0,0.0,0.0,0.2,0.2,0.0,0.0,0.0,0.2,0.0,0.0,1.0
G10,0.0,0.0,0.0,0.0,0.0,0.0,0.0,0.2,0.0,0.0,0.0,0.0,0.0,0.0,0.0,0.0,0.0,0.0,0.0,0.0,0.0,0.0,0.2,0.0,0.6,0.0,0.0,0.0,0.2,0.0,0.0,0.0,0.0,0.0,0.0,0.0,0.0,0.0,0.0,0.0,0.0,0.0,0.2,0.2,0.2,0.0,0.2,0.0,0.0,0.0,0.0,0.0,0.0,0.2,0.0,0.0,0.0,0.2,0.0,0.0,1.0
G2,0.0,0.1,0.0,0.1,0.1,0.0,0.0,0.1,0.0,0.0,0.0,0.0,0.0,0.2,0.1,0.0,0.1,0.0,0.1,0.0,0.0,0.0,0.1,0.0,0.5,0.0,0.0,0.0,0.1,0.0,0.0,0.0,0.0,0.1,0.0,0.0,0.0,0.0,0.0,0.0,0.1,0.0,0.1,0.3,0.1,0.1,0.1,0.0,0.0,0.0,0.0,0.0,0.3,0.1,0.1,0.0,0.0,0.0,0.0,0.0,1.0
G3,0.0,0.0,0.0,0.0,0.0,0.0,0.0,0.125,0.25,0.0,0.0,0.0,0.0,0.125,0.0,0.0,0.0,0.0,0.0,0.0,0.0,0.0,0.125,0.0,0.625,0.0,0.0,0.0,0.125,0.0,0.125,0.0,0.0,0.0,0.0,0.0,0.125,0.0,0.0,0.0,0.0,0.0,0.125,0.125,0.125,0.0,0.125,0.0,0.0,0.0,0.0,0.0,0.0,0.125,0.0,0.0,0.0,0.25,0.0,0.0,1.0
G4,0.0,0.0,0.0,0.25,0.25,0.0,0.0,0.0,0.0,0.0,0.0,0.25,0.0,0.25,0.0,0.0,0.0,0.0,0.25,0.0,0.0,0.0,0.25,0.25,0.25,0.0,0.0,0.0,0.25,0.0,0.0,0.0,0.0,0.0,0.0,0.0,0.0,0.0,0.0,0.0,0.25,0.0,0.25,0.0,0.25,0.0,0.0,0.0,0.0,0.0,0.0,0.0,0.25,0.0,0.0,0.0,0.0,0.25,0.0,0.0,1.0
G5,0.0,0.0,0.0,0.0,0.33333333333333304,0.0,0.0,0.0,0.0,0.0,0.0,0.0,0.0,0.0,0.0,0.0,0.0,0.0,0.33333333333333304,0.0,0.0,0.0,0.33333333333333304,0.0,0.33333333333333304,0.0,0.0,0.0,0.33333333333333304,0.0,0.0,0.0,0.0,0.0,0.0,0.0,0.0,0.0,0.0,0.0,0.0,0.0,0.33333333333333304,0.0,0.33333333333333304,0.0,0.33333333333333304,0.0,0.0,0.0,0.0,0.0,0.33333333333333304,0.0,0.0,0.0,0.33333333333333304,0.33333333333333304,0.0,0.0,1.0
G6,0.0,0.14285714285714302,0.0,0.14285714285714302,0.0,0.0,0.0,0.0,0.0,0.0,0.0,0.0,0.0,0.28571428571428603,0.0,0.0,0.14285714285714302,0.0,0.28571428571428603,0.0,0.0,0.0,0.14285714285714302,0.0,0.5714285714285721,0.0,0.0,0.0,0.14285714285714302,0.0,0.14285714285714302,0.0,0.28571428571428603,0.0,0.0,0.14285714285714302,0.0,0.14285714285714302,0.0,0.0,0.0,0.0,0.14285714285714302,0.14285714285714302,0.42857142857142894,0.0,0.14285714285714302,0.0,0.14285714285714302,0.14285714285714302,0.0,0.0,0.0,0.0,0.0,0.0,0.0,0.14285714285714302,0.0,0.0,1.0
G7,0.0,0.0,0.333333333333334,0.166666666666667,0.0,0.0,0.166666666666667,0.0,0.0,0.0,0.0,0.0,0.0,0.500000000000001,0.0,0.0,0.166666666666667,0.0,0.0,0.166666666666667,0.0,0.0,0.166666666666667,0.0,0.666666666666668,0.0,0.0,0.0,0.166666666666667,0.0,0.166666666666667,0.0,0.166666666666667,0.0,0.0,0.0,0.0,0.166666666666667,0.0,0.166666666666667,0.0,0.0,0.166666666666667,0.166666666666667,0.333333333333334,0.0,0.333333333333334,0.0,0.0,0.0,0.0,0.0,0.0,0.166666666666667,0.166666666666667,0.0,0.166666666666667,0.166666666666667,0.0,0.0,1.0
G8,0.0,0.0,0.0,0.0,0.0,0.0,0.0,0.0,0.2,0.0,0.0,0.0,0.0,0.0,0.0,0.0,0.0,0.0,0.0,0.0,0.0,0.0,0.4,0.0,0.6,0.0,0.2,0.0,0.2,0.0,0.0,0.0,0.0,0.0,0.0,0.0,0.0,0.0,0.0,0.2,0.0,0.0,0.2,0.2,0.2,0.0,0.2,0.0,0.0,0.0,0.0,0.0,0.2,0.2,0.0,0.0,0.0,0.4,0.0,0.0,1.0
G9,0.0,0.2,0.2,0.0,0.0,0.0,0.0,0.0,0.2,0.0,0.0,0.0,0.0,0.0,0.0,0.0,0.0,0.0,0.0,0.0,0.0,0.0,0.2,0.0,0.6,0.0,0.2,0.0,0.2,0.0,0.0,0.0,0.0,0.0,0.0,0.0,0.0,0.0,0.0,0.2,0.0,0.0,0.2,0.2,0.2,0.0,0.2,0.0,0.0,0.0,0.0,0.0,0.0,0.2,0.0,0.0,0.0,0.2,0.0,0.0,1.0
H1,0.0,0.0,0.0,0.0,0.0,0.0,0.0,0.0,0.0,0.0,0.0,0.0,0.0,0.0,0.25,0.0,0.0,0.0,0.0,0.0,0.0,0.0,0.0,0.0,0.75,0.0,0.0,0.0,0.25,0.0,0.0,0.0,0.0,0.0,0.0,0.0,0.0,0.0,0.0,0.0,0.0,0.0,0.25,0.5,0.25,0.0,0.0,0.0,0.0,0.0,0.0,0.0,0.0,0.0,0.0,0.0,0.0,0.25,0.25,0.0,1.0
H10,0.0,0.166666666666667,0.166666666666667,0.166666666666667,0.0,0.0,0.0,0.0,0.0,0.0,0.0,0.166666666666667,0.0,0.333333333333334,0.0,0.0,0.0,0.0,0.0,0.0,0.0,0.0,0.166666666666667,0.0,0.500000000000001,0.0,0.0,0.0,0.333333333333334,0.0,0.166666666666667,0.0,0.0,0.0,0.0,0.0,0.0,0.166666666666667,0.0,0.0,0.0,0.0,0.333333333333334,0.0,0.333333333333334,0.0,0.166666666666667,0.0,0.0,0.0,0.0,0.0,0.0,0.0,0.0,0.0,0.166666666666667,0.166666666666667,0.0,0.0,1.0
H2,0.0,0.0,0.0,0.125,0.0,0.0,0.0,0.0,0.0,0.0,0.0,0.0,0.0,0.125,0.0,0.125,0.125,0.0,0.0,0.0,0.0,0.0,0.0,0.0,0.5,0.0,0.0,0.0,0.125,0.0,0.0,0.0,0.125,0.25,0.0,0.0,0.0,0.0,0.0,0.0,0.125,0.0,0.125,0.125,0.25,0.0,0.0,0.0,0.0,0.0,0.0,0.0,0.125,0.0,0.0,0.0,0.0,0.0,0.125,0.0,1.0
H3,0.0,0.0,0.0,0.0,0.0,0.0,0.0,0.25,0.0,0.0,0.0,0.0,0.0,0.25,0.0,0.0,0.0,0.0,0.0,0.0,0.0,0.0,0.0,0.0,0.5,0.0,0.0,0.0,0.25,0.0,0.0,0.0,0.0,0.0,0.0,0.0,0.0,0.0,0.0,0.0,0.0,0.0,0.25,0.0,0.25,0.25,0.0,0.0,0.0,0.0,0.0,0.0,0.0,0.0,0.25,0.0,0.0,0.25,0.25,0.0,1.0
H4,0.0,0.0,0.0,0.0,0.0,0.0,0.0,0.0,0.2,0.0,0.0,0.0,0.0,0.0,0.2,0.0,0.0,0.0,0.0,0.0,0.0,0.0,0.2,0.0,0.6,0.0,0.0,0.0,0.2,0.0,0.0,0.0,0.0,0.2,0.0,0.2,0.2,0.0,0.0,0.0,0.0,0.0,0.2,0.2,0.2,0.0,0.2,0.0,0.0,0.0,0.0,0.0,0.0,0.0,0.0,0.0,0.0,0.2,0.0,0.0,1.0
H5,0.0,0.0,0.0,0.25,0.0,0.0,0.0,0.0,0.0,0.0,0.0,0.0,0.0,0.0,0.0,0.0,0.0,0.0,0.0,0.0,0.0,0.0,0.0,0.0,0.5,0.0,0.0,0.0,0.25,0.0,0.0,0.0,0.0,0.25,0.0,0.0,0.0,0.25,0.0,0.0,0.0,0.0,0.25,0.25,0.25,0.0,0.25,0.0,0.0,0.0,0.25,0.0,0.0,0.0,0.0,0.0,0.25,0.25,0.0,0.0,1.0
H6,0.0,0.0,0.0,0.33333333333333304,0.33333333333333304,0.0,0.0,0.0,0.0,0.33333333333333304,0.0,0.0,0.0,0.0,0.0,0.0,0.0,0.0,0.33333333333333304,0.0,0.0,0.0,0.0,0.0,0.33333333333333304,0.0,0.0,0.0,0.33333333333333304,0.0,0.0,0.0,0.0,0.0,0.0,0.0,0.0,0.0,0.0,0.0,0.33333333333333304,0.0,0.33333333333333304,0.0,0.33333333333333304,0.0,0.0,0.0,0.0,0.0,0.0,0.0,0.33333333333333304,0.0,0.0,0.0,0.0,0.0,0.0,0.0,1.0
H7,0.0,0.0,0.0,0.14285714285714302,0.14285714285714302,0.0,0.0,0.0,0.14285714285714302,0.0,0.0,0.0,0.0,0.14285714285714302,0.0,0.0,0.14285714285714302,0.0,0.14285714285714302,0.0,0.0,0.0,0.14285714285714302,0.0,0.42857142857142894,0.0,0.0,0.0,0.14285714285714302,0.0,0.0,0.0,0.0,0.14285714285714302,0.0,0.14285714285714302,0.14285714285714302,0.0,0.0,0.14285714285714302,0.14285714285714302,0.0,0.14285714285714302,0.0,0.14285714285714302,0.0,0.14285714285714302,0.0,0.0,0.0,0.0,0.14285714285714302,0.14285714285714302,0.0,0.0,0.0,0.0,0.28571428571428603,0.14285714285714302,0.0,1.0
H8,0.0,0.0,0.0,0.0,0.0,0.0,0.0,0.0,0.2,0.0,0.0,0.0,0.0,0.2,0.2,0.0,0.2,0.0,0.0,0.0,0.0,0.0,0.2,0.0,0.8,0.0,0.0,0.0,0.2,0.0,0.0,0.0,0.0,0.2,0.0,0.0,0.2,0.0,0.0,0.0,0.0,0.0,0.2,0.2,0.2,0.0,0.0,0.0,0.0,0.0,0.0,0.0,0.0,0.0,0.0,0.0,0.0,0.2,0.0,0.0,1.0
H9,0.2,0.0,0.0,0.2,0.0,0.0,0.0,0.0,0.0,0.0,0.0,0.0,0.0,0.0,0.0,0.0,0.0,0.0,0.2,0.0,0.0,0.0,0.4,0.0,0.4,0.0,0.0,0.0,0.2,0.0,0.0,0.0,0.0,0.0,0.0,0.0,0.0,0.2,0.0,0.0,0.0,0.0,0.2,0.2,0.2,0.0,0.0,0.0,0.0,0.0,0.0,0.0,0.0,0.0,0.0,0.0,0.0,0.4,0.2,0.0,1.0
I1,0.0,0.14285714285714302,0.0,0.14285714285714302,0.0,0.0,0.0,0.0,0.0,0.0,0.0,0.0,0.0,0.42857142857142894,0.0,0.0,0.14285714285714302,0.0,0.0,0.14285714285714302,0.0,0.0,0.14285714285714302,0.0,0.5714285714285721,0.0,0.0,0.0,0.14285714285714302,0.0,0.28571428571428603,0.0,0.28571428571428603,0.0,0.0,0.0,0.0,0.0,0.0,0.14285714285714302,0.14285714285714302,0.0,0.14285714285714302,0.14285714285714302,0.42857142857142894,0.0,0.0,0.0,0.0,0.0,0.0,0.0,0.14285714285714302,0.0,0.0,0.0,0.0,0.14285714285714302,0.0,0.0,1.0
I10,0.0,0.0,0.14285714285714302,0.0,0.0,0.0,0.0,0.0,0.14285714285714302,0.0,0.0,0.0,0.0,0.14285714285714302,0.0,0.0,0.0,0.0,0.0,0.0,0.0,0.0,0.28571428571428603,0.0,0.5714285714285721,0.0,0.0,0.0,0.14285714285714302,0.0,0.14285714285714302,0.0,0.14285714285714302,0.0,0.0,0.0,0.0,0.0,0.0,0.0,0.0,0.0,0.14285714285714302,0.0,0.28571428571428603,0.0,0.0,0.14285714285714302,0.0,0.0,0.0,0.0,0.14285714285714302,0.0,0.0,0.0,0.0,0.28571428571428603,0.0,0.0,1.0
I2,0.166666666666667,0.166666666666667,0.0,0.0,0.0,0.0,0.0,0.0,0.0,0.0,0.0,0.166666666666667,0.0,0.500000000000001,0.0,0.0,0.166666666666667,0.0,0.166666666666667,0.0,0.0,0.0,0.0,0.0,0.500000000000001,0.0,0.0,0.0,0.166666666666667,0.0,0.333333333333334,0.0,0.166666666666667,0.0,0.0,0.0,0.0,0.0,0.0,0.166666666666667,0.0,0.0,0.166666666666667,0.166666666666667,0.333333333333334,0.0,0.166666666666667,0.0,0.0,0.0,0.0,0.166666666666667,0.0,0.166666666666667,0.0,0.0,0.0,0.0,0.166666666666667,0.0,1.0
I3,0.0,0.0,0.0,0.0,0.0,0.0,0.0,0.0,0.2,0.0,0.0,0.0,0.0,0.2,0.0,0.0,0.2,0.0,0.0,0.0,0.0,0.0,0.2,0.0,0.8,0.0,0.0,0.0,0.2,0.0,0.0,0.0,0.2,0.0,0.0,0.0,0.0,0.0,0.0,0.0,0.0,0.0,0.2,0.2,0.4,0.0,0.0,0.0,0.0,0.0,0.0,0.0,0.0,0.0,0.0,0.0,0.0,0.2,0.0,0.0,1.0
I4,0.0,0.0,0.0,0.33333333333333304,0.0,0.33333333333333304,0.0,0.0,0.0,0.0,0.0,0.0,0.0,0.0,0.0,0.0,0.0,0.0,0.33333333333333304,0.0,0.0,0.0,0.0,0.0,0.33333333333333304,0.0,0.0,0.0,0.33333333333333304,0.0,0.0,0.0,0.0,0.0,0.0,0.0,0.0,0.33333333333333304,0.0,0.0,0.0,0.0,0.33333333333333304,0.0,0.33333333333333304,0.0,0.0,0.0,0.0,0.33333333333333304,0.0,0.0,0.33333333333333304,0.0,0.0,0.0,0.0,0.0,0.0,0.0,1.0
I5,0.0,0.1,0.0,0.1,0.0,0.0,0.0,0.1,0.0,0.0,0.0,0.0,0.1,0.2,0.0,0.0,0.0,0.0,0.0,0.0,0.0,0.0,0.2,0.0,0.4,0.0,0.0,0.0,0.1,0.0,0.1,0.0,0.1,0.0,0.0,0.0,0.0,0.0,0.0,0.0,0.1,0.0,0.2,0.0,0.3,0.1,0.1,0.0,0.0,0.0,0.0,0.0,0.3,0.0,0.0,0.0,0.1,0.2,0.0,0.1,1.0
I6,0.0,0.14285714285714302,0.14285714285714302,0.14285714285714302,0.0,0.0,0.0,0.0,0.14285714285714302,0.0,0.0,0.0,0.0,0.14285714285714302,0.0,0.0,0.0,0.0,0.0,0.0,0.0,0.0,0.28571428571428603,0.0,0.5714285714285721,0.0,0.0,0.0,0.14285714285714302,0.0,0.14285714285714302,0.0,0.14285714285714302,0.0,0.0,0.0,0.0,0.14285714285714302,0.0,0.0,0.0,0.0,0.14285714285714302,0.0,0.28571428571428603,0.0,0.0,0.0,0.0,0.0,0.0,0.0,0.14285714285714302,0.0,0.0,0.0,0.0,0.28571428571428603,0.0,0.0,1.0
I7,0.0,0.0,0.0,0.2,0.0,0.0,0.0,0.0,0.0,0.0,0.0,0.0,0.0,0.0,0.0,0.0,0.0,0.0,0.2,0.0,0.0,0.0,0.4,0.0,0.4,0.0,0.2,0.0,0.2,0.0,0.0,0.2,0.2,0.0,0.0,0.0,0.0,0.0,0.0,0.2,0.2,0.0,0.2,0.0,0.4,0.0,0.0,0.0,0.0,0.2,0.0,0.0,0.6,0.0,0.0,0.0,0.0,0.2,0.0,0.0,1.0
I8,0.0,0.0,0.0,0.33333333333333304,0.0,0.0,0.0,0.0,0.0,0.0,0.0,0.0,0.0,0.33333333333333304,0.0,0.0,0.33333333333333304,0.0,0.33333333333333304,0.0,0.0,0.0,0.33333333333333304,0.0,0.6666666666666661,0.0,0.0,0.0,0.33333333333333304,0.0,0.0,0.0,0.33333333333333304,0.0,0.0,0.0,0.0,0.0,0.0,0.0,0.33333333333333304,0.0,0.33333333333333304,0.0,0.6666666666666661,0.0,0.0,0.0,0.0,0.33333333333333304,0.0,0.0,0.33333333333333304,0.0,0.0,0.0,0.0,0.0,0.0,0.0,1.0
I9,0.0,0.0,0.0,0.14285714285714302,0.0,0.0,0.0,0.0,0.14285714285714302,0.0,0.0,0.14285714285714302,0.0,0.42857142857142894,0.0,0.0,0.14285714285714302,0.0,0.14285714285714302,0.0,0.0,0.0,0.28571428571428603,0.0,0.5714285714285721,0.0,0.0,0.0,0.14285714285714302,0.0,0.14285714285714302,0.0,0.28571428571428603,0.0,0.0,0.0,0.0,0.0,0.0,0.0,0.14285714285714302,0.0,0.14285714285714302,0.0,0.42857142857142894,0.0,0.0,0.0,0.14285714285714302,0.0,0.0,0.0,0.0,0.0,0.0,0.0,0.0,0.28571428571428603,0.0,0.0,1.0
J1,0.0,0.14285714285714302,0.0,0.14285714285714302,0.0,0.0,0.0,0.0,0.14285714285714302,0.0,0.0,0.0,0.0,0.28571428571428603,0.0,0.0,0.14285714285714302,0.0,0.0,0.0,0.0,0.0,0.28571428571428603,0.0,0.714285714285715,0.0,0.0,0.0,0.14285714285714302,0.0,0.14285714285714302,0.0,0.42857142857142894,0.0,0.0,0.0,0.0,0.14285714285714302,0.0,0.0,0.0,0.0,0.14285714285714302,0.0,0.5714285714285721,0.0,0.0,0.0,0.0,0.0,0.0,0.0,0.0,0.0,0.0,0.0,0.0,0.28571428571428603,0.0,0.0,1.0
J10,0.166666666666667,0.166666666666667,0.0,0.166666666666667,0.0,0.0,0.0,0.0,0.0,0.0,0.0,0.0,0.0,0.166666666666667,0.0,0.0,0.0,0.0,0.333333333333334,0.0,0.0,0.166666666666667,0.166666666666667,0.0,0.333333333333334,0.0,0.0,0.0,0.166666666666667,0.0,0.166666666666667,0.0,0.0,0.0,0.0,0.0,0.0,0.166666666666667,0.0,0.0,0.0,0.0,0.166666666666667,0.166666666666667,0.166666666666667,0.0,0.333333333333334,0.0,0.166666666666667,0.0,0.166666666666667,0.0,0.0,0.166666666666667,0.0,0.0,0.166666666666667,0.500000000000001,0.0,0.0,1.0
J2,0.14285714285714302,0.0,0.0,0.14285714285714302,0.0,0.0,0.0,0.0,0.0,0.0,0.0,0.0,0.0,0.14285714285714302,0.14285714285714302,0.0,0.0,0.0,0.28571428571428603,0.0,0.0,0.14285714285714302,0.14285714285714302,0.0,0.5714285714285721,0.0,0.0,0.0,0.14285714285714302,0.0,0.14285714285714302,0.0,0.0,0.0,0.0,0.0,0.0,0.14285714285714302,0.0,0.0,0.0,0.0,0.14285714285714302,0.42857142857142894,0.14285714285714302,0.0,0.14285714285714302,0.0,0.14285714285714302,0.0,0.14285714285714302,0.0,0.0,0.14285714285714302,0.0,0.0,0.0,0.42857142857142894,0.0,0.0,1.0
J3,0.0,0.0,0.0,0.333333333333334,0.0,0.0,0.0,0.0,0.0,0.0,0.0,0.0,0.0,0.0,0.0,0.0,0.0,0.0,0.0,0.0,0.0,0.0,0.0,0.0,0.333333333333334,0.0,0.0,0.0,0.166666666666667,0.0,0.0,0.0,0.0,0.166666666666667,0.0,0.166666666666667,0.0,0.0,0.0,0.0,0.333333333333334,0.0,0.166666666666667,0.166666666666667,0.166666666666667,0.0,0.166666666666667,0.0,0.0,0.0,0.0,0.0,0.0,0.0,0.0,0.0,0.0,0.0,0.0,0.0,1.0
J4,0.0,0.0,0.0,0.25,0.25,0.0,0.0,0.0,0.0,0.25,0.0,0.0,0.0,0.0,0.0,0.0,0.0,0.0,0.25,0.0,0.0,0.0,0.0,0.0,0.5,0.0,0.0,0.0,0.25,0.0,0.0,0.0,0.0,0.0,0.0,0.0,0.0,0.0,0.0,0.0,0.25,0.0,0.25,0.25,0.25,0.0,0.25,0.0,0.0,0.0,0.0,0.0,0.25,0.0,0.0,0.0,0.25,0.0,0.0,0.0,1.0
J5,0.0,0.0,0.0,0.0,0.0,0.0,0.0,0.2,0.0,0.0,0.0,0.0,0.0,0.2,0.0,0.0,0.2,0.0,0.0,0.0,0.0,0.0,0.2,0.0,0.6,0.0,0.0,0.0,0.2,0.0,0.0,0.0,0.0,0.2,0.0,0.2,0.0,0.0,0.0,0.0,0.0,0.0,0.2,0.2,0.2,0.0,0.4,0.0,0.0,0.0,0.0,0.0,0.0,0.0,0.0,0.0,0.2,0.0,0.0,0.0,1.0
J6,0.0,0.0,0.0,0.0,0.0,0.0,0.0,0.0,0.0,0.0,0.0,0.0,0.0,0.0,0.0,0.0,0.0,0.0,0.25,0.0,0.0,0.0,0.25,0.0,0.25,0.0,0.0,0.0,0.25,0.0,0.0,0.0,0.0,0.0,0.0,0.0,0.0,0.0,0.0,0.0,0.0,0.0,0.25,0.0,0.25,0.0,0.25,0.0,0.25,0.0,0.0,0.0,0.0,0.25,0.0,0.0,0.0,0.25,0.0,0.0,1.0
J7,0.0,0.25,0.0,0.0,0.0,0.0,0.0,0.0,0.25,0.0,0.0,0.0,0.0,0.0,0.0,0.0,0.0,0.0,0.0,0.0,0.0,0.0,0.25,0.0,0.75,0.0,0.0,0.0,0.25,0.0,0.0,0.0,0.25,0.0,0.0,0.0,0.0,0.0,0.0,0.0,0.0,0.0,0.25,0.0,0.5,0.0,0.0,0.0,0.0,0.0,0.0,0.0,0.0,0.0,0.0,0.0,0.0,0.25,0.0,0.0,1.0
J8,0.0,0.0,0.0,0.0,0.0,0.0,0.0,0.166666666666667,0.166666666666667,0.0,0.0,0.0,0.0,0.0,0.0,0.0,0.0,0.0,0.0,0.0,0.0,0.0,0.166666666666667,0.0,0.8333333333333349,0.0,0.0,0.0,0.166666666666667,0.0,0.0,0.0,0.166666666666667,0.166666666666667,0.0,0.0,0.0,0.0,0.0,0.0,0.0,0.0,0.166666666666667,0.166666666666667,0.333333333333334,0.0,0.0,0.0,0.0,0.0,0.0,0.0,0.0,0.0,0.0,0.0,0.0,0.166666666666667,0.166666666666667,0.0,1.0
J9,0.0,0.33333333333333304,0.0,0.0,0.0,0.0,0.0,0.0,0.0,0.0,0.0,0.0,0.0,0.0,0.0,0.0,0.0,0.0,0.0,0.0,0.0,0.0,0.0,0.0,0.33333333333333304,0.0,0.0,0.0,0.33333333333333304,0.0,0.0,0.0,0.0,0.0,0.0,0.0,0.0,0.0,0.0,0.0,0.0,0.0,0.33333333333333304,0.0,0.33333333333333304,0.0,0.6666666666666661,0.0,0.0,0.0,0.0,0.0,0.0,0.0,0.0,0.0,0.6666666666666661,0.0,0.0,0.0,1.0
K1,0.0,0.0,0.2,0.0,0.0,0.0,0.0,0.0,0.0,0.0,0.0,0.0,0.0,0.2,0.0,0.0,0.0,0.0,0.0,0.0,0.0,0.0,0.0,0.0,0.6,0.0,0.0,0.0,0.4,0.0,0.2,0.0,0.0,0.0,0.0,0.0,0.0,0.0,0.0,0.2,0.0,0.0,0.4,0.2,0.4,0.0,0.2,0.0,0.0,0.0,0.0,0.2,0.0,0.2,0.0,0.0,0.0,0.0,0.0,0.0,1.0
K10,0.0,0.14285714285714302,0.14285714285714302,0.14285714285714302,0.0,0.0,0.0,0.0,0.14285714285714302,0.0,0.0,0.0,0.0,0.0,0.0,0.0,0.0,0.0,0.14285714285714302,0.0,0.0,0.0,0.28571428571428603,0.0,0.714285714285715,0.0,0.0,0.0,0.28571428571428603,0.0,0.0,0.0,0.0,0.0,0.0,0.0,0.0,0.0,0.0,0.0,0.0,0.0,0.28571428571428603,0.28571428571428603,0.28571428571428603,0.0,0.0,0.0,0.14285714285714302,0.0,0.0,0.0,0.14285714285714302,0.0,0.0,0.0,0.0,0.14285714285714302,0.0,0.0,1.0
K2,0.0,0.14285714285714302,0.0,0.0,0.0,0.0,0.0,0.0,0.14285714285714302,0.0,0.0,0.0,0.0,0.14285714285714302,0.0,0.0,0.0,0.0,0.14285714285714302,0.14285714285714302,0.0,0.0,0.42857142857142894,0.0,0.5714285714285721,0.0,0.0,0.0,0.14285714285714302,0.0,0.14285714285714302,0.0,0.0,0.0,0.0,0.0,0.0,0.0,0.0,0.14285714285714302,0.0,0.0,0.14285714285714302,0.28571428571428603,0.14285714285714302,0.0,0.0,0.0,0.14285714285714302,0.0,0.0,0.0,0.0,0.0,0.0,0.0,0.0,0.42857142857142894,0.0,0.0,1.0
K3,0.0,0.0,0.0,0.0,0.0,0.0,0.0,0.2,0.2,0.0,0.0,0.0,0.0,0.2,0.0,0.0,0.0,0.0,0.0,0.0,0.0,0.0,0.4,0.0,0.6,0.0,0.0,0.0,0.2,0.0,0.0,0.0,0.0,0.0,0.0,0.0,0.2,0.0,0.0,0.0,0.0,0.0,0.2,0.0,0.2,0.2,0.0,0.0,0.0,0.0,0.0,0.0,0.2,0.0,0.2,0.0,0.0,0.2,0.0,0.0,1.0
K4,0.0,0.0,0.0,0.0,0.0,0.0,0.0,0.0,0.0,0.0,0.0,0.0,0.0,0.2,0.0,0.0,0.0,0.0,0.2,0.2,0.0,0.0,0.0,0.0,0.6,0.0,0.0,0.0,0.4,0.0,0.2,0.0,0.0,0.0,0.0,0.0,0.0,0.0,0.0,0.2,0.0,0.2,0.4,0.2,0.4,0.0,0.2,0.0,0.0,0.0,0.0,0.0,0.0,0.2,0.0,0.0,0.0,0.0,0.0,0.0,1.0
K5,0.0,0.0,0.0,0.0,0.0,0.0,0.0,0.0,0.0,0.0,0.0,0.0,0.0,0.166666666666667,0.0,0.0,0.0,0.0,0.0,0.0,0.0,0.0,0.166666666666667,0.0,0.666666666666668,0.0,0.0,0.0,0.500000000000001,0.0,0.166666666666667,0.0,0.0,0.0,0.0,0.0,0.0,0.0,0.0,0.0,0.0,0.0,0.500000000000001,0.166666666666667,0.500000000000001,0.0,0.0,0.0,0.0,0.0,0.0,0.0,0.0,0.0,0.0,0.0,0.0,0.166666666666667,0.0,0.0,1.0
K6,0.0,0.0,0.14285714285714302,0.0,0.0,0.0,0.0,0.0,0.14285714285714302,0.0,0.0,0.0,0.0,0.14285714285714302,0.0,0.0,0.14285714285714302,0.0,0.0,0.0,0.0,0.0,0.28571428571428603,0.0,0.8571428571428579,0.0,0.0,0.0,0.28571428571428603,0.0,0.0,0.0,0.14285714285714302,0.0,0.0,0.0,0.0,0.0,0.0,0.0,0.0,0.0,0.28571428571428603,0.28571428571428603,0.42857142857142894,0.0,0.14285714285714302,0.0,0.0,0.0,0.0,0.0,0.0,0.14285714285714302,0.0,0.0,0.0,0.28571428571428603,0.0,0.0,1.0
K7,0.0,0.0,0.166666666666667,0.0,0.0,0.0,0.0,0.0,0.166666666666667,0.0,0.0,0.0,0.0,0.166666666666667,0.0,0.0,0.0,0.0,0.0,0.166666666666667,0.0,0.0,0.333333333333334,0.0,0.666666666666668,0.0,0.0,0.0,0.333333333333334,0.0,0.166666666666667,0.0,0.0,0.0,0.0,0.0,0.0,0.0,0.0,0.166666666666667,0.0,0.0,0.333333333333334,0.166666666666667,0.333333333333334,0.0,0.166666666666667,0.0,0.0,0.0,0.0,0.0,0.0,0.166666666666667,0.0,0.0,0.0,0.333333333333334,0.0,0.0,1.0
K8,0.0,0.0,0.0,0.0,0.0,0.0,0.0,0.0,0.0,0.0,0.0,0.0,0.0,0.4,0.0,0.0,0.0,0.0,0.0,0.0,0.0,0.0,0.0,0.0,0.4,0.0,0.0,0.0,0.4,0.0,0.4,0.0,0.0,0.0,0.0,0.0,0.0,0.0,0.0,0.0,0.0,0.0,0.4,0.0,0.4,0.0,0.0,0.0,0.0,0.0,0.0,0.0,0.2,0.0,0.0,0.0,0.0,0.0,0.0,0.0,1.0
K9,0.0,0.0,0.0,0.0,0.0,0.0,0.0,0.0,0.0,0.0,0.0,0.0,0.0,0.25,0.0,0.0,0.0,0.0,0.0,0.25,0.0,0.0,0.0,0.0,0.5,0.0,0.0,0.0,0.5,0.0,0.25,0.0,0.0,0.0,0.0,0.0,0.0,0.0,0.0,0.5,0.0,0.0,0.5,0.0,0.5,0.0,0.0,0.0,0.0,0.0,0.0,0.25,0.0,0.0,0.0,0.0,0.0,0.0,0.0,0.0,1.0
L1,0.0,0.2,0.0,0.2,0.0,0.0,0.1,0.1,0.3,0.0,0.0,0.0,0.0,0.0,0.0,0.0,0.0,0.0,0.1,0.0,0.1,0.0,0.2,0.0,0.8,0.0,0.0,0.0,0.2,0.0,0.0,0.0,0.2,0.0,0.0,0.0,0.0,0.2,0.0,0.0,0.0,0.0,0.2,0.0,0.4,0.0,0.0,0.0,0.0,0.1,0.0,0.0,0.0,0.0,0.0,0.0,0.0,0.3,0.0,0.0,1.0
L10,0.0,0.0,0.0,0.166666666666667,0.0,0.0,0.0,0.0,0.333333333333334,0.0,0.0,0.0,0.0,0.166666666666667,0.0,0.0,0.166666666666667,0.0,0.0,0.0,0.0,0.0,0.166666666666667,0.0,0.8333333333333349,0.0,0.0,0.0,0.333333333333334,0.0,0.0,0.0,0.166666666666667,0.0,0.0,0.0,0.166666666666667,0.166666666666667,0.0,0.0,0.0,0.0,0.333333333333334,0.0,0.500000000000001,0.0,0.0,0.0,0.0,0.0,0.166666666666667,0.0,0.0,0.0,0.0,0.0,0.0,0.333333333333334,0.0,0.0,1.0
L2,0.0,0.0,0.0,0.5,0.0,0.25,0.25,0.0,0.0,0.0,0.0,0.0,0.0,0.25,0.0,0.0,0.0,0.0,0.25,0.25,0.0,0.0,0.25,0.0,0.25,0.0,0.0,0.0,0.25,0.0,0.25,0.0,0.0,0.0,0.0,0.0,0.0,0.25,0.0,0.25,0.25,0.25,0.25,0.0,0.25,0.0,0.0,0.0,0.0,0.25,0.0,0.0,0.0,0.0,0.0,0.0,0.0,0.25,0.0,0.0,1.0
L3,0.0,0.0,0.0,0.5,0.0,0.0,0.0,0.0,0.25,0.0,0.0,0.0,0.0,0.0,0.0,0.0,0.0,0.0,0.0,0.25,0.0,0.0,0.25,0.0,0.5,0.0,0.0,0.0,0.25,0.0,0.0,0.0,0.0,0.0,0.0,0.0,0.0,0.25,0.0,0.25,0.25,0.0,0.25,0.0,0.25,0.0,0.0,0.0,0.0,0.0,0.25,0.0,0.0,0.0,0.0,0.0,0.0,0.25,0.0,0.0,1.0
L4,0.0,0.0,0.25,0.25,0.0,0.0,0.25,0.0,0.0,0.0,0.0,0.0,0.0,0.0,0.0,0.0,0.0,0.0,0.0,0.0,0.0,0.0,0.25,0.0,0.75,0.0,0.0,0.0,0.25,0.0,0.0,0.0,0.25,0.0,0.0,0.0,0.0,0.25,0.0,0.0,0.0,0.0,0.25,0.25,0.5,0.0,0.0,0.0,0.0,0.0,0.0,0.0,0.0,0.0,0.0,0.0,0.0,0.25,0.0,0.0,1.0
L5,0.0,0.0,0.14285714285714302,0.14285714285714302,0.0,0.0,0.0,0.0,0.0,0.0,0.0,0.0,0.0,0.28571428571428603,0.0,0.0,0.0,0.14285714285714302,0.0,0.0,0.0,0.14285714285714302,0.14285714285714302,0.0,0.28571428571428603,0.0,0.0,0.0,0.14285714285714302,0.0,0.14285714285714302,0.0,0.0,0.0,0.14285714285714302,0.0,0.0,0.14285714285714302,0.0,0.0,0.0,0.0,0.14285714285714302,0.14285714285714302,0.14285714285714302,0.0,0.28571428571428603,0.0,0.0,0.0,0.0,0.0,0.0,0.0,0.0,0.0,0.28571428571428603,0.28571428571428603,0.0,0.0,1.0
L6,0.0,0.111111111111111,0.111111111111111,0.111111111111111,0.0,0.0,0.111111111111111,0.0,0.0,0.0,0.0,0.0,0.0,0.111111111111111,0.0,0.111111111111111,0.0,0.0,0.0,0.111111111111111,0.0,0.0,0.222222222222222,0.0,0.444444444444444,0.0,0.111111111111111,0.0,0.222222222222222,0.0,0.111111111111111,0.111111111111111,0.0,0.0,0.0,0.0,0.111111111111111,0.111111111111111,0.0,0.222222222222222,0.0,0.0,0.222222222222222,0.0,0.222222222222222,0.0,0.111111111111111,0.0,0.0,0.0,0.0,0.0,0.111111111111111,0.0,0.0,0.0,0.111111111111111,0.222222222222222,0.0,0.0,1.0
L7,0.0,0.0,0.0,0.2,0.0,0.0,0.0,0.0,0.0,0.0,0.0,0.0,0.0,0.2,0.0,0.0,0.0,0.0,0.2,0.2,0.0,0.0,0.2,0.0,0.4,0.0,0.0,0.0,0.2,0.0,0.2,0.0,0.0,0.0,0.0,0.0,0.0,0.2,0.0,0.2,0.0,0.2,0.2,0.2,0.2,0.0,0.0,0.0,0.0,0.0,0.2,0.0,0.0,0.0,0.0,0.0,0.0,0.2,0.0,0.0,1.0
L8,0.0,0.0,0.222222222222222,0.111111111111111,0.0,0.0,0.111111111111111,0.0,0.222222222222222,0.0,0.0,0.0,0.0,0.0,0.0,0.0,0.0,0.0,0.0,0.0,0.0,0.222222222222222,0.33333333333333304,0.0,0.777777777777777,0.0,0.0,0.0,0.111111111111111,0.0,0.0,0.0,0.222222222222222,0.0,0.0,0.0,0.111111111111111,0.111111111111111,0.0,0.0,0.0,0.0,0.111111111111111,0.111111111111111,0.33333333333333304,0.0,0.111111111111111,0.0,0.0,0.0,0.0,0.0,0.0,0.0,0.0,0.0,0.111111111111111,0.444444444444444,0.0,0.0,1.0
L9,0.0,0.0,0.0,0.28571428571428603,0.0,0.14285714285714302,0.0,0.0,0.14285714285714302,0.0,0.0,0.0,0.0,0.14285714285714302,0.0,0.0,0.14285714285714302,0.0,0.0,0.0,0.0,0.0,0.14285714285714302,0.0,0.714285714285715,0.0,0.0,0.0,0.14285714285714302,0.0,0.0,0.0,0.14285714285714302,0.0,0.0,0.0,0.14285714285714302,0.14285714285714302,0.0,0.0,0.14285714285714302,0.0,0.14285714285714302,0.14285714285714302,0.28571428571428603,0.0,0.0,0.0,0.0,0.0,0.0,0.0,0.0,0.0,0.0,0.0,0.0,0.14285714285714302,0.0,0.0,1.0
M1,0.14285714285714302,0.0,0.0,0.14285714285714302,0.0,0.0,0.0,0.14285714285714302,0.0,0.0,0.0,0.0,0.0,0.14285714285714302,0.0,0.0,0.0,0.0,0.14285714285714302,0.0,0.0,0.0,0.14285714285714302,0.0,0.5714285714285721,0.0,0.0,0.0,0.14285714285714302,0.0,0.14285714285714302,0.0,0.0,0.14285714285714302,0.0,0.0,0.0,0.0,0.0,0.0,0.14285714285714302,0.0,0.14285714285714302,0.28571428571428603,0.14285714285714302,0.0,0.14285714285714302,0.0,0.0,0.0,0.0,0.0,0.0,0.14285714285714302,0.0,0.0,0.0,0.14285714285714302,0.0,0.0,1.0
M10,0.166666666666667,0.166666666666667,0.0,0.166666666666667,0.0,0.0,0.166666666666667,0.0,0.0,0.0,0.0,0.0,0.0,0.333333333333334,0.0,0.0,0.0,0.0,0.333333333333334,0.0,0.0,0.0,0.166666666666667,0.0,0.333333333333334,0.0,0.0,0.0,0.166666666666667,0.0,0.166666666666667,0.0,0.0,0.0,0.0,0.0,0.0,0.166666666666667,0.0,0.0,0.0,0.0,0.166666666666667,0.166666666666667,0.166666666666667,0.0,0.0,0.0,0.0,0.166666666666667,0.0,0.0,0.166666666666667,0.0,0.166666666666667,0.0,0.0,0.166666666666667,0.0,0.0,1.0
M2,0.0,0.1,0.0,0.1,0.1,0.0,0.0,0.0,0.1,0.1,0.0,0.0,0.0,0.1,0.0,0.0,0.0,0.0,0.2,0.0,0.0,0.0,0.1,0.0,0.6,0.0,0.0,0.0,0.1,0.0,0.1,0.0,0.1,0.0,0.0,0.0,0.0,0.0,0.0,0.0,0.1,0.1,0.1,0.3,0.2,0.0,0.2,0.0,0.0,0.0,0.0,0.0,0.1,0.1,0.0,0.0,0.1,0.2,0.0,0.0,1.0
M3,0.0,0.2,0.0,0.2,0.0,0.0,0.0,0.0,0.0,0.0,0.0,0.0,0.0,0.2,0.0,0.0,0.0,0.0,0.0,0.0,0.0,0.0,0.0,0.0,0.2,0.0,0.2,0.0,0.2,0.0,0.2,0.0,0.0,0.0,0.0,0.0,0.0,0.0,0.0,0.2,0.2,0.0,0.2,0.0,0.2,0.0,0.2,0.0,0.0,0.0,0.0,0.0,0.2,0.0,0.0,0.0,0.2,0.0,0.0,0.0,1.0
M4,0.0,0.125,0.0,0.0,0.125,0.0,0.0,0.25,0.0,0.0,0.0,0.0,0.0,0.0,0.125,0.0,0.0,0.0,0.25,0.0,0.0,0.0,0.125,0.0,0.5,0.0,0.0,0.0,0.125,0.0,0.0,0.0,0.0,0.0,0.0,0.125,0.0,0.0,0.0,0.0,0.0,0.125,0.125,0.125,0.125,0.0,0.375,0.0,0.0,0.0,0.0,0.0,0.125,0.25,0.0,0.0,0.0,0.125,0.0,0.0,1.0
M5,0.0,0.2,0.0,0.0,0.0,0.0,0.0,0.0,0.0,0.0,0.0,0.0,0.0,0.2,0.2,0.0,0.0,0.2,0.0,0.0,0.0,0.0,0.0,0.0,0.4,0.0,0.0,0.0,0.2,0.0,0.2,0.0,0.0,0.0,0.0,0.0,0.0,0.0,0.0,0.0,0.0,0.0,0.2,0.2,0.2,0.2,0.0,0.0,0.0,0.0,0.0,0.0,0.0,0.0,0.0,0.0,0.0,0.0,0.0,0.0,1.0
M6,0.0,0.0,0.0,0.25,0.0,0.0,0.25,0.0,0.0,0.0,0.0,0.0,0.0,0.0,0.0,0.0,0.0,0.0,0.25,0.0,0.0,0.0,0.0,0.0,0.25,0.0,0.0,0.0,0.25,0.0,0.0,0.0,0.0,0.0,0.0,0.0,0.0,0.25,0.0,0.0,0.0,0.0,0.25,0.0,0.25,0.0,0.0,0.0,0.0,0.25,0.0,0.0,0.25,0.0,0.0,0.0,0.0,0.0,0.0,0.0,1.0
M7,0.0,0.111111111111111,0.111111111111111,0.0,0.0,0.0,0.0,0.111111111111111,0.0,0.0,0.0,0.0,0.0,0.111111111111111,0.111111111111111,0.0,0.0,0.0,0.0,0.0,0.0,0.0,0.111111111111111,0.0,0.6666666666666661,0.0,0.0,0.0,0.111111111111111,0.0,0.111111111111111,0.0,0.111111111111111,0.0,0.0,0.0,0.0,0.0,0.0,0.111111111111111,0.0,0.0,0.111111111111111,0.222222222222222,0.222222222222222,0.0,0.33333333333333304,0.0,0.0,0.0,0.0,0.111111111111111,0.0,0.222222222222222,0.0,0.0,0.111111111111111,0.111111111111111,0.0,0.0,1.0
M8,0.0,0.0,0.0,0.14285714285714302,0.0,0.0,0.0,0.0,0.14285714285714302,0.0,0.0,0.0,0.0,0.28571428571428603,0.0,0.0,0.14285714285714302,0.0,0.0,0.0,0.0,0.0,0.14285714285714302,0.0,0.5714285714285721,0.0,0.0,0.0,0.14285714285714302,0.0,0.0,0.0,0.0,0.0,0.0,0.0,0.14285714285714302,0.0,0.0,0.0,0.14285714285714302,0.0,0.14285714285714302,0.14285714285714302,0.14285714285714302,0.0,0.14285714285714302,0.0,0.0,0.0,0.0,0.0,0.14285714285714302,0.14285714285714302,0.14285714285714302,0.0,0.0,0.14285714285714302,0.0,0.0,1.0
M9,0.0,0.0,0.0,0.14285714285714302,0.0,0.0,0.0,0.0,0.14285714285714302,0.0,0.0,0.0,0.0,0.28571428571428603,0.0,0.0,0.14285714285714302,0.0,0.0,0.0,0.0,0.0,0.14285714285714302,0.0,0.5714285714285721,0.0,0.0,0.0,0.14285714285714302,0.0,0.14285714285714302,0.0,0.0,0.0,0.0,0.0,0.14285714285714302,0.0,0.0,0.0,0.14285714285714302,0.0,0.14285714285714302,0.14285714285714302,0.14285714285714302,0.0,0.14285714285714302,0.0,0.0,0.0,0.0,0.0,0.0,0.14285714285714302,0.0,0.0,0.0,0.14285714285714302,0.0,0.0,1.0
N1,0.0,0.166666666666667,0.0,0.166666666666667,0.0,0.0,0.0,0.0,0.166666666666667,0.0,0.0,0.0,0.0,0.166666666666667,0.0,0.0,0.0,0.166666666666667,0.0,0.0,0.0,0.166666666666667,0.333333333333334,0.0,0.500000000000001,0.0,0.0,0.0,0.166666666666667,0.0,0.0,0.0,0.0,0.0,0.0,0.0,0.0,0.166666666666667,0.0,0.0,0.0,0.0,0.166666666666667,0.166666666666667,0.166666666666667,0.0,0.166666666666667,0.0,0.0,0.0,0.166666666666667,0.0,0.0,0.166666666666667,0.0,0.0,0.0,0.500000000000001,0.0,0.0,1.0
N10,0.0,0.0,0.0,0.0,0.0,0.0,0.0,0.125,0.125,0.0,0.0,0.0,0.0,0.375,0.0,0.0,0.375,0.0,0.0,0.0,0.0,0.0,0.25,0.0,0.875,0.0,0.0,0.0,0.125,0.0,0.0,0.0,0.125,0.0,0.0,0.0,0.25,0.0,0.0,0.0,0.0,0.0,0.125,0.25,0.25,0.0,0.0,0.0,0.0,0.0,0.0,0.0,0.125,0.0,0.0,0.0,0.0,0.125,0.125,0.0,1.0
N2,0.0,0.0,0.0,0.0,0.0,0.0,0.0,0.0,0.14285714285714302,0.0,0.0,0.0,0.0,0.14285714285714302,0.0,0.0,0.0,0.14285714285714302,0.0,0.0,0.0,0.0,0.14285714285714302,0.0,0.8571428571428579,0.0,0.0,0.0,0.28571428571428603,0.0,0.14285714285714302,0.0,0.14285714285714302,0.0,0.0,0.0,0.0,0.0,0.0,0.0,0.0,0.0,0.28571428571428603,0.28571428571428603,0.42857142857142894,0.0,0.0,0.0,0.0,0.0,0.0,0.0,0.0,0.0,0.0,0.0,0.0,0.14285714285714302,0.0,0.0,1.0
N3,0.0,0.0,0.0,0.166666666666667,0.0,0.0,0.0,0.0,0.0,0.0,0.0,0.0,0.0,0.0,0.0,0.0,0.0,0.0,0.0,0.0,0.0,0.0,0.0,0.0,0.500000000000001,0.0,0.0,0.0,0.333333333333334,0.0,0.0,0.0,0.0,0.0,0.166666666666667,0.0,0.0,0.0,0.0,0.0,0.166666666666667,0.0,0.333333333333334,0.166666666666667,0.333333333333334,0.0,0.166666666666667,0.0,0.0,0.0,0.0,0.0,0.0,0.0,0.0,0.0,0.166666666666667,0.166666666666667,0.0,0.0,1.0
N4,0.0,0.33333333333333304,0.0,0.0,0.0,0.0,0.0,0.0,0.0,0.0,0.0,0.0,0.0,0.0,0.0,0.0,0.0,0.0,0.0,0.0,0.0,0.0,0.0,0.0,0.33333333333333304,0.0,0.33333333333333304,0.0,0.33333333333333304,0.0,0.0,0.0,0.0,0.0,0.0,0.0,0.0,0.0,0.0,0.33333333333333304,0.0,0.0,0.33333333333333304,0.0,0.33333333333333304,0.0,0.0,0.0,0.0,0.0,0.0,0.0,0.0,0.0,0.0,0.0,0.0,0.0,0.0,0.0,1.0
N5,0.0,0.2,0.0,0.2,0.0,0.0,0.0,0.0,0.2,0.2,0.0,0.0,0.0,0.0,0.0,0.0,0.0,0.0,0.0,0.0,0.0,0.0,0.2,0.0,0.4,0.0,0.0,0.0,0.2,0.2,0.0,0.0,0.0,0.0,0.0,0.0,0.2,0.2,0.0,0.0,0.0,0.0,0.2,0.0,0.2,0.0,0.0,0.0,0.0,0.0,0.2,0.0,0.0,0.0,0.0,0.0,0.0,0.4,0.0,0.0,1.0
N6,0.0,0.0,0.0,0.33333333333333304,0.0,0.0,0.0,0.0,0.0,0.0,0.0,0.0,0.0,0.0,0.0,0.0,0.0,0.0,0.0,0.0,0.0,0.0,0.0,0.0,0.33333333333333304,0.0,0.33333333333333304,0.0,0.33333333333333304,0.0,0.0,0.0,0.0,0.0,0.0,0.0,0.0,0.0,0.0,0.33333333333333304,0.33333333333333304,0.0,0.33333333333333304,0.0,0.33333333333333304,0.0,0.0,0.0,0.0,0.0,0.0,0.0,0.0,0.0,0.0,0.0,0.0,0.0,0.0,0.0,1.0
N7,0.0,0.0,0.0,0.25,0.0,0.0,0.0,0.0,0.0,0.0,0.0,0.0,0.0,0.0,0.0,0.0,0.0,0.0,0.0,0.0,0.0,0.0,0.0,0.0,0.5,0.0,0.0,0.0,0.5,0.0,0.0,0.0,0.0,0.0,0.0,0.0,0.0,0.0,0.0,0.0,0.25,0.0,0.5,0.0,0.5,0.0,0.0,0.0,0.0,0.0,0.0,0.0,0.0,0.0,0.0,0.0,0.0,0.0,0.0,0.0,1.0
N8,0.0,0.0,0.0,0.14285714285714302,0.14285714285714302,0.0,0.0,0.14285714285714302,0.14285714285714302,0.0,0.0,0.0,0.0,0.0,0.0,0.0,0.0,0.0,0.14285714285714302,0.0,0.0,0.0,0.0,0.0,0.5714285714285721,0.0,0.0,0.0,0.14285714285714302,0.0,0.0,0.0,0.0,0.0,0.0,0.0,0.0,0.0,0.0,0.0,0.14285714285714302,0.0,0.14285714285714302,0.14285714285714302,0.14285714285714302,0.28571428571428603,0.0,0.0,0.0,0.0,0.0,0.0,0.14285714285714302,0.0,0.0,0.0,0.0,0.14285714285714302,0.0,0.0,1.0
N9,0.33333333333333304,0.0,0.0,0.33333333333333304,0.33333333333333304,0.0,0.0,0.0,0.0,0.0,0.0,0.0,0.0,0.0,0.0,0.0,0.0,0.0,0.33333333333333304,0.0,0.0,0.0,0.0,0.0,0.33333333333333304,0.0,0.0,0.0,0.33333333333333304,0.0,0.0,0.0,0.0,0.33333333333333304,0.0,0.0,0.0,0.0,0.0,0.0,0.33333333333333304,0.0,0.33333333333333304,0.0,0.33333333333333304,0.0,0.0,0.0,0.0,0.0,0.0,0.0,0.33333333333333304,0.0,0.0,0.0,0.0,0.0,0.33333333333333304,0.0,1.0
O1,0.0,0.0,0.111111111111111,0.0,0.0,0.0,0.0,0.0,0.111111111111111,0.0,0.0,0.0,0.111111111111111,0.222222222222222,0.0,0.0,0.0,0.111111111111111,0.0,0.0,0.0,0.0,0.222222222222222,0.0,0.555555555555555,0.0,0.0,0.0,0.111111111111111,0.0,0.0,0.0,0.111111111111111,0.0,0.0,0.0,0.0,0.0,0.0,0.0,0.0,0.0,0.111111111111111,0.111111111111111,0.222222222222222,0.0,0.111111111111111,0.0,0.0,0.0,0.0,0.0,0.111111111111111,0.111111111111111,0.0,0.0,0.0,0.222222222222222,0.0,0.0,1.0
O10,0.0,0.2,0.0,0.2,0.0,0.0,0.0,0.0,0.0,0.0,0.0,0.0,0.0,0.0,0.0,0.0,0.0,0.0,0.0,0.0,0.0,0.0,0.0,0.0,0.4,0.0,0.0,0.0,0.2,0.0,0.0,0.0,0.0,0.0,0.0,0.2,0.0,0.2,0.0,0.0,0.0,0.0,0.2,0.2,0.2,0.0,0.4,0.0,0.0,0.0,0.0,0.0,0.0,0.2,0.0,0.0,0.0,0.2,0.2,0.0,1.0
O2,0.0,0.0,0.0,0.0,0.0,0.0,0.0,0.0,0.166666666666667,0.0,0.0,0.0,0.0,0.0,0.0,0.0,0.0,0.0,0.166666666666667,0.0,0.0,0.166666666666667,0.166666666666667,0.0,0.500000000000001,0.0,0.0,0.166666666666667,0.166666666666667,0.0,0.0,0.0,0.0,0.0,0.0,0.0,0.0,0.0,0.0,0.0,0.0,0.0,0.166666666666667,0.166666666666667,0.166666666666667,0.0,0.333333333333334,0.0,0.166666666666667,0.0,0.0,0.0,0.0,0.333333333333334,0.0,0.0,0.0,0.333333333333334,0.166666666666667,0.0,1.0
O3,0.0,0.0,0.0,0.0,0.0,0.0,0.0,0.0,0.0,0.0,0.0,0.0,0.0,0.0,0.33333333333333304,0.0,0.0,0.0,0.33333333333333304,0.0,0.0,0.0,0.0,0.0,0.6666666666666661,0.0,0.0,0.0,0.33333333333333304,0.0,0.0,0.0,0.0,0.0,0.0,0.0,0.0,0.0,0.0,0.0,0.0,0.33333333333333304,0.33333333333333304,0.33333333333333304,0.33333333333333304,0.0,0.33333333333333304,0.0,0.0,0.0,0.0,0.0,0.0,0.0,0.0,0.0,0.0,0.0,0.0,0.0,1.0
O4,0.0,0.166666666666667,0.0,0.166666666666667,0.0,0.0,0.0,0.0,0.166666666666667,0.0,0.0,0.0,0.333333333333334,0.333333333333334,0.0,0.166666666666667,0.0,0.0,0.166666666666667,0.0,0.0,0.0,0.500000000000001,0.0,0.666666666666668,0.0,0.0,0.0,0.166666666666667,0.0,0.0,0.0,0.166666666666667,0.0,0.0,0.0,0.0,0.0,0.0,0.0,0.166666666666667,0.0,0.166666666666667,0.166666666666667,0.333333333333334,0.0,0.333333333333334,0.0,0.166666666666667,0.0,0.0,0.0,0.166666666666667,0.0,0.0,0.0,0.333333333333334,0.166666666666667,0.0,0.0,1.0
O5,0.166666666666667,0.0,0.0,0.0,0.0,0.0,0.0,0.0,0.166666666666667,0.0,0.0,0.0,0.166666666666667,0.166666666666667,0.0,0.0,0.0,0.0,0.166666666666667,0.0,0.0,0.0,0.333333333333334,0.0,0.666666666666668,0.0,0.0,0.0,0.333333333333334,0.0,0.0,0.0,0.0,0.0,0.0,0.0,0.0,0.0,0.0,0.0,0.0,0.0,0.333333333333334,0.166666666666667,0.333333333333334,0.0,0.166666666666667,0.0,0.0,0.0,0.0,0.0,0.0,0.166666666666667,0.0,0.0,0.0,0.166666666666667,0.166666666666667,0.0,1.0
O6,0.0,0.14285714285714302,0.0,0.28571428571428603,0.0,0.14285714285714302,0.0,0.0,0.14285714285714302,0.0,0.0,0.0,0.0,0.14285714285714302,0.0,0.0,0.14285714285714302,0.0,0.0,0.0,0.0,0.0,0.14285714285714302,0.0,0.5714285714285721,0.0,0.0,0.0,0.14285714285714302,0.0,0.0,0.0,0.0,0.0,0.0,0.0,0.14285714285714302,0.28571428571428603,0.0,0.0,0.0,0.0,0.14285714285714302,0.14285714285714302,0.14285714285714302,0.0,0.0,0.0,0.0,0.0,0.0,0.0,0.14285714285714302,0.0,0.0,0.0,0.0,0.14285714285714302,0.0,0.0,1.0
O7,0.0,0.0,0.0,0.166666666666667,0.0,0.166666666666667,0.0,0.0,0.166666666666667,0.0,0.0,0.0,0.0,0.166666666666667,0.0,0.0,0.166666666666667,0.0,0.0,0.0,0.0,0.0,0.166666666666667,0.0,0.666666666666668,0.0,0.0,0.0,0.166666666666667,0.0,0.0,0.0,0.0,0.0,0.0,0.0,0.166666666666667,0.166666666666667,0.0,0.0,0.0,0.0,0.166666666666667,0.166666666666667,0.166666666666667,0.0,0.0,0.0,0.0,0.0,0.0,0.0,0.0,0.0,0.0,0.0,0.0,0.166666666666667,0.0,0.0,1.0
O8,0.0,0.0,0.0,0.14285714285714302,0.0,0.0,0.0,0.14285714285714302,0.0,0.0,0.0,0.0,0.0,0.0,0.0,0.0,0.0,0.0,0.0,0.0,0.0,0.0,0.14285714285714302,0.0,0.5714285714285721,0.0,0.0,0.14285714285714302,0.28571428571428603,0.0,0.0,0.0,0.0,0.0,0.0,0.14285714285714302,0.0,0.14285714285714302,0.0,0.0,0.0,0.0,0.28571428571428603,0.14285714285714302,0.28571428571428603,0.0,0.42857142857142894,0.0,0.0,0.0,0.0,0.0,0.0,0.28571428571428603,0.0,0.0,0.0,0.14285714285714302,0.0,0.0,1.0
O9,0.0,0.0,0.2,0.0,0.2,0.0,0.0,0.0,0.0,0.0,0.0,0.0,0.0,0.0,0.0,0.0,0.0,0.0,0.2,0.0,0.0,0.0,0.2,0.0,0.6,0.0,0.0,0.0,0.4,0.0,0.0,0.0,0.0,0.0,0.0,0.2,0.0,0.0,0.0,0.0,0.0,0.0,0.4,0.2,0.4,0.0,0.4,0.0,0.0,0.0,0.0,0.0,0.0,0.2,0.0,0.0,0.0,0.2,0.0,0.0,1.0
P1,0.0,0.0,0.0,0.5,0.0,0.0,0.25,0.0,0.0,0.0,0.0,0.0,0.0,0.0,0.0,0.0,0.0,0.0,0.25,0.0,0.0,0.0,0.25,0.0,0.25,0.0,0.0,0.0,0.25,0.0,0.0,0.0,0.0,0.0,0.0,0.0,0.0,0.25,0.0,0.0,0.25,0.0,0.25,0.0,0.25,0.0,0.0,0.0,0.25,0.0,0.0,0.0,0.0,0.0,0.0,0.0,0.0,0.25,0.0,0.0,1.0
P10,0.0,0.0,0.0,0.14285714285714302,0.0,0.0,0.0,0.14285714285714302,0.14285714285714302,0.0,0.0,0.0,0.14285714285714302,0.14285714285714302,0.0,0.0,0.0,0.0,0.14285714285714302,0.0,0.0,0.0,0.14285714285714302,0.0,0.714285714285715,0.0,0.0,0.0,0.14285714285714302,0.0,0.0,0.0,0.14285714285714302,0.0,0.0,0.0,0.0,0.0,0.0,0.0,0.14285714285714302,0.0,0.14285714285714302,0.14285714285714302,0.28571428571428603,0.0,0.0,0.0,0.14285714285714302,0.0,0.0,0.0,0.14285714285714302,0.0,0.0,0.0,0.0,0.14285714285714302,0.0,0.0,1.0
P2,0.0,0.25,0.0,0.5,0.0,0.25,0.0,0.0,0.0,0.0,0.0,0.0,0.0,0.0,0.0,0.0,0.0,0.0,0.25,0.0,0.0,0.0,0.25,0.0,0.25,0.0,0.0,0.0,0.25,0.0,0.0,0.0,0.0,0.0,0.0,0.0,0.0,0.25,0.0,0.0,0.25,0.0,0.25,0.0,0.25,0.0,0.0,0.0,0.25,0.0,0.0,0.0,0.0,0.0,0.0,0.0,0.0,0.25,0.0,0.0,1.0
P3,0.0,0.0,0.0,0.0,0.0,0.0,0.0,0.0,0.166666666666667,0.0,0.0,0.0,0.0,0.166666666666667,0.0,0.0,0.166666666666667,0.0,0.166666666666667,0.0,0.0,0.0,0.166666666666667,0.0,0.666666666666668,0.0,0.0,0.0,0.166666666666667,0.0,0.0,0.0,0.166666666666667,0.0,0.0,0.0,0.0,0.0,0.0,0.0,0.0,0.166666666666667,0.166666666666667,0.166666666666667,0.333333333333334,0.0,0.166666666666667,0.0,0.0,0.0,0.0,0.0,0.0,0.0,0.0,0.0,0.166666666666667,0.166666666666667,0.0,0.0,1.0
P4,0.0,0.0,0.0,0.28571428571428603,0.0,0.14285714285714302,0.0,0.0,0.14285714285714302,0.0,0.0,0.0,0.0,0.28571428571428603,0.0,0.0,0.14285714285714302,0.14285714285714302,0.0,0.0,0.0,0.0,0.14285714285714302,0.0,0.5714285714285721,0.0,0.0,0.0,0.14285714285714302,0.0,0.0,0.0,0.14285714285714302,0.0,0.0,0.0,0.0,0.28571428571428603,0.0,0.0,0.0,0.0,0.14285714285714302,0.14285714285714302,0.28571428571428603,0.0,0.0,0.0,0.0,0.0,0.0,0.0,0.0,0.0,0.0,0.0,0.0,0.14285714285714302,0.0,0.0,1.0
P5,0.0,0.0,0.0,0.2,0.0,0.0,0.0,0.0,0.2,0.0,0.0,0.0,0.0,0.0,0.0,0.0,0.0,0.0,0.0,0.0,0.0,0.0,0.2,0.0,0.6,0.0,0.0,0.0,0.2,0.0,0.0,0.0,0.0,0.0,0.0,0.2,0.0,0.0,0.0,0.0,0.2,0.0,0.2,0.2,0.2,0.0,0.4,0.0,0.0,0.0,0.0,0.0,0.0,0.2,0.0,0.0,0.0,0.4,0.0,0.0,1.0
P6,0.0,0.0,0.0,0.2,0.0,0.2,0.0,0.0,0.2,0.0,0.0,0.0,0.0,0.2,0.0,0.0,0.2,0.0,0.0,0.0,0.0,0.0,0.2,0.0,0.6,0.0,0.0,0.0,0.2,0.0,0.0,0.0,0.0,0.0,0.0,0.0,0.2,0.2,0.0,0.0,0.0,0.0,0.2,0.0,0.2,0.0,0.0,0.0,0.0,0.0,0.0,0.0,0.2,0.0,0.0,0.0,0.0,0.2,0.0,0.0,1.0
P7,0.0,0.0,0.0,0.0,0.0,0.0,0.0,0.0,0.0,0.0,0.0,0.0,0.0,0.0,0.0,0.0,0.0,0.0,0.166666666666667,0.0,0.0,0.0,0.0,0.0,0.500000000000001,0.0,0.0,0.0,0.166666666666667,0.0,0.0,0.0,0.0,0.0,0.0,0.0,0.0,0.0,0.0,0.166666666666667,0.0,0.166666666666667,0.333333333333334,0.166666666666667,0.333333333333334,0.0,0.0,0.0,0.0,0.0,0.0,0.166666666666667,0.333333333333334,0.0,0.0,0.166666666666667,0.0,0.0,0.0,0.0,1.0
P8,0.0,0.0,0.0,0.4,0.0,0.2,0.0,0.0,0.2,0.0,0.0,0.0,0.0,0.2,0.0,0.0,0.2,0.0,0.0,0.0,0.0,0.0,0.2,0.0,0.6,0.0,0.0,0.0,0.2,0.0,0.0,0.0,0.0,0.0,0.0,0.0,0.2,0.2,0.0,0.0,0.2,0.0,0.2,0.0,0.2,0.0,0.0,0.0,0.0,0.0,0.0,0.0,0.0,0.0,0.0,0.0,0.0,0.2,0.0,0.0,1.0
P9,0.166666666666667,0.0,0.0,0.166666666666667,0.0,0.0,0.0,0.0,0.0,0.0,0.0,0.0,0.0,0.333333333333334,0.0,0.166666666666667,0.0,0.0,0.166666666666667,0.0,0.0,0.0,0.333333333333334,0.0,0.500000000000001,0.0,0.0,0.0,0.166666666666667,0.0,0.166666666666667,0.0,0.0,0.0,0.0,0.0,0.0,0.0,0.0,0.0,0.166666666666667,0.0,0.166666666666667,0.166666666666667,0.166666666666667,0.0,0.0,0.0,0.0,0.0,0.0,0.0,0.166666666666667,0.0,0.166666666666667,0.0,0.0,0.333333333333334,0.0,0.0,1.0
