question-id,0,1,2,3,4,5,6,7,8,9,10,11,12,13,14,15,16,17,18,19,20,21,22,23,24,25,26,27,28,29,30,31,32,33,34,35,36,37,38,39,40,41,42,43,44,45,46,47,48,49,50,51,52,53,54,55,56
q1,0.0,0.0,0.0,0.0,0.0,0.0,0.0,0.25,0.25,0.0,0.0,0.0,0.0,0.25,0.0,0.0,0.0,0.0,0.0,0.0,0.0,0.0,0.25,0.0,0.5,0.0,0.0,0.0,0.0,0.25,0.0,0.0,0.0,0.0,0.0,0.0,0.0,0.25,0.0,0.0,0.0,0.0,0.0,0.0,0.0,0.0,0.0,0.0,0.25,0.0,0.0,0.0,0.0,0.0,0.25,0.0,1.0
q10,0.0,0.0,0.0,0.33333333333333304,0.33333333333333304,0.0,0.0,0.0,0.0,0.0,0.0,0.33333333333333304,0.0,0.33333333333333304,0.0,0.0,0.0,0.0,0.33333333333333304,0.0,0.0,0.0,0.33333333333333304,0.33333333333333304,0.0,0.0,0.0,0.0,0.0,0.0,0.0,0.0,0.0,0.0,0.0,0.0,0.0,0.0,0.33333333333333304,0.0,0.0,0.0,0.0,0.0,0.0,0.0,0.0,0.0,0.0,0.33333333333333304,0.0,0.0,0.0,0.0,0.33333333333333304,0.0,1.0
q100,0.0,0.0,0.0,0.6666666666666661,0.0,0.33333333333333304,0.33333333333333304,0.0,0.0,0.0,0.0,0.0,0.0,0.33333333333333304,0.0,0.0,0.0,0.0,0.33333333333333304,0.33333333333333304,0.0,0.0,0.33333333333333304,0.0,0.0,0.0,0.0,0.0,0.0,0.33333333333333304,0.0,0.0,0.0,0.0,0.0,0.0,0.33333333333333304,0.33333333333333304,0.33333333333333304,0.33333333333333304,0.0,0.0,0.0,0.0,0.0,0.0,0.33333333333333304,0.0,0.0,0.0,0.0,0.0,0.0,0.0,0.33333333333333304,0.0,1.0
q11,0.0,0.25,0.0,0.25,0.0,0.0,0.0,0.0,0.0,0.0,0.0,0.0,0.0,0.25,0.0,0.0,0.0,0.0,0.0,0.25,0.0,0.0,0.25,0.0,0.5,0.0,0.0,0.0,0.25,0.25,0.0,0.0,0.0,0.0,0.0,0.0,0.0,0.25,0.25,0.0,0.25,0.25,0.25,0.0,0.0,0.0,0.0,0.0,0.0,0.0,0.0,0.0,0.0,0.0,0.25,0.0,1.0
q12,0.0,0.33333333333333304,0.33333333333333304,0.0,0.0,0.0,0.0,0.0,0.0,0.0,0.0,0.0,0.0,0.6666666666666661,0.0,0.0,0.0,0.0,0.0,0.33333333333333304,0.0,0.0,0.33333333333333304,0.0,0.33333333333333304,0.0,0.0,0.0,0.0,0.33333333333333304,0.0,0.0,0.0,0.0,0.0,0.0,0.0,0.6666666666666661,0.0,0.0,0.0,0.0,0.0,0.0,0.33333333333333304,0.0,0.0,0.0,0.33333333333333304,0.0,0.0,0.33333333333333304,0.0,0.33333333333333304,0.33333333333333304,0.0,1.0
q13,0.0,0.25,0.0,0.5,0.0,0.0,0.0,0.0,0.25,0.0,0.0,0.0,0.0,0.0,0.0,0.0,0.0,0.0,0.0,0.0,0.0,0.0,0.25,0.0,0.5,0.0,0.0,0.0,0.0,0.0,0.0,0.0,0.0,0.0,0.0,0.0,0.0,0.0,0.5,0.0,0.0,0.25,0.0,0.0,0.0,0.0,0.0,0.0,0.0,0.0,0.0,0.0,0.0,0.0,0.25,0.0,1.0
q14,0.0,0.0,0.0,0.0,0.0,0.0,0.0,0.25,0.0,0.0,0.0,0.0,0.0,0.0,0.0,0.0,0.0,0.0,0.0,0.0,0.0,0.0,0.25,0.0,0.5,0.0,0.0,0.0,0.0,0.0,0.0,0.0,0.0,0.0,0.0,0.0,0.0,0.0,0.0,0.0,0.0,0.25,0.0,0.0,0.25,0.0,0.0,0.0,0.0,0.0,0.25,0.0,0.0,0.0,0.25,0.0,1.0
q15,0.0,0.0,0.0,0.0,0.0,0.0,0.0,0.0,0.33333333333333304,0.0,0.0,0.0,0.33333333333333304,0.33333333333333304,0.0,0.0,0.0,0.0,0.0,0.0,0.33333333333333304,0.0,0.33333333333333304,0.0,0.33333333333333304,0.0,0.0,0.0,0.0,0.0,0.0,0.0,0.0,0.0,0.0,0.0,0.0,0.0,0.0,0.0,0.0,0.0,0.0,0.0,0.33333333333333304,0.0,0.0,0.0,0.0,0.0,0.0,0.0,0.0,0.33333333333333304,0.33333333333333304,0.0,1.0
q16,0.0,0.0,0.0,0.4,0.0,0.0,0.0,0.0,0.0,0.0,0.0,0.0,0.0,0.0,0.0,0.0,0.0,0.0,0.0,0.0,0.0,0.0,0.0,0.0,0.2,0.0,0.0,0.0,0.0,0.0,0.0,0.0,0.2,0.0,0.2,0.0,0.0,0.0,0.4,0.0,0.0,0.2,0.0,0.0,0.2,0.0,0.0,0.0,0.0,0.0,0.0,0.0,0.0,0.0,0.0,0.0,1.0
q17,0.0,0.0,0.0,0.5,0.0,0.0,0.25,0.0,0.0,0.0,0.0,0.0,0.0,0.0,0.0,0.0,0.0,0.0,0.25,0.0,0.0,0.0,0.25,0.0,0.25,0.0,0.0,0.0,0.0,0.0,0.0,0.0,0.0,0.0,0.0,0.0,0.25,0.0,0.25,0.0,0.0,0.25,0.0,0.0,0.25,0.25,0.0,0.0,0.0,0.0,0.25,0.0,0.0,0.0,0.25,0.0,1.0
q18,0.0,0.0,0.0,0.25,0.0,0.0,0.25,0.0,0.0,0.0,0.0,0.0,0.0,0.25,0.0,0.0,0.25,0.0,0.25,0.0,0.0,0.0,0.0,0.25,0.5,0.0,0.0,0.0,0.0,0.0,0.0,0.25,0.0,0.0,0.0,0.0,0.25,0.0,0.0,0.0,0.0,0.25,0.25,0.0,0.0,0.0,0.25,0.0,0.0,0.25,0.0,0.0,0.0,0.0,0.0,0.0,1.0
q19,0.0,0.0,0.0,0.333333333333334,0.0,0.166666666666667,0.0,0.0,0.166666666666667,0.0,0.0,0.0,0.0,0.166666666666667,0.0,0.0,0.166666666666667,0.0,0.0,0.0,0.0,0.0,0.166666666666667,0.0,0.666666666666668,0.0,0.0,0.0,0.0,0.0,0.0,0.166666666666667,0.0,0.0,0.0,0.166666666666667,0.166666666666667,0.0,0.166666666666667,0.0,0.0,0.166666666666667,0.166666666666667,0.0,0.0,0.0,0.0,0.0,0.0,0.0,0.0,0.0,0.0,0.0,0.166666666666667,0.0,1.0
q2,0.0,0.0,0.0,0.33333333333333304,0.0,0.33333333333333304,0.0,0.33333333333333304,0.0,0.0,0.0,0.0,0.0,0.0,0.0,0.0,0.0,0.0,0.0,0.0,0.0,0.0,0.0,0.0,0.33333333333333304,0.0,0.0,0.0,0.0,0.0,0.0,0.0,0.0,0.0,0.0,0.0,0.33333333333333304,0.0,0.0,0.0,0.0,0.0,0.0,0.0,0.0,0.0,0.0,0.0,0.0,0.33333333333333304,0.0,0.0,0.0,0.0,0.0,0.0,1.0
q20,0.0,0.0,0.0,0.0,0.0,0.0,0.0,0.0,0.0,0.0,0.0,0.0,0.0,0.0,0.0,0.0,0.0,0.0,0.0,0.0,0.0,0.0,0.0,0.0,0.33333333333333304,0.0,0.0,0.0,0.33333333333333304,0.0,0.0,0.0,0.0,0.0,0.0,0.0,0.0,0.0,0.0,0.0,0.33333333333333304,0.0,0.33333333333333304,0.0,0.0,0.0,0.0,0.0,0.0,0.0,0.0,0.0,0.0,0.0,0.0,0.33333333333333304,1.0
q21,0.0,0.0,0.0,0.0,0.0,0.0,0.0,0.0,0.25,0.0,0.0,0.0,0.0,0.0,0.0,0.0,0.0,0.0,0.0,0.0,0.0,0.0,0.5,0.0,0.5,0.0,0.25,0.0,0.0,0.0,0.0,0.25,0.0,0.0,0.0,0.0,0.0,0.25,0.0,0.0,0.0,0.0,0.25,0.0,0.0,0.0,0.0,0.0,0.0,0.25,0.0,0.0,0.0,0.0,0.25,0.0,1.0
q22,0.2,0.2,0.0,0.0,0.0,0.0,0.0,0.0,0.0,0.0,0.0,0.2,0.0,0.6,0.0,0.0,0.2,0.0,0.2,0.0,0.0,0.0,0.0,0.0,0.4,0.0,0.0,0.0,0.0,0.4,0.0,0.2,0.0,0.0,0.0,0.0,0.0,0.2,0.0,0.0,0.0,0.2,0.2,0.0,0.2,0.0,0.0,0.0,0.2,0.0,0.2,0.0,0.0,0.0,0.0,0.2,1.0
q23,0.0,0.0,0.0,0.33333333333333304,0.0,0.0,0.0,0.0,0.0,0.0,0.0,0.0,0.0,0.0,0.0,0.0,0.0,0.0,0.33333333333333304,0.0,0.0,0.0,0.0,0.0,0.33333333333333304,0.0,0.0,0.0,0.0,0.0,0.0,0.0,0.0,0.0,0.0,0.0,0.0,0.0,0.33333333333333304,0.33333333333333304,0.0,0.33333333333333304,0.0,0.0,0.33333333333333304,0.0,0.0,0.0,0.0,0.33333333333333304,0.33333333333333304,0.0,0.0,0.0,0.0,0.0,1.0
q24,0.0,0.0,0.0,0.166666666666667,0.0,0.0,0.0,0.0,0.166666666666667,0.0,0.0,0.0,0.0,0.333333333333334,0.0,0.0,0.166666666666667,0.0,0.0,0.0,0.0,0.0,0.166666666666667,0.0,0.500000000000001,0.0,0.0,0.0,0.0,0.166666666666667,0.0,0.0,0.0,0.0,0.0,0.166666666666667,0.0,0.0,0.166666666666667,0.0,0.0,0.166666666666667,0.0,0.0,0.166666666666667,0.0,0.0,0.0,0.0,0.0,0.166666666666667,0.0,0.0,0.0,0.166666666666667,0.0,1.0
q25,0.166666666666667,0.0,0.0,0.0,0.0,0.0,0.0,0.166666666666667,0.166666666666667,0.0,0.0,0.0,0.0,0.0,0.0,0.0,0.0,0.0,0.166666666666667,0.0,0.166666666666667,0.0,0.166666666666667,0.0,0.666666666666668,0.0,0.0,0.0,0.0,0.0,0.0,0.166666666666667,0.0,0.0,0.0,0.0,0.0,0.0,0.0,0.0,0.0,0.166666666666667,0.166666666666667,0.0,0.0,0.0,0.0,0.0,0.0,0.0,0.0,0.0,0.0,0.0,0.166666666666667,0.0,1.0
q26,0.0,0.0,0.25,0.25,0.0,0.0,0.0,0.0,0.25,0.0,0.0,0.0,0.0,0.25,0.0,0.0,0.25,0.0,0.0,0.0,0.0,0.0,0.25,0.0,0.75,0.0,0.0,0.0,0.0,0.0,0.0,0.25,0.0,0.0,0.0,0.0,0.0,0.0,0.0,0.0,0.0,0.25,0.25,0.0,0.0,0.0,0.0,0.0,0.0,0.0,0.0,0.0,0.0,0.0,0.25,0.0,1.0
q27,0.0,0.166666666666667,0.0,0.166666666666667,0.0,0.0,0.0,0.166666666666667,0.166666666666667,0.0,0.0,0.0,0.0,0.166666666666667,0.166666666666667,0.0,0.0,0.0,0.0,0.0,0.0,0.0,0.166666666666667,0.0,0.500000000000001,0.0,0.0,0.0,0.0,0.0,0.0,0.0,0.166666666666667,0.0,0.0,0.0,0.0,0.0,0.166666666666667,0.0,0.0,0.166666666666667,0.0,0.166666666666667,0.166666666666667,0.0,0.0,0.0,0.0,0.0,0.0,0.166666666666667,0.0,0.166666666666667,0.166666666666667,0.0,1.0
q28,0.0,0.0,0.0,0.0,0.0,0.0,0.0,0.0,0.0,0.0,0.0,0.0,0.0,0.0,0.0,0.0,0.0,0.0,0.0,0.0,0.0,0.0,0.0,0.0,0.33333333333333304,0.0,0.0,0.0,0.33333333333333304,0.0,0.0,0.0,0.0,0.0,0.0,0.0,0.0,0.0,0.0,0.0,0.33333333333333304,0.0,0.33333333333333304,0.0,0.33333333333333304,0.0,0.0,0.0,0.0,0.0,0.0,0.0,0.0,0.33333333333333304,0.0,0.0,1.0
q29,0.0,0.0,0.0,0.0,0.0,0.0,0.0,0.25,0.25,0.0,0.0,0.0,0.0,0.25,0.0,0.0,0.0,0.0,0.0,0.0,0.0,0.0,0.5,0.0,0.5,0.0,0.0,0.0,0.0,0.0,0.0,0.0,0.0,0.0,0.0,0.25,0.0,0.0,0.0,0.0,0.0,0.0,0.0,0.25,0.0,0.0,0.0,0.0,0.0,0.25,0.0,0.25,0.0,0.0,0.25,0.0,1.0
q3,0.0,0.0,0.0,0.0,0.0,0.0,0.0,0.125,0.25,0.0,0.0,0.0,0.0,0.25,0.0,0.0,0.125,0.0,0.0,0.0,0.0,0.0,0.125,0.0,0.625,0.0,0.0,0.0,0.0,0.125,0.0,0.0,0.0,0.0,0.0,0.125,0.0,0.0,0.0,0.0,0.0,0.125,0.0,0.0,0.125,0.0,0.0,0.0,0.0,0.0,0.125,0.0,0.0,0.0,0.25,0.0,1.0
q30,0.0,0.0,0.0,0.5,0.0,0.0,0.0,0.0,0.0,0.0,0.0,0.0,0.0,0.0,0.0,0.0,0.0,0.0,0.0,0.0,0.0,0.0,0.5,0.0,0.5,0.0,0.0,0.0,0.5,0.0,0.0,0.0,0.0,0.0,0.0,0.0,0.5,0.0,0.0,0.0,0.5,0.0,0.5,0.0,0.0,0.0,0.0,0.0,0.0,0.0,0.0,0.0,0.0,0.0,0.5,0.0,1.0
q31,0.0,0.0,0.25,0.25,0.0,0.0,0.0,0.0,0.0,0.0,0.0,0.0,0.0,0.25,0.0,0.0,0.0,0.0,0.0,0.0,0.0,0.0,0.0,0.0,0.5,0.0,0.0,0.0,0.0,0.25,0.0,0.25,0.0,0.0,0.0,0.0,0.0,0.0,0.25,0.0,0.0,0.25,0.25,0.0,0.0,0.0,0.0,0.0,0.0,0.0,0.0,0.0,0.0,0.0,0.25,0.0,1.0
q32,0.0,0.0,0.25,0.0,0.0,0.0,0.0,0.0,0.0,0.0,0.0,0.0,0.0,0.25,0.0,0.0,0.25,0.0,0.25,0.0,0.0,0.0,0.25,0.0,0.75,0.0,0.0,0.0,0.0,0.0,0.0,0.25,0.0,0.0,0.0,0.0,0.0,0.0,0.0,0.0,0.0,0.25,0.25,0.0,0.5,0.25,0.0,0.0,0.0,0.0,0.5,0.0,0.0,0.25,0.25,0.0,1.0
q33,0.0,0.2,0.0,0.2,0.0,0.0,0.0,0.0,0.0,0.0,0.0,0.0,0.0,0.2,0.0,0.0,0.2,0.0,0.2,0.2,0.0,0.0,0.0,0.0,0.6,0.0,0.0,0.0,0.0,0.0,0.0,0.2,0.0,0.0,0.2,0.0,0.0,0.2,0.2,0.2,0.0,0.4,0.2,0.0,0.4,0.0,0.0,0.0,0.0,0.0,0.2,0.0,0.0,0.2,0.0,0.0,1.0
q34,0.0,0.0,0.0,0.14285714285714302,0.0,0.0,0.0,0.0,0.14285714285714302,0.0,0.0,0.0,0.0,0.14285714285714302,0.0,0.0,0.14285714285714302,0.0,0.0,0.0,0.14285714285714302,0.0,0.14285714285714302,0.0,0.42857142857142894,0.0,0.0,0.0,0.0,0.0,0.0,0.0,0.28571428571428603,0.0,0.14285714285714302,0.14285714285714302,0.0,0.0,0.14285714285714302,0.0,0.0,0.14285714285714302,0.0,0.0,0.14285714285714302,0.0,0.0,0.0,0.0,0.0,0.0,0.0,0.0,0.0,0.28571428571428603,0.0,1.0
q35,0.2,0.0,0.0,0.0,0.0,0.0,0.0,0.0,0.0,0.0,0.0,0.0,0.0,0.0,0.0,0.0,0.0,0.0,0.2,0.0,0.2,0.0,0.2,0.0,0.6,0.0,0.0,0.0,0.2,0.0,0.0,0.0,0.0,0.0,0.2,0.0,0.0,0.0,0.0,0.0,0.2,0.4,0.2,0.0,0.2,0.0,0.0,0.0,0.0,0.0,0.0,0.0,0.0,0.0,0.2,0.0,1.0
q36,0.0,0.0,0.0,0.2,0.0,0.0,0.0,0.0,0.0,0.0,0.0,0.2,0.0,0.4,0.0,0.0,0.0,0.0,0.0,0.2,0.0,0.0,0.4,0.0,0.2,0.0,0.0,0.0,0.0,0.2,0.0,0.0,0.0,0.0,0.0,0.0,0.0,0.2,0.2,0.0,0.0,0.2,0.0,0.0,0.2,0.0,0.0,0.0,0.0,0.2,0.2,0.0,0.0,0.0,0.4,0.0,1.0
q37,0.0,0.6666666666666661,0.0,0.0,0.0,0.0,0.0,0.0,0.0,0.0,0.0,0.0,0.0,0.33333333333333304,0.0,0.0,0.0,0.0,0.0,0.33333333333333304,0.0,0.0,0.33333333333333304,0.0,0.0,0.0,0.0,0.0,0.0,0.33333333333333304,0.0,0.0,0.0,0.0,0.0,0.0,0.0,0.6666666666666661,0.0,0.0,0.0,0.0,0.0,0.0,0.33333333333333304,0.0,0.0,0.0,0.33333333333333304,0.0,0.0,0.0,0.0,0.33333333333333304,0.33333333333333304,0.0,1.0
q38,0.0,0.0,0.0,0.33333333333333304,0.0,0.0,0.0,0.0,0.0,0.0,0.0,0.0,0.0,0.0,0.0,0.0,0.0,0.0,0.33333333333333304,0.0,0.0,0.0,0.0,0.0,0.6666666666666661,0.0,0.0,0.0,0.0,0.0,0.0,0.33333333333333304,0.0,0.0,0.0,0.0,0.33333333333333304,0.0,0.0,0.33333333333333304,0.0,0.33333333333333304,0.33333333333333304,0.0,0.33333333333333304,0.0,0.0,0.0,0.0,0.0,0.33333333333333304,0.0,0.0,0.0,0.0,0.0,1.0
q39,0.0,0.0,0.0,0.0,0.0,0.0,0.0,0.0,0.25,0.0,0.0,0.0,0.0,0.0,0.0,0.0,0.0,0.0,0.0,0.0,0.0,0.0,0.5,0.0,0.5,0.0,0.25,0.0,0.0,0.0,0.0,0.0,0.0,0.0,0.0,0.0,0.0,0.25,0.0,0.0,0.0,0.25,0.0,0.0,0.25,0.0,0.0,0.0,0.0,0.25,0.25,0.0,0.0,0.0,0.5,0.0,1.0
q4,0.0,0.0,0.0,0.0,0.0,0.0,0.0,0.0,0.25,0.0,0.0,0.0,0.0,0.25,0.25,0.0,0.25,0.0,0.0,0.0,0.0,0.0,0.25,0.0,0.75,0.0,0.0,0.0,0.0,0.0,0.0,0.0,0.25,0.0,0.0,0.25,0.0,0.0,0.0,0.0,0.0,0.25,0.0,0.0,0.0,0.0,0.0,0.0,0.0,0.0,0.0,0.0,0.0,0.0,0.25,0.0,1.0
q40,0.0,0.25,0.0,0.5,0.0,0.0,0.25,0.25,0.0,0.0,0.0,0.0,0.0,0.0,0.25,0.0,0.0,0.0,0.25,0.0,0.0,0.0,0.0,0.0,0.5,0.0,0.0,0.0,0.0,0.0,0.0,0.0,0.0,0.0,0.0,0.0,0.5,0.0,0.0,0.0,0.0,0.25,0.0,0.0,0.0,0.0,0.25,0.0,0.0,0.0,0.0,0.0,0.0,0.0,0.0,0.0,1.0
q41,0.0,0.14285714285714302,0.0,0.0,0.14285714285714302,0.0,0.0,0.28571428571428603,0.0,0.0,0.0,0.0,0.0,0.0,0.14285714285714302,0.0,0.0,0.0,0.28571428571428603,0.0,0.0,0.0,0.14285714285714302,0.0,0.42857142857142894,0.0,0.0,0.0,0.0,0.0,0.0,0.0,0.0,0.0,0.14285714285714302,0.0,0.0,0.0,0.0,0.14285714285714302,0.0,0.14285714285714302,0.0,0.0,0.42857142857142894,0.0,0.0,0.0,0.0,0.14285714285714302,0.28571428571428603,0.0,0.0,0.0,0.14285714285714302,0.0,1.0
q42,0.14285714285714302,0.28571428571428603,0.0,0.14285714285714302,0.0,0.0,0.0,0.0,0.14285714285714302,0.0,0.0,0.0,0.0,0.42857142857142894,0.28571428571428603,0.0,0.28571428571428603,0.0,0.14285714285714302,0.0,0.0,0.0,0.28571428571428603,0.0,0.714285714285715,0.0,0.0,0.0,0.14285714285714302,0.14285714285714302,0.0,0.28571428571428603,0.0,0.0,0.0,0.0,0.0,0.0,0.14285714285714302,0.0,0.14285714285714302,0.14285714285714302,0.42857142857142894,0.0,0.0,0.14285714285714302,0.0,0.0,0.0,0.0,0.0,0.0,0.0,0.0,0.28571428571428603,0.0,1.0
q43,0.0,0.111111111111111,0.0,0.111111111111111,0.111111111111111,0.0,0.0,0.111111111111111,0.0,0.0,0.0,0.0,0.0,0.222222222222222,0.111111111111111,0.0,0.111111111111111,0.0,0.111111111111111,0.0,0.0,0.0,0.111111111111111,0.0,0.444444444444444,0.0,0.0,0.0,0.0,0.0,0.0,0.0,0.111111111111111,0.0,0.0,0.0,0.0,0.0,0.111111111111111,0.0,0.0,0.33333333333333304,0.0,0.111111111111111,0.111111111111111,0.0,0.0,0.0,0.0,0.33333333333333304,0.111111111111111,0.111111111111111,0.0,0.0,0.0,0.0,1.0
q44,0.0,0.14285714285714302,0.0,0.0,0.0,0.0,0.0,0.0,0.0,0.0,0.0,0.0,0.0,0.0,0.0,0.0,0.0,0.0,0.14285714285714302,0.0,0.0,0.0,0.14285714285714302,0.0,0.28571428571428603,0.0,0.0,0.0,0.0,0.0,0.0,0.0,0.0,0.0,0.0,0.0,0.0,0.0,0.0,0.14285714285714302,0.0,0.28571428571428603,0.0,0.0,0.0,0.0,0.0,0.0,0.0,0.0,0.0,0.0,0.0,0.0,0.14285714285714302,0.14285714285714302,1.0
q45,0.2,0.0,0.0,0.0,0.0,0.0,0.0,0.0,0.2,0.0,0.0,0.0,0.2,0.2,0.0,0.0,0.0,0.0,0.2,0.0,0.0,0.0,0.4,0.0,0.6,0.0,0.0,0.0,0.2,0.0,0.0,0.0,0.0,0.0,0.0,0.0,0.0,0.0,0.0,0.0,0.2,0.2,0.2,0.0,0.2,0.0,0.0,0.0,0.0,0.0,0.2,0.0,0.0,0.0,0.2,0.2,1.0
q46,0.0,0.2,0.0,0.2,0.0,0.0,0.0,0.0,0.2,0.0,0.0,0.0,0.0,0.2,0.2,0.2,0.0,0.0,0.0,0.0,0.0,0.0,0.2,0.0,0.6,0.0,0.0,0.0,0.0,0.2,0.0,0.0,0.0,0.0,0.0,0.0,0.0,0.0,0.2,0.0,0.2,0.2,0.2,0.0,0.0,0.0,0.0,0.0,0.0,0.4,0.0,0.0,0.2,0.0,0.4,0.0,1.0
q47,0.0,0.0,0.0,0.5,0.0,0.25,0.0,0.0,0.25,0.0,0.0,0.0,0.0,0.25,0.0,0.0,0.25,0.0,0.0,0.0,0.0,0.0,0.25,0.0,0.5,0.0,0.0,0.0,0.0,0.0,0.0,0.0,0.0,0.0,0.0,0.25,0.25,0.0,0.25,0.0,0.0,0.0,0.0,0.0,0.0,0.0,0.0,0.0,0.0,0.0,0.0,0.0,0.0,0.0,0.25,0.0,1.0
q48,0.0,0.0,0.0,0.0,0.0,0.0,0.0,0.111111111111111,0.111111111111111,0.111111111111111,0.111111111111111,0.0,0.0,0.0,0.0,0.0,0.0,0.0,0.0,0.111111111111111,0.0,0.0,0.111111111111111,0.0,0.555555555555555,0.0,0.0,0.0,0.111111111111111,0.0,0.0,0.0,0.0,0.0,0.111111111111111,0.111111111111111,0.0,0.111111111111111,0.0,0.0,0.111111111111111,0.222222222222222,0.111111111111111,0.0,0.33333333333333304,0.0,0.0,0.0,0.0,0.0,0.222222222222222,0.0,0.0,0.0,0.222222222222222,0.0,1.0
q49,0.0,0.0,0.0,0.0,0.0,0.0,0.0,0.2,0.0,0.0,0.0,0.0,0.0,0.2,0.0,0.0,0.2,0.0,0.0,0.0,0.0,0.0,0.2,0.0,0.6,0.0,0.0,0.0,0.0,0.0,0.0,0.2,0.0,0.0,0.0,0.0,0.0,0.0,0.0,0.0,0.0,0.2,0.2,0.0,0.4,0.0,0.0,0.0,0.0,0.0,0.4,0.0,0.0,0.0,0.2,0.0,1.0
q5,0.33333333333333304,0.0,0.0,0.33333333333333304,0.0,0.0,0.0,0.0,0.0,0.0,0.0,0.0,0.33333333333333304,0.33333333333333304,0.0,0.0,0.0,0.0,0.33333333333333304,0.0,0.0,0.0,0.0,0.0,0.0,0.0,0.0,0.0,0.0,0.0,0.0,0.0,0.0,0.0,0.0,0.0,0.0,0.0,0.33333333333333304,0.0,0.0,0.0,0.0,0.0,0.0,0.33333333333333304,0.0,0.0,0.0,0.0,0.0,0.0,0.0,0.0,0.0,0.6666666666666661,1.0
q50,0.0,0.0,0.0,1.0,0.0,0.0,0.5,0.0,0.0,0.0,0.0,0.0,0.0,0.0,0.0,0.0,0.0,0.0,0.0,0.0,0.0,0.0,0.0,0.0,0.0,0.0,0.0,0.0,0.0,0.0,0.0,0.0,0.0,0.0,0.0,0.0,0.5,0.0,0.5,0.0,0.0,0.0,0.0,0.0,0.0,0.0,0.0,0.0,0.0,0.0,0.0,0.0,0.0,0.0,0.0,0.0,1.0
q51,0.0,0.14285714285714302,0.0,0.0,0.0,0.0,0.0,0.0,0.0,0.0,0.0,0.0,0.0,0.0,0.0,0.0,0.0,0.0,0.14285714285714302,0.0,0.0,0.0,0.14285714285714302,0.0,0.28571428571428603,0.0,0.0,0.0,0.0,0.0,0.0,0.0,0.0,0.0,0.0,0.0,0.0,0.0,0.0,0.14285714285714302,0.0,0.28571428571428603,0.0,0.0,0.0,0.0,0.0,0.0,0.0,0.0,0.0,0.0,0.0,0.0,0.14285714285714302,0.14285714285714302,1.0
q52,0.0,0.0,0.0,0.5,0.0,0.5,0.0,0.0,0.0,0.0,0.0,0.0,0.0,0.5,0.0,0.0,0.5,0.0,0.0,0.0,0.0,0.0,0.0,0.0,0.5,0.0,0.0,0.0,0.0,0.0,0.0,0.5,0.0,0.0,0.0,0.0,0.5,0.0,0.0,0.0,0.0,0.0,0.5,0.0,0.0,0.0,0.0,0.0,0.0,0.5,0.0,0.0,0.0,0.0,0.0,0.0,1.0
q53,0.0,0.0,0.2,0.0,0.0,0.0,0.0,0.0,0.0,0.0,0.0,0.2,0.0,0.4,0.0,0.2,0.0,0.0,0.0,0.0,0.0,0.0,0.2,0.0,0.4,0.0,0.0,0.0,0.0,0.2,0.2,0.0,0.0,0.0,0.0,0.0,0.0,0.0,0.0,0.0,0.0,0.2,0.0,0.0,0.0,0.0,0.0,0.0,0.0,0.2,0.0,0.0,0.0,0.0,0.2,0.0,1.0
q54,0.0,0.0,0.0,0.166666666666667,0.0,0.0,0.0,0.0,0.166666666666667,0.0,0.0,0.0,0.0,0.333333333333334,0.0,0.0,0.166666666666667,0.0,0.0,0.0,0.0,0.0,0.166666666666667,0.0,0.500000000000001,0.0,0.0,0.0,0.0,0.0,0.0,0.0,0.0,0.0,0.0,0.166666666666667,0.0,0.0,0.166666666666667,0.0,0.0,0.166666666666667,0.0,0.0,0.166666666666667,0.0,0.0,0.0,0.0,0.166666666666667,0.166666666666667,0.166666666666667,0.0,0.0,0.166666666666667,0.0,1.0
q55,0.166666666666667,0.0,0.0,0.0,0.0,0.0,0.0,0.0,0.0,0.0,0.0,0.166666666666667,0.0,0.166666666666667,0.0,0.166666666666667,0.0,0.0,0.166666666666667,0.0,0.166666666666667,0.0,0.166666666666667,0.0,0.500000000000001,0.0,0.0,0.0,0.0,0.0,0.0,0.0,0.0,0.0,0.0,0.0,0.0,0.0,0.0,0.0,0.166666666666667,0.166666666666667,0.166666666666667,0.0,0.0,0.0,0.0,0.0,0.0,0.166666666666667,0.0,0.0,0.166666666666667,0.0,0.166666666666667,0.0,1.0
q56,0.0,0.0,0.0,0.25,0.0,0.0,0.0,0.0,0.0,0.0,0.0,0.0,0.0,0.0,0.0,0.0,0.0,0.0,0.25,0.0,0.0,0.0,0.5,0.0,0.25,0.0,0.25,0.0,0.0,0.0,0.25,0.25,0.0,0.0,0.0,0.0,0.0,0.25,0.25,0.0,0.0,0.0,0.25,0.0,0.0,0.0,0.25,0.0,0.0,0.75,0.0,0.0,0.0,0.0,0.25,0.0,1.0
q57,0.25,0.0,0.25,0.25,0.0,0.0,0.0,0.0,0.0,0.0,0.0,0.0,0.0,0.0,0.0,0.0,0.0,0.0,0.25,0.0,0.0,0.0,0.25,0.0,0.5,0.0,0.0,0.0,0.25,0.0,0.0,0.0,0.0,0.0,0.0,0.0,0.25,0.0,0.0,0.0,0.25,0.0,0.25,0.0,0.25,0.0,0.25,0.25,0.0,0.0,0.0,0.0,0.0,0.25,0.25,0.0,1.0
q58,0.0,0.0,0.0,0.0,0.0,0.0,0.0,0.0,0.0,0.0,0.0,0.0,0.0,0.0,0.0,0.0,0.0,0.0,0.0,0.0,0.0,0.0,0.33333333333333304,0.0,0.33333333333333304,0.0,0.0,0.0,0.0,0.0,0.0,0.33333333333333304,0.0,0.0,0.33333333333333304,0.0,0.0,0.0,0.0,0.0,0.0,0.0,0.33333333333333304,0.0,0.33333333333333304,0.0,0.0,0.0,0.0,0.0,0.0,0.0,0.0,0.0,0.33333333333333304,0.0,1.0
q59,0.0,0.0,0.0,0.0,0.0,0.0,0.0,0.0,0.14285714285714302,0.0,0.0,0.0,0.0,0.14285714285714302,0.14285714285714302,0.0,0.0,0.0,0.0,0.0,0.0,0.0,0.14285714285714302,0.0,0.714285714285715,0.0,0.0,0.0,0.14285714285714302,0.14285714285714302,0.0,0.0,0.0,0.0,0.0,0.14285714285714302,0.0,0.0,0.0,0.0,0.14285714285714302,0.42857142857142894,0.14285714285714302,0.0,0.0,0.0,0.0,0.0,0.0,0.0,0.0,0.0,0.0,0.0,0.14285714285714302,0.0,1.0
q6,0.0,0.0,0.0,0.166666666666667,0.0,0.0,0.0,0.0,0.166666666666667,0.0,0.0,0.166666666666667,0.0,0.500000000000001,0.0,0.0,0.166666666666667,0.0,0.166666666666667,0.0,0.0,0.0,0.333333333333334,0.0,0.500000000000001,0.0,0.0,0.0,0.0,0.166666666666667,0.0,0.333333333333334,0.0,0.0,0.0,0.0,0.0,0.0,0.166666666666667,0.0,0.0,0.0,0.333333333333334,0.0,0.0,0.166666666666667,0.0,0.0,0.0,0.0,0.0,0.0,0.0,0.0,0.333333333333334,0.0,1.0
q60,0.0,0.0,0.33333333333333304,0.33333333333333304,0.0,0.0,0.33333333333333304,0.0,0.0,0.0,0.0,0.0,0.0,0.0,0.0,0.0,0.0,0.0,0.0,0.0,0.0,0.0,0.33333333333333304,0.0,0.6666666666666661,0.0,0.0,0.0,0.0,0.0,0.0,0.33333333333333304,0.0,0.0,0.0,0.0,0.33333333333333304,0.0,0.0,0.0,0.0,0.33333333333333304,0.33333333333333304,0.0,0.0,0.0,0.0,0.0,0.0,0.0,0.0,0.0,0.0,0.0,0.33333333333333304,0.0,1.0
q61,0.0,0.25,0.0,0.25,0.0,0.0,0.0,0.0,0.0,0.0,0.0,0.0,0.0,0.25,0.0,0.0,0.0,0.0,0.0,0.0,0.0,0.0,0.0,0.0,0.0,0.0,0.25,0.0,0.0,0.25,0.0,0.0,0.0,0.0,0.0,0.0,0.0,0.25,0.25,0.0,0.0,0.0,0.0,0.0,0.25,0.0,0.0,0.0,0.0,0.25,0.0,0.0,0.0,0.25,0.0,0.0,1.0
q62,0.0,0.0,0.0,0.0,0.0,0.0,0.0,0.0,0.0,0.0,0.0,0.25,0.0,0.5,0.0,0.0,0.25,0.0,0.25,0.0,0.0,0.0,0.25,0.0,0.5,0.0,0.0,0.0,0.0,0.0,0.0,0.25,0.0,0.0,0.0,0.0,0.0,0.0,0.0,0.25,0.0,0.25,0.25,0.0,0.25,0.0,0.0,0.0,0.0,0.0,0.25,0.0,0.0,0.0,0.25,0.0,1.0
q63,0.0,0.0,0.0,0.166666666666667,0.166666666666667,0.0,0.0,0.33333333333333304,0.166666666666667,0.166666666666667,0.0,0.0,0.0,0.0,0.0,0.0,0.0,0.0,0.166666666666667,0.0,0.0,0.0,0.166666666666667,0.0,0.666666666666667,0.166666666666667,0.0,0.0,0.0,0.0,0.0,0.0,0.166666666666667,0.0,0.0,0.0,0.0,0.0,0.166666666666667,0.0,0.0,0.166666666666667,0.0,0.0,0.0,0.0,0.0,0.0,0.0,0.166666666666667,0.0,0.0,0.0,0.0,0.166666666666667,0.0,1.0
q64,0.0,0.0,0.0,0.2,0.0,0.0,0.0,0.0,0.2,0.0,0.0,0.0,0.0,0.4,0.0,0.0,0.0,0.0,0.2,0.0,0.0,0.0,0.2,0.0,0.2,0.0,0.0,0.0,0.0,0.4,0.0,0.0,0.0,0.0,0.0,0.0,0.2,0.0,0.0,0.0,0.0,0.0,0.0,0.0,0.0,0.0,0.2,0.0,0.0,0.0,0.0,0.0,0.0,0.0,0.2,0.0,1.0
q65,0.0,0.0,0.0,0.0,0.0,0.0,0.0,0.0,0.0,0.0,0.0,0.0,0.0,0.0,0.0,0.0,0.0,0.0,0.0,0.0,0.0,0.0,0.25,0.0,0.5,0.0,0.0,0.0,0.25,0.0,0.25,0.25,0.0,0.0,0.0,0.0,0.0,0.0,0.0,0.0,0.25,0.0,0.5,0.0,0.5,0.0,0.0,0.0,0.0,0.0,0.0,0.0,0.0,0.5,0.5,0.0,1.0
q66,0.0,0.0,0.0,0.5,0.0,0.0,0.0,0.0,0.0,0.0,0.0,0.0,0.0,0.5,0.0,0.0,0.5,0.0,0.5,0.0,0.0,0.0,0.0,0.0,0.5,0.0,0.0,0.0,0.0,0.0,0.0,0.5,0.0,0.0,0.0,0.0,0.0,0.0,0.5,0.5,0.0,0.0,0.5,0.0,0.0,0.0,0.0,0.0,0.0,0.0,0.0,0.0,0.0,0.0,0.0,0.0,1.0
q67,0.0,0.0,0.33333333333333304,0.33333333333333304,0.0,0.0,0.33333333333333304,0.0,0.0,0.0,0.0,0.0,0.0,0.0,0.0,0.0,0.0,0.0,0.33333333333333304,0.0,0.0,0.0,0.33333333333333304,0.0,0.33333333333333304,0.0,0.0,0.0,0.0,0.0,0.0,0.0,0.0,0.0,0.0,0.0,0.33333333333333304,0.0,0.0,0.0,0.0,0.0,0.0,0.0,0.33333333333333304,0.33333333333333304,0.0,0.0,0.0,0.0,0.0,0.0,0.0,0.33333333333333304,0.33333333333333304,0.0,1.0
q68,0.0,0.0,0.0,0.2,0.0,0.0,0.0,0.2,0.0,0.0,0.0,0.2,0.0,0.2,0.0,0.0,0.0,0.0,0.0,0.0,0.0,0.0,0.2,0.0,0.6,0.0,0.0,0.0,0.0,0.0,0.0,0.2,0.0,0.0,0.0,0.0,0.2,0.0,0.0,0.0,0.0,0.2,0.2,0.0,0.0,0.0,0.0,0.0,0.0,0.0,0.0,0.0,0.0,0.0,0.2,0.0,1.0
q69,0.0,0.166666666666667,0.0,0.166666666666667,0.0,0.0,0.0,0.0,0.0,0.0,0.0,0.0,0.0,0.333333333333334,0.0,0.0,0.166666666666667,0.0,0.333333333333334,0.0,0.0,0.0,0.166666666666667,0.0,0.500000000000001,0.0,0.0,0.0,0.0,0.166666666666667,0.0,0.333333333333334,0.0,0.0,0.166666666666667,0.0,0.166666666666667,0.0,0.0,0.0,0.0,0.166666666666667,0.333333333333334,0.0,0.166666666666667,0.166666666666667,0.166666666666667,0.0,0.0,0.0,0.0,0.0,0.0,0.0,0.166666666666667,0.0,1.0
q7,0.0,0.0,0.0,0.33333333333333304,0.0,0.0,0.33333333333333304,0.0,0.0,0.0,0.0,0.0,0.0,0.0,0.0,0.0,0.0,0.0,0.33333333333333304,0.0,0.0,0.0,0.0,0.0,0.0,0.0,0.0,0.0,0.0,0.0,0.0,0.0,0.0,0.0,0.0,0.0,0.33333333333333304,0.0,0.0,0.0,0.0,0.0,0.0,0.0,0.0,0.0,0.33333333333333304,0.0,0.0,0.33333333333333304,0.0,0.0,0.0,0.0,0.0,0.0,1.0
q70,0.0,0.25,0.0,0.25,0.0,0.0,0.0,0.0,0.25,0.0,0.0,0.0,0.0,0.0,0.0,0.0,0.0,0.0,0.0,0.0,0.0,0.0,0.5,0.0,0.25,0.0,0.0,0.0,0.0,0.0,0.0,0.0,0.0,0.0,0.25,0.0,0.0,0.0,0.0,0.0,0.0,0.0,0.0,0.0,0.5,0.0,0.0,0.0,0.0,0.0,0.0,0.0,0.0,0.25,0.5,0.0,1.0
q71,0.0,0.25,0.0,0.25,0.0,0.0,0.0,0.25,0.25,0.0,0.0,0.0,0.0,0.0,0.0,0.0,0.0,0.0,0.25,0.0,0.0,0.0,0.25,0.0,0.5,0.0,0.0,0.0,0.0,0.0,0.0,0.0,0.0,0.25,0.0,0.0,0.0,0.0,0.25,0.25,0.0,0.0,0.0,0.0,0.0,0.0,0.0,0.0,0.0,0.0,0.0,0.0,0.0,0.0,0.25,0.0,1.0
q72,0.14285714285714302,0.14285714285714302,0.0,0.14285714285714302,0.0,0.0,0.0,0.0,0.14285714285714302,0.0,0.0,0.0,0.0,0.0,0.0,0.0,0.0,0.0,0.14285714285714302,0.0,0.0,0.0,0.14285714285714302,0.0,0.5714285714285721,0.0,0.0,0.0,0.14285714285714302,0.0,0.0,0.0,0.0,0.0,0.0,0.0,0.0,0.0,0.0,0.0,0.14285714285714302,0.28571428571428603,0.14285714285714302,0.0,0.14285714285714302,0.14285714285714302,0.0,0.0,0.0,0.14285714285714302,0.14285714285714302,0.0,0.0,0.0,0.14285714285714302,0.0,1.0
q73,0.166666666666667,0.0,0.0,0.0,0.166666666666667,0.0,0.0,0.0,0.166666666666667,0.0,0.0,0.0,0.0,0.0,0.0,0.0,0.0,0.0,0.333333333333334,0.0,0.0,0.0,0.166666666666667,0.0,0.333333333333334,0.0,0.0,0.0,0.0,0.0,0.0,0.0,0.0,0.0,0.0,0.0,0.0,0.0,0.0,0.0,0.0,0.166666666666667,0.0,0.0,0.166666666666667,0.0,0.0,0.0,0.0,0.166666666666667,0.166666666666667,0.0,0.0,0.0,0.166666666666667,0.166666666666667,1.0
q74,0.0,0.0,0.0,0.0,0.0,0.0,0.0,0.0,0.25,0.0,0.0,0.0,0.0,0.25,0.25,0.0,0.25,0.0,0.0,0.0,0.0,0.0,0.25,0.0,0.75,0.0,0.0,0.0,0.0,0.0,0.0,0.0,0.25,0.0,0.0,0.25,0.0,0.0,0.0,0.0,0.0,0.25,0.0,0.0,0.0,0.0,0.0,0.0,0.0,0.0,0.0,0.0,0.0,0.0,0.25,0.0,1.0
q75,0.0,0.0,0.0,0.0,0.0,0.0,0.0,0.0,0.2,0.0,0.0,0.0,0.0,0.0,0.0,0.0,0.0,0.0,0.2,0.0,0.0,0.2,0.2,0.0,0.4,0.0,0.0,0.2,0.0,0.0,0.0,0.0,0.0,0.0,0.0,0.0,0.0,0.0,0.0,0.0,0.0,0.2,0.0,0.0,0.4,0.2,0.0,0.0,0.0,0.0,0.4,0.0,0.0,0.0,0.4,0.2,1.0
q76,0.0,0.0,0.0,0.0,0.25,0.0,0.0,0.0,0.0,0.0,0.0,0.0,0.0,0.5,0.0,0.0,0.25,0.0,0.25,0.25,0.0,0.0,0.0,0.25,0.5,0.0,0.0,0.0,0.0,0.25,0.0,0.25,0.0,0.0,0.0,0.0,0.0,0.25,0.0,0.0,0.0,0.25,0.25,0.0,0.0,0.0,0.0,0.0,0.0,0.25,0.0,0.0,0.0,0.0,0.0,0.0,1.0
q77,0.0,0.33333333333333304,0.0,0.33333333333333304,0.0,0.33333333333333304,0.0,0.0,0.0,0.0,0.0,0.0,0.0,0.0,0.0,0.0,0.0,0.0,0.33333333333333304,0.0,0.0,0.0,0.33333333333333304,0.0,0.0,0.0,0.0,0.0,0.0,0.0,0.0,0.0,0.0,0.0,0.0,0.0,0.33333333333333304,0.0,0.0,0.0,0.0,0.0,0.0,0.0,0.33333333333333304,0.33333333333333304,0.0,0.0,0.0,0.0,0.0,0.0,0.0,0.33333333333333304,0.33333333333333304,0.0,1.0
q78,0.0,0.0,0.0,0.0,0.0,0.0,0.0,0.0,0.25,0.0,0.0,0.0,0.0,0.0,0.0,0.0,0.0,0.0,0.0,0.0,0.0,0.0,0.5,0.0,0.75,0.0,0.0,0.0,0.0,0.0,0.0,0.25,0.0,0.0,0.0,0.25,0.0,0.25,0.0,0.0,0.0,0.25,0.25,0.0,0.0,0.0,0.0,0.0,0.25,0.0,0.0,0.0,0.0,0.0,0.5,0.0,1.0
q79,0.0,0.0,0.0,0.0,0.0,0.0,0.0,0.0,0.0,0.0,0.0,0.0,0.0,0.33333333333333304,0.0,0.0,0.33333333333333304,0.0,0.0,0.0,0.0,0.0,0.0,0.0,0.6666666666666661,0.0,0.0,0.0,0.0,0.0,0.0,0.33333333333333304,0.0,0.0,0.0,0.0,0.0,0.0,0.0,0.0,0.0,0.33333333333333304,0.33333333333333304,0.0,0.0,0.0,0.0,0.0,0.0,0.0,0.0,0.0,0.0,0.0,0.0,0.0,1.0
q8,0.0,0.0,0.0,0.0,0.0,0.0,0.0,0.166666666666667,0.0,0.0,0.0,0.0,0.0,0.166666666666667,0.0,0.0,0.0,0.166666666666667,0.166666666666667,0.0,0.0,0.166666666666667,0.333333333333334,0.0,0.333333333333334,0.0,0.0,0.0,0.0,0.0,0.0,0.0,0.0,0.0,0.166666666666667,0.0,0.0,0.0,0.0,0.0,0.0,0.166666666666667,0.0,0.0,0.333333333333334,0.166666666666667,0.0,0.0,0.0,0.0,0.0,0.0,0.0,0.166666666666667,0.666666666666668,0.0,1.0
q80,0.0,0.0,0.166666666666667,0.166666666666667,0.0,0.0,0.0,0.166666666666667,0.166666666666667,0.0,0.0,0.0,0.0,0.166666666666667,0.0,0.0,0.0,0.0,0.166666666666667,0.0,0.0,0.0,0.166666666666667,0.0,0.8333333333333349,0.0,0.0,0.0,0.0,0.0,0.0,0.0,0.0,0.0,0.166666666666667,0.0,0.166666666666667,0.0,0.0,0.166666666666667,0.0,0.333333333333334,0.0,0.0,0.666666666666668,0.0,0.0,0.0,0.0,0.0,0.333333333333334,0.166666666666667,0.0,0.166666666666667,0.166666666666667,0.0,1.0
q81,0.0,0.4,0.0,0.2,0.0,0.0,0.0,0.0,0.0,0.0,0.0,0.0,0.0,0.2,0.0,0.0,0.0,0.0,0.4,0.0,0.0,0.0,0.2,0.0,0.2,0.0,0.0,0.0,0.0,0.2,0.0,0.0,0.0,0.0,0.0,0.0,0.0,0.0,0.2,0.0,0.0,0.2,0.0,0.0,0.2,0.4,0.0,0.0,0.0,0.0,0.0,0.0,0.0,0.2,0.2,0.0,1.0
q82,0.0,0.0,0.0,0.0,0.0,0.0,0.0,0.25,0.25,0.25,0.25,0.0,0.0,0.0,0.0,0.0,0.0,0.0,0.0,0.25,0.0,0.0,0.25,0.0,0.5,0.0,0.0,0.0,0.0,0.0,0.0,0.0,0.0,0.0,0.0,0.0,0.0,0.5,0.0,0.0,0.0,0.0,0.0,0.0,0.0,0.0,0.0,0.0,0.0,0.0,0.0,0.0,0.0,0.0,0.25,0.0,1.0
q83,0.0,0.25,0.25,0.25,0.0,0.0,0.0,0.0,0.0,0.0,0.0,0.0,0.0,0.25,0.0,0.0,0.0,0.0,0.0,0.25,0.0,0.0,0.25,0.0,0.25,0.0,0.0,0.0,0.0,0.25,0.0,0.0,0.0,0.0,0.0,0.0,0.0,0.25,0.25,0.0,0.0,0.25,0.0,0.0,0.25,0.0,0.0,0.0,0.0,0.25,0.25,0.0,0.0,0.0,0.25,0.0,1.0
q84,0.0,0.0,0.1,0.1,0.0,0.0,0.0,0.0,0.0,0.0,0.0,0.0,0.0,0.1,0.0,0.0,0.0,0.0,0.0,0.0,0.0,0.0,0.3,0.0,0.3,0.0,0.0,0.0,0.0,0.1,0.0,0.1,0.1,0.2,0.1,0.0,0.0,0.0,0.1,0.0,0.0,0.1,0.1,0.1,0.1,0.0,0.0,0.0,0.0,0.0,0.0,0.0,0.0,0.0,0.3,0.1,1.0
q85,0.0,0.0,0.0,0.0,0.0,0.0,0.0,0.0,0.0,0.0,0.0,0.0,0.0,0.25,0.0,0.0,0.0,0.0,0.0,0.0,0.0,0.0,0.0,0.0,0.25,0.0,0.0,0.0,0.0,0.25,0.0,0.0,0.0,0.25,0.0,0.0,0.0,0.0,0.0,0.0,0.0,0.25,0.0,0.0,0.0,0.0,0.0,0.0,0.0,0.0,0.0,0.0,0.0,0.0,0.0,0.25,1.0
q86,0.0,0.0,0.0,0.166666666666667,0.0,0.0,0.0,0.166666666666667,0.166666666666667,0.0,0.0,0.0,0.166666666666667,0.166666666666667,0.0,0.0,0.0,0.0,0.166666666666667,0.0,0.0,0.0,0.166666666666667,0.0,0.666666666666668,0.0,0.0,0.0,0.0,0.0,0.0,0.166666666666667,0.0,0.0,0.0,0.0,0.0,0.0,0.166666666666667,0.0,0.0,0.166666666666667,0.166666666666667,0.0,0.0,0.166666666666667,0.0,0.0,0.0,0.166666666666667,0.0,0.0,0.0,0.0,0.166666666666667,0.0,1.0
q87,0.0,0.25,0.0,0.5,0.0,0.0,0.25,0.0,0.0,0.0,0.0,0.0,0.0,0.0,0.0,0.0,0.0,0.0,0.25,0.0,0.0,0.0,0.0,0.0,0.25,0.0,0.0,0.0,0.0,0.0,0.0,0.0,0.0,0.0,0.0,0.0,0.25,0.0,0.25,0.25,0.0,0.25,0.0,0.0,0.25,0.0,0.0,0.0,0.0,0.0,0.25,0.0,0.0,0.0,0.0,0.0,1.0
q88,0.125,0.125,0.0,0.125,0.0,0.0,0.0,0.0,0.0,0.0,0.0,0.0,0.0,0.125,0.0,0.0,0.0,0.0,0.5,0.0,0.0,0.0,0.375,0.0,0.5,0.0,0.0,0.0,0.0,0.125,0.0,0.125,0.0,0.0,0.0,0.0,0.125,0.0,0.0,0.125,0.0,0.375,0.125,0.0,0.125,0.125,0.125,0.0,0.0,0.0,0.125,0.0,0.0,0.0,0.25,0.125,1.0
q89,0.0,0.28571428571428603,0.14285714285714302,0.14285714285714302,0.0,0.0,0.0,0.0,0.14285714285714302,0.0,0.0,0.0,0.0,0.28571428571428603,0.14285714285714302,0.14285714285714302,0.0,0.14285714285714302,0.0,0.0,0.0,0.0,0.14285714285714302,0.0,0.5714285714285721,0.0,0.0,0.0,0.14285714285714302,0.0,0.0,0.0,0.0,0.0,0.0,0.0,0.14285714285714302,0.14285714285714302,0.0,0.0,0.14285714285714302,0.14285714285714302,0.14285714285714302,0.14285714285714302,0.0,0.0,0.0,0.14285714285714302,0.0,0.0,0.0,0.14285714285714302,0.0,0.0,0.28571428571428603,0.0,1.0
q9,0.0,0.0,0.0,0.25,0.0,0.0,0.0,0.0,0.0,0.0,0.0,0.0,0.0,0.25,0.0,0.0,0.25,0.0,0.0,0.0,0.0,0.0,0.0,0.0,0.5,0.0,0.0,0.0,0.0,0.0,0.0,0.25,0.0,0.0,0.0,0.0,0.25,0.0,0.0,0.0,0.0,0.25,0.25,0.25,0.0,0.0,0.0,0.0,0.0,0.0,0.0,0.0,0.0,0.0,0.0,0.0,1.0
q90,0.0,0.0,0.166666666666667,0.166666666666667,0.0,0.0,0.166666666666667,0.0,0.166666666666667,0.0,0.0,0.0,0.0,0.166666666666667,0.0,0.0,0.0,0.0,0.166666666666667,0.0,0.0,0.0,0.166666666666667,0.0,0.666666666666668,0.0,0.0,0.0,0.0,0.0,0.0,0.166666666666667,0.0,0.0,0.0,0.0,0.166666666666667,0.0,0.0,0.0,0.0,0.333333333333334,0.166666666666667,0.0,0.166666666666667,0.0,0.166666666666667,0.0,0.0,0.0,0.166666666666667,0.166666666666667,0.0,0.0,0.166666666666667,0.0,1.0
q91,0.166666666666667,0.0,0.0,0.166666666666667,0.0,0.0,0.0,0.166666666666667,0.0,0.0,0.0,0.0,0.0,0.166666666666667,0.0,0.0,0.0,0.0,0.166666666666667,0.0,0.0,0.0,0.166666666666667,0.0,0.500000000000001,0.0,0.0,0.0,0.0,0.166666666666667,0.0,0.0,0.166666666666667,0.0,0.0,0.0,0.0,0.0,0.166666666666667,0.0,0.0,0.333333333333334,0.0,0.0,0.166666666666667,0.0,0.0,0.0,0.0,0.0,0.166666666666667,0.0,0.0,0.0,0.166666666666667,0.0,1.0
q92,0.0,0.0,0.0,0.5,0.0,0.5,0.0,0.0,0.0,0.0,0.0,0.0,0.0,0.0,0.0,0.0,0.0,0.0,0.0,0.0,0.0,0.0,0.0,0.0,0.0,0.0,0.0,0.0,0.0,0.0,0.0,0.0,0.0,0.0,0.0,0.0,0.5,0.0,0.0,0.0,0.0,0.0,0.0,0.0,0.0,0.0,0.0,0.0,0.0,1.0,0.0,0.0,0.0,0.0,0.0,0.0,1.0
q93,0.0,0.0,0.0,0.0,0.5,0.0,0.0,0.0,0.0,0.0,0.0,0.0,0.0,0.0,0.0,0.0,0.0,0.0,0.5,0.0,0.0,0.0,0.5,0.0,0.0,0.0,0.0,0.0,0.0,0.0,0.0,0.0,0.0,0.0,0.0,0.0,0.0,0.0,0.0,0.0,0.0,0.0,0.0,0.0,0.5,0.0,0.0,0.0,0.0,0.5,0.0,0.0,0.0,0.5,0.5,0.0,1.0
q94,0.0,0.125,0.125,0.0,0.0,0.0,0.0,0.125,0.0,0.0,0.0,0.0,0.0,0.125,0.125,0.0,0.0,0.0,0.0,0.0,0.0,0.0,0.125,0.0,0.625,0.0,0.0,0.0,0.0,0.125,0.0,0.125,0.0,0.0,0.0,0.0,0.0,0.125,0.0,0.0,0.0,0.25,0.125,0.0,0.375,0.0,0.0,0.0,0.125,0.0,0.25,0.0,0.0,0.125,0.125,0.0,1.0
q95,0.25,0.0,0.0,0.0,0.0,0.0,0.0,0.0,0.0,0.0,0.0,0.0,0.0,0.0,0.0,0.0,0.0,0.0,0.25,0.0,0.25,0.0,0.25,0.0,0.5,0.0,0.0,0.0,0.25,0.0,0.0,0.0,0.0,0.0,0.25,0.0,0.0,0.0,0.0,0.0,0.25,0.25,0.25,0.0,0.5,0.0,0.0,0.0,0.0,0.0,0.25,0.0,0.0,0.0,0.25,0.0,1.0
q96,0.0,0.25,0.0,0.25,0.0,0.0,0.0,0.0,0.0,0.0,0.0,0.0,0.25,0.25,0.25,0.0,0.0,0.0,0.0,0.0,0.0,0.0,0.0,0.0,0.0,0.0,0.0,0.0,0.0,0.0,0.0,0.0,0.0,0.0,0.0,0.0,0.0,0.0,0.25,0.0,0.0,0.0,0.0,0.5,0.0,0.0,0.0,0.0,0.0,0.25,0.0,0.0,0.0,0.0,0.0,0.0,1.0
q97,0.0,0.0,0.2,0.2,0.0,0.0,0.0,0.0,0.2,0.0,0.0,0.0,0.0,0.0,0.0,0.0,0.0,0.0,0.0,0.0,0.0,0.0,0.2,0.0,0.8,0.0,0.0,0.0,0.2,0.0,0.0,0.0,0.0,0.0,0.0,0.0,0.0,0.0,0.2,0.0,0.2,0.2,0.2,0.0,0.0,0.0,0.0,0.0,0.0,0.0,0.0,0.0,0.0,0.0,0.2,0.0,1.0
q98,0.14285714285714302,0.0,0.14285714285714302,0.0,0.0,0.0,0.0,0.0,0.14285714285714302,0.0,0.0,0.0,0.0,0.0,0.0,0.0,0.0,0.0,0.28571428571428603,0.0,0.0,0.0,0.42857142857142894,0.0,0.5714285714285721,0.0,0.0,0.0,0.0,0.0,0.0,0.0,0.0,0.0,0.0,0.0,0.0,0.0,0.0,0.0,0.0,0.28571428571428603,0.0,0.0,0.0,0.14285714285714302,0.0,0.0,0.0,0.0,0.0,0.0,0.0,0.0,0.28571428571428603,0.14285714285714302,1.0
q99,0.0,0.166666666666667,0.0,0.0,0.0,0.0,0.0,0.0,0.166666666666667,0.0,0.0,0.0,0.0,0.166666666666667,0.0,0.0,0.0,0.0,0.166666666666667,0.166666666666667,0.0,0.0,0.500000000000001,0.0,0.5,0.0,0.0,0.0,0.0,0.166666666666667,0.0,0.0,0.0,0.0,0.0,0.0,0.0,0.166666666666667,0.0,0.0,0.0,0.33333333333333304,0.0,0.0,0.0,0.166666666666667,0.0,0.0,0.0,0.0,0.0,0.0,0.0,0.0,0.500000000000001,0.0,1.0
